/* GENERATED by python/gen_divfull.py from python/cft_golden/divfull.py.
 * Do not edit: `python python/gen_divfull.py` rewrites it and
 * `--check` (verify/run.sh, the generated stage) refuses drift.
 *
 * One image a format for the whole divide and one for the whole
 * square root - sequencer programs, BANK_EXT, two deposits a lane
 * (result, flag word) - and beside each the bank words that do not
 * depend on the rounding attribute (37 and 44 of them),
 * little-endian at the format's width, in index order. The library
 * appends the five mode words (RNE, RTZ, RDN, RUP, RMM: a 1 in the
 * caller's slot) and runs the image with cft_program_run_bank. The
 * image's own SHA-256 is a stable name for the schedule; the run's
 * digest covers the bank too. */
#ifndef CFT_DIVFULL_IMAGES_H
#define CFT_DIVFULL_IMAGES_H

#include <stddef.h>
#include <stdint.h>

#define CFT_DIVFULL_NCONSTS  42
#define CFT_DIVFULL_NFIXED   37
#define CFT_SQRTFULL_NCONSTS 49
#define CFT_SQRTFULL_NFIXED  44
#define CFT_DIVFULL_NMODES   5
#define CFT_DIVFULL_NDEPOSITS 2

typedef struct {
    const uint8_t *image;
    size_t image_bytes;
    const uint8_t *bank;         /* the fixed words */
    size_t n_consts, n_fixed;
} cft_divfull_entry;

/* the divide, fp32: 210 instructions, 1712 bytes */
static const uint8_t cft_divfull_image_fp32[1712] = {
    0x43, 0x46, 0x54, 0x50, 0x01, 0x00, 0x00, 0x00, 0xd2, 0x00, 0x00, 0x00,
    0x2a, 0x00, 0x00, 0x00, 0x02, 0x00, 0x00, 0x00, 0x00, 0x00, 0x00, 0x00,
    0x01, 0x00, 0x00, 0x00, 0x00, 0x00, 0x00, 0x00, 0x10, 0x03, 0x06, 0x10,
    0x00, 0x00, 0x00, 0x01, 0x10, 0x14, 0x06, 0x10, 0x00, 0x00, 0x00, 0x01,
    0x12, 0x3f, 0x04, 0x00, 0x00, 0x00, 0x00, 0x06, 0x16, 0xf2, 0x00, 0x50,
    0x00, 0x22, 0x00, 0x00, 0x10, 0x03, 0x03, 0x10, 0x00, 0x00, 0x00, 0x01,
    0x10, 0x04, 0x07, 0x10, 0x00, 0x00, 0x00, 0x01, 0x17, 0x45, 0x02, 0x10,
    0x00, 0x00, 0x00, 0x03, 0x17, 0x94, 0x03, 0x08, 0x00, 0x00, 0x00, 0x05,
    0x17, 0x33, 0x02, 0x10, 0x00, 0x00, 0x00, 0x03, 0x0b, 0x06, 0x54, 0x08,
    0x00, 0x00, 0x00, 0x0d, 0x0b, 0x47, 0x50, 0x10, 0x00, 0x00, 0x00, 0x0b,
    0x0b, 0x38, 0x50, 0x10, 0x00, 0x00, 0x00, 0x0b, 0x0b, 0x09, 0x53, 0x08,
    0x00, 0x00, 0x00, 0x0d, 0x10, 0x03, 0x08, 0x10, 0x00, 0x00, 0x00, 0x01,
    0x17, 0x33, 0x02, 0x10, 0x00, 0x00, 0x00, 0x03, 0x0b, 0x6a, 0x30, 0x10,
    0x00, 0x00, 0x00, 0x0b, 0x10, 0x13, 0x03, 0x10, 0x00, 0x00, 0x00, 0x01,
    0x10, 0x14, 0x07, 0x10, 0x00, 0x00, 0x00, 0x01, 0x17, 0x45, 0x02, 0x10,
    0x00, 0x00, 0x00, 0x03, 0x17, 0x94, 0x03, 0x08, 0x00, 0x00, 0x00, 0x05,
    0x17, 0x33, 0x02, 0x10, 0x00, 0x00, 0x00, 0x03, 0x0b, 0x0b, 0x54, 0x08,
    0x00, 0x00, 0x00, 0x0d, 0x0b, 0x4c, 0x50, 0x10, 0x00, 0x00, 0x00, 0x0b,
    0x0b, 0x3d, 0x50, 0x10, 0x00, 0x00, 0x00, 0x0b, 0x0b, 0x0e, 0x53, 0x08,
    0x00, 0x00, 0x00, 0x0d, 0x10, 0x13, 0x08, 0x10, 0x00, 0x00, 0x00, 0x01,
    0x17, 0x33, 0x02, 0x10, 0x00, 0x00, 0x00, 0x03, 0x0b, 0xbf, 0x30, 0x10,
    0x00, 0x00, 0x00, 0x0b, 0x0b, 0x16, 0x6b, 0x08, 0x00, 0x00, 0x00, 0x0d,
    0x0b, 0x1a, 0xaf, 0x08, 0x00, 0x00, 0x00, 0x0d, 0x11, 0xf1, 0x00, 0x10,
    0x00, 0x00, 0x00, 0x01, 0x10, 0x02, 0x00, 0x10, 0x00, 0x00, 0x00, 0x01,
    0x11, 0xfb, 0x0f, 0x10, 0x00, 0x00, 0x00, 0x01, 0x0b, 0xeb, 0x8b, 0x08,
    0x00, 0x00, 0x00, 0x0d, 0x0b, 0xb1, 0xd1, 0x00, 0x00, 0x00, 0x00, 0x0f,
    0x0b, 0x0f, 0x80, 0x58, 0x10, 0x11, 0x00, 0x09, 0x0b, 0xf2, 0xd2, 0x00,
    0x00, 0x00, 0x00, 0x0f, 0x0b, 0xf1, 0xc1, 0x00, 0x00, 0x00, 0x00, 0x0d,
    0x0b, 0x02, 0xc2, 0x08, 0x00, 0x00, 0x00, 0x0d, 0x11, 0xfb, 0x0f, 0x10,
    0x00, 0x00, 0x00, 0x01, 0x0b, 0xeb, 0xcb, 0x08, 0x00, 0x00, 0x00, 0x0d,
    0x0b, 0xb1, 0x71, 0x00, 0x00, 0x00, 0x00, 0x0f, 0x0b, 0x0f, 0xc0, 0x58,
    0x10, 0x00, 0x00, 0x09, 0x0b, 0xf2, 0x72, 0x00, 0x00, 0x00, 0x00, 0x0f,
    0x0b, 0xe1, 0x61, 0x08, 0x00, 0x00, 0x00, 0x0d, 0x0b, 0x0f, 0xa0, 0x58,
    0x10, 0x00, 0x00, 0x09, 0x0b, 0xf2, 0x62, 0x00, 0x00, 0x00, 0x00, 0x0f,
    0x0b, 0x10, 0xd8, 0x08, 0x00, 0x00, 0x00, 0x0d, 0x0b, 0x10, 0xc0, 0x08,
    0x00, 0x00, 0x00, 0x0d, 0x0b, 0x10, 0x70, 0x08, 0x00, 0x00, 0x00, 0x0d,
    0x0b, 0x10, 0x60, 0x08, 0x00, 0x00, 0x00, 0x0d, 0x03, 0x03, 0x0a, 0x10,
    0x00, 0x00, 0x00, 0x01, 0x0b, 0x33, 0x90, 0x00, 0x00, 0x00, 0x00, 0x0b,
    0x03, 0x14, 0x0a, 0x10, 0x00, 0x00, 0x00, 0x01, 0x0b, 0x44, 0xe1, 0x00,
    0x00, 0x00, 0x00, 0x0b, 0x0b, 0xb5, 0x90, 0x18, 0x00, 0x00, 0x00, 0x09,
    0x0b, 0xc6, 0xe0, 0x18, 0x00, 0x00, 0x00, 0x09, 0x13, 0x5e, 0x06, 0x00,
    0x00, 0x00, 0x00, 0x06, 0x10, 0x35, 0x03, 0x10, 0x00, 0x00, 0x00, 0x03,
    0x16, 0x55, 0x0d, 0x10, 0x00, 0x00, 0x00, 0x03, 0x10, 0x46, 0x03, 0x10,
    0x00, 0x00, 0x00, 0x03, 0x16, 0x66, 0x0d, 0x10, 0x00, 0x00, 0x00, 0x03,
    0x14, 0x55, 0x06, 0x00, 0x00, 0x00, 0x00, 0x07, 0x13, 0xee, 0x05, 0x00,
    0x00, 0x00, 0x00, 0x04, 0x10, 0x3c, 0x07, 0x10, 0x00, 0x00, 0x00, 0x02,
    0x11, 0xcc, 0x01, 0x10, 0x00, 0x00, 0x00, 0x00, 0x10, 0x4d, 0x07, 0x10,
    0x00, 0x00, 0x00, 0x02, 0x11, 0xdd, 0x01, 0x10, 0x00, 0x00, 0x00, 0x00,
    0x0b, 0x1c, 0x0c, 0x08, 0x00, 0x00, 0x00, 0x08, 0x0b, 0x1d, 0x0d, 0x08,
    0x00, 0x00, 0x00, 0x08, 0x1a, 0xd3, 0x00, 0x00, 0x00, 0x00, 0x00, 0x00,
    0x05, 0xd4, 0x00, 0x00, 0x00, 0x00, 0x00, 0x00, 0x00, 0x45, 0x13, 0x20,
    0x00, 0x00, 0x00, 0x00, 0x00, 0x33, 0x35, 0x00, 0x00, 0x00, 0x00, 0x00,
    0x00, 0x45, 0x13, 0x20, 0x00, 0x00, 0x00, 0x00, 0x00, 0x33, 0x35, 0x00,
    0x00, 0x00, 0x00, 0x00, 0x03, 0xc5, 0x03, 0x00, 0x00, 0x00, 0x00, 0x00,
    0x00, 0x46, 0xc5, 0x00, 0x00, 0x00, 0x00, 0x00, 0x00, 0x67, 0x53, 0x00,
    0x00, 0x00, 0x00, 0x00, 0x00, 0x46, 0xc7, 0x00, 0x00, 0x00, 0x00, 0x00,
    0x00, 0x67, 0x73, 0x01, 0x00, 0x00, 0x00, 0x00, 0x00, 0x46, 0xc7, 0x00,
    0x00, 0x00, 0x00, 0x00, 0x0c, 0x69, 0x00, 0x10, 0x00, 0x00, 0x00, 0x00,
    0x14, 0x7b, 0x02, 0x10, 0x00, 0x00, 0x00, 0x00, 0x0b, 0xb7, 0x97, 0x00,
    0x00, 0x00, 0x00, 0x00, 0x10, 0x78, 0x03, 0x10, 0x00, 0x00, 0x00, 0x00,
    0x14, 0x88, 0x04, 0x10, 0x00, 0x00, 0x00, 0x00, 0x00, 0x4a, 0x68, 0x00,
    0x00, 0x00, 0x00, 0x00, 0x0c, 0x0a, 0x0a, 0x08, 0x00, 0x00, 0x00, 0x00,
    0x02, 0x1b, 0x90, 0x08, 0x00, 0x00, 0x00, 0x00, 0x03, 0xaa, 0x0b, 0x00,
    0x00, 0x00, 0x00, 0x00, 0x13, 0x7b, 0x02, 0x10, 0x00, 0x00, 0x00, 0x00,
    0x0b, 0xb7, 0xa7, 0x00, 0x00, 0x00, 0x00, 0x00, 0x00, 0x46, 0xc7, 0x00,
    0x00, 0x00, 0x00, 0x00, 0x0c, 0x69, 0x00, 0x10, 0x00, 0x00, 0x00, 0x00,
    0x14, 0x7b, 0x02, 0x10, 0x00, 0x00, 0x00, 0x00, 0x0b, 0xb7, 0x97, 0x00,
    0x00, 0x00, 0x00, 0x00, 0x10, 0x78, 0x03, 0x10, 0x00, 0x00, 0x00, 0x00,
    0x14, 0x88, 0x04, 0x10, 0x00, 0x00, 0x00, 0x00, 0x00, 0x4a, 0x68, 0x00,
    0x00, 0x00, 0x00, 0x00, 0x0c, 0x0a, 0x0a, 0x08, 0x00, 0x00, 0x00, 0x00,
    0x02, 0x1b, 0x90, 0x08, 0x00, 0x00, 0x00, 0x00, 0x03, 0xaa, 0x0b, 0x00,
    0x00, 0x00, 0x00, 0x00, 0x13, 0x7b, 0x02, 0x10, 0x00, 0x00, 0x00, 0x00,
    0x0b, 0xb7, 0xa7, 0x00, 0x00, 0x00, 0x00, 0x00, 0x00, 0x46, 0xc7, 0x00,
    0x00, 0x00, 0x00, 0x00, 0x10, 0x78, 0x03, 0x10, 0x00, 0x00, 0x00, 0x00,
    0x14, 0x88, 0x05, 0x10, 0x00, 0x00, 0x00, 0x00, 0x00, 0x4a, 0x68, 0x00,
    0x00, 0x00, 0x00, 0x00, 0x10, 0x63, 0x00, 0x50, 0x00, 0x21, 0x00, 0x01,
    0x17, 0x33, 0x02, 0x10, 0x00, 0x00, 0x00, 0x03, 0x10, 0xa4, 0x00, 0x50,
    0x00, 0x21, 0x00, 0x01, 0x17, 0x44, 0x02, 0x10, 0x00, 0x00, 0x00, 0x03,
    0x16, 0xa5, 0x00, 0x50, 0x00, 0x22, 0x00, 0x01, 0x0b, 0x06, 0x52, 0x18,
    0x00, 0x00, 0x00, 0x09, 0x0b, 0x26, 0x46, 0x08, 0x00, 0x00, 0x00, 0x0d,
    0x0b, 0x06, 0x36, 0x08, 0x00, 0x00, 0x00, 0x0d, 0x0b, 0x07, 0x42, 0x18,
    0x00, 0x00, 0x00, 0x09, 0x0b, 0x07, 0x37, 0x08, 0x00, 0x00, 0x00, 0x0d,
    0x10, 0x78, 0x07, 0x10, 0x00, 0x00, 0x00, 0x01, 0x11, 0x88, 0x00, 0x50,
    0x00, 0x15, 0x00, 0x03, 0x15, 0x88, 0x00, 0x50, 0x00, 0x16, 0x00, 0x03,
    0x15, 0x69, 0x02, 0x10, 0x00, 0x00, 0x00, 0x03, 0x11, 0x88, 0x09, 0x00,
    0x00, 0x00, 0x00, 0x07, 0x11, 0x88, 0x07, 0x00, 0x00, 0x00, 0x00, 0x07,
    0x10, 0x79, 0x03, 0x10, 0x00, 0x00, 0x00, 0x01, 0x16, 0x99, 0x0d, 0x10,
    0x00, 0x00, 0x00, 0x03, 0x13, 0x99, 0x0e, 0x00, 0x00, 0x00, 0x00, 0x03,
    0x14, 0x99, 0x00, 0x50, 0x00, 0x17, 0x00, 0x03, 0x14, 0x0a, 0x09, 0x48,
    0x18, 0x00, 0x00, 0x05, 0x12, 0xab, 0x06, 0x10, 0x00, 0x00, 0x00, 0x03,
    0x17, 0x0c, 0x0b, 0x48, 0x1a, 0x00, 0x00, 0x05, 0x0b, 0xad, 0xc0, 0x50,
    0x00, 0x16, 0x00, 0x0b, 0x17, 0x0e, 0x0d, 0x48, 0x19, 0x00, 0x00, 0x05,
    0x0b, 0x0d, 0xed, 0x48, 0x19, 0x00, 0x00, 0x0d, 0x16, 0x8e, 0x0d, 0x00,
    0x00, 0x00, 0x00, 0x07, 0x15, 0x2f, 0x0d, 0x08, 0x00, 0x00, 0x00, 0x05,
    0x14, 0xff, 0x02, 0x10, 0x00, 0x00, 0x00, 0x03, 0x10, 0x83, 0x0f, 0x00,
    0x00, 0x00, 0x00, 0x06, 0x14, 0xd4, 0x02, 0x10, 0x00, 0x00, 0x00, 0x02,
    0x15, 0x24, 0x04, 0x08, 0x00, 0x00, 0x00, 0x00, 0x17, 0x35, 0x04, 0x00,
    0x00, 0x00, 0x00, 0x00, 0x0b, 0x05, 0x52, 0x18, 0x00, 0x00, 0x00, 0x00,
    0x14, 0x48, 0x02, 0x10, 0x00, 0x00, 0x00, 0x00, 0x10, 0x38, 0x08, 0x00,
    0x00, 0x00, 0x00, 0x00, 0x17, 0x08, 0x08, 0x08, 0x00, 0x00, 0x00, 0x00,
    0x0b, 0x28, 0x80, 0x18, 0x00, 0x00, 0x00, 0x00, 0x0b, 0x29, 0x58, 0x08,
    0x00, 0x00, 0x00, 0x00, 0x10, 0xeb, 0x02, 0x10, 0x00, 0x00, 0x00, 0x02,
    0x0b, 0x2c, 0x8b, 0x08, 0x00, 0x00, 0x00, 0x00, 0x0b, 0xcc, 0x50, 0x10,
    0x00, 0x00, 0x00, 0x00, 0x0b, 0x2d, 0x58, 0x08, 0x00, 0x00, 0x00, 0x00,
    0x0b, 0xd3, 0x20, 0x10, 0x00, 0x00, 0x00, 0x01, 0x0b, 0x0d, 0x2d, 0x08,
    0x00, 0x00, 0x00, 0x00, 0x0b, 0x54, 0x00, 0x70, 0x00, 0x00, 0x29, 0x01,
    0x0b, 0xd4, 0x04, 0x60, 0x00, 0x00, 0x28, 0x05, 0x0b, 0x34, 0x04, 0x60,
    0x00, 0x00, 0x27, 0x07, 0x0b, 0xc4, 0x04, 0x60, 0x00, 0x00, 0x25, 0x05,
    0x13, 0xe5, 0x04, 0x00, 0x00, 0x00, 0x00, 0x07, 0x13, 0x96, 0x00, 0x50,
    0x00, 0x1b, 0x00, 0x03, 0x13, 0x67, 0x00, 0x50, 0x00, 0x1c, 0x00, 0x03,
    0x15, 0x77, 0x0d, 0x10, 0x00, 0x00, 0x00, 0x03, 0x13, 0x77, 0x05, 0x00,
    0x00, 0x00, 0x00, 0x07, 0x14, 0x77, 0x00, 0x50, 0x00, 0x1e, 0x00, 0x03,
    0x11, 0x77, 0x0f, 0x00, 0x00, 0x00, 0x00, 0x03, 0x17, 0x5b, 0x00, 0x50,
    0x00, 0x1f, 0x00, 0x03, 0x0b, 0x0b, 0xb2, 0x18, 0x00, 0x00, 0x00, 0x09,
    0x13, 0x6b, 0x0b, 0x00, 0x00, 0x00, 0x00, 0x07, 0x12, 0xbb, 0x06, 0x10,
    0x00, 0x00, 0x00, 0x03, 0x17, 0x0b, 0x0b, 0x48, 0x20, 0x00, 0x00, 0x05,
    0x0b, 0x0d, 0x20, 0x58, 0x27, 0x28, 0x00, 0x01, 0x0b, 0x0d, 0x0d, 0x68,
    0x02, 0x00, 0x25, 0x05, 0x0b, 0x0d, 0x0d, 0x68, 0x02, 0x00, 0x29, 0x05,
    0x11, 0xfe, 0x0f, 0x10, 0x00, 0x00, 0x00, 0x01, 0x11, 0xff, 0x00, 0x50,
    0x00, 0x1d, 0x00, 0x01, 0x0b, 0xee, 0xdf, 0x00, 0x00, 0x00, 0x00, 0x0f,
    0x0b, 0xe7, 0xb7, 0x00, 0x00, 0x00, 0x00, 0x0f, 0x0b, 0x0f, 0x90, 0x58,
    0x12, 0x00, 0x00, 0x01, 0x0b, 0x0f, 0xbf, 0x48, 0x14, 0x00, 0x00, 0x0d,
    0x11, 0xf3, 0x05, 0x00, 0x00, 0x00, 0x00, 0x04, 0x16, 0x84, 0x00, 0x50,
    0x00, 0x16, 0x00, 0x02, 0x10, 0x85, 0x02, 0x10, 0x00, 0x00, 0x00, 0x02,
    0x16, 0x88, 0x02, 0x10, 0x00, 0x00, 0x00, 0x02, 0x10, 0x88, 0x02, 0x10,
    0x00, 0x00, 0x00, 0x00, 0x10, 0x4b, 0x02, 0x10, 0x00, 0x00, 0x00, 0x00,
    0x0b, 0x2c, 0x5b, 0x08, 0x00, 0x00, 0x00, 0x00, 0x0b, 0xcc, 0x80, 0x10,
    0x00, 0x00, 0x00, 0x00, 0x0b, 0x2d, 0x85, 0x08, 0x00, 0x00, 0x00, 0x00,
    0x0b, 0xd3, 0x20, 0x10, 0x00, 0x00, 0x00, 0x01, 0x0b, 0x0d, 0x2d, 0x08,
    0x00, 0x00, 0x00, 0x00, 0x0b, 0x8d, 0x00, 0x70, 0x00, 0x00, 0x29, 0x01,
    0x0b, 0xdd, 0x0d, 0x60, 0x00, 0x00, 0x28, 0x05, 0x0b, 0x3d, 0x0d, 0x60,
    0x00, 0x00, 0x27, 0x07, 0x0b, 0xcd, 0x0d, 0x60, 0x00, 0x00, 0x25, 0x05,
    0x13, 0x44, 0x0d, 0x00, 0x00, 0x00, 0x00, 0x04, 0x17, 0x44, 0x00, 0x50,
    0x00, 0x1f, 0x00, 0x00, 0x0b, 0x04, 0x42, 0x18, 0x00, 0x00, 0x00, 0x00,
    0x17, 0xa5, 0x00, 0x50, 0x00, 0x23, 0x00, 0x02, 0x17, 0xa8, 0x00, 0x50,
    0x00, 0x24, 0x00, 0x02, 0x0b, 0x05, 0x58, 0x08, 0x00, 0x00, 0x00, 0x00,
    0x0b, 0x45, 0x50, 0x10, 0x00, 0x00, 0x00, 0x00, 0x0b, 0x08, 0x50, 0x58,
    0x12, 0x13, 0x00, 0x00, 0x0b, 0x88, 0x90, 0x10, 0x00, 0x00, 0x00, 0x00,
    0x0b, 0x33, 0xc7, 0x00, 0x00, 0x00, 0x00, 0x0c, 0x0b, 0x88, 0xcf, 0x00,
    0x00, 0x00, 0x00, 0x0c, 0x0b, 0x13, 0x03, 0x00, 0x00, 0x00, 0x00, 0x0a,
    0x0b, 0x28, 0x08, 0x00, 0x00, 0x00, 0x00, 0x0a, 0x03, 0x30, 0x00, 0x80,
    0x00, 0x00, 0x00, 0x00, 0x03, 0x80, 0x00, 0x80, 0x00, 0x00, 0x00, 0x00,
    0x00, 0x00, 0x00, 0x80, 0x00, 0x00, 0x00, 0x00,
};
static const uint8_t cft_divfull_bank_fp32[148] = {
    0x00, 0x00, 0x00, 0x00, 0x00, 0x00, 0x80, 0x3f, 0x01, 0x00, 0x00, 0x00,
    0x00, 0x00, 0x80, 0x7f, 0x00, 0x00, 0x80, 0x0b, 0x00, 0x00, 0x00, 0x0c,
    0x00, 0x00, 0x00, 0x80, 0xff, 0xff, 0x7f, 0x00, 0x00, 0x00, 0x40, 0x00,
    0xff, 0xff, 0x7f, 0x7f, 0x00, 0x00, 0x80, 0x4b, 0xe8, 0xff, 0xff, 0xff,
    0x18, 0x00, 0x00, 0x00, 0x17, 0x00, 0x00, 0x00, 0x00, 0x00, 0xc0, 0x7f,
    0x00, 0x00, 0x80, 0x7f, 0x01, 0x00, 0x00, 0x00, 0x02, 0x00, 0x00, 0x00,
    0x10, 0x00, 0x00, 0x00, 0x18, 0x00, 0x00, 0x00, 0x14, 0x00, 0x00, 0x00,
    0x00, 0x00, 0x80, 0x00, 0x02, 0x00, 0x00, 0x00, 0x98, 0x00, 0x00, 0x00,
    0x6b, 0xff, 0xff, 0xff, 0x1b, 0x00, 0x00, 0x00, 0x02, 0x00, 0x00, 0x80,
    0x19, 0x00, 0x00, 0x00, 0x7f, 0x00, 0x00, 0x00, 0xff, 0xff, 0x7f, 0x7f,
    0x00, 0x00, 0x80, 0x00, 0x00, 0x00, 0x00, 0x01, 0x7f, 0x00, 0x00, 0x80,
    0xff, 0xff, 0xff, 0x7f, 0x1f, 0x00, 0x00, 0x00, 0x03, 0x00, 0x00, 0x00,
    0x04, 0x00, 0x00, 0x00,
};

/* the divide, fp64: 212 instructions, 1728 bytes */
static const uint8_t cft_divfull_image_fp64[1728] = {
    0x43, 0x46, 0x54, 0x50, 0x01, 0x00, 0x00, 0x00, 0xd4, 0x00, 0x00, 0x00,
    0x2a, 0x00, 0x00, 0x00, 0x02, 0x00, 0x00, 0x00, 0x01, 0x00, 0x00, 0x00,
    0x01, 0x00, 0x00, 0x00, 0x00, 0x00, 0x00, 0x00, 0x10, 0x03, 0x06, 0x10,
    0x00, 0x00, 0x00, 0x01, 0x10, 0x14, 0x06, 0x10, 0x00, 0x00, 0x00, 0x01,
    0x12, 0x3f, 0x04, 0x00, 0x00, 0x00, 0x00, 0x06, 0x16, 0xf2, 0x00, 0x50,
    0x00, 0x22, 0x00, 0x00, 0x10, 0x03, 0x03, 0x10, 0x00, 0x00, 0x00, 0x01,
    0x10, 0x04, 0x07, 0x10, 0x00, 0x00, 0x00, 0x01, 0x17, 0x45, 0x02, 0x10,
    0x00, 0x00, 0x00, 0x03, 0x17, 0x94, 0x03, 0x08, 0x00, 0x00, 0x00, 0x05,
    0x17, 0x33, 0x02, 0x10, 0x00, 0x00, 0x00, 0x03, 0x0b, 0x06, 0x54, 0x08,
    0x00, 0x00, 0x00, 0x0d, 0x0b, 0x47, 0x50, 0x10, 0x00, 0x00, 0x00, 0x0b,
    0x0b, 0x38, 0x50, 0x10, 0x00, 0x00, 0x00, 0x0b, 0x0b, 0x09, 0x53, 0x08,
    0x00, 0x00, 0x00, 0x0d, 0x10, 0x03, 0x08, 0x10, 0x00, 0x00, 0x00, 0x01,
    0x17, 0x33, 0x02, 0x10, 0x00, 0x00, 0x00, 0x03, 0x0b, 0x6a, 0x30, 0x10,
    0x00, 0x00, 0x00, 0x0b, 0x10, 0x13, 0x03, 0x10, 0x00, 0x00, 0x00, 0x01,
    0x10, 0x14, 0x07, 0x10, 0x00, 0x00, 0x00, 0x01, 0x17, 0x45, 0x02, 0x10,
    0x00, 0x00, 0x00, 0x03, 0x17, 0x94, 0x03, 0x08, 0x00, 0x00, 0x00, 0x05,
    0x17, 0x33, 0x02, 0x10, 0x00, 0x00, 0x00, 0x03, 0x0b, 0x0b, 0x54, 0x08,
    0x00, 0x00, 0x00, 0x0d, 0x0b, 0x4c, 0x50, 0x10, 0x00, 0x00, 0x00, 0x0b,
    0x0b, 0x3d, 0x50, 0x10, 0x00, 0x00, 0x00, 0x0b, 0x0b, 0x0e, 0x53, 0x08,
    0x00, 0x00, 0x00, 0x0d, 0x10, 0x13, 0x08, 0x10, 0x00, 0x00, 0x00, 0x01,
    0x17, 0x33, 0x02, 0x10, 0x00, 0x00, 0x00, 0x03, 0x0b, 0xbf, 0x30, 0x10,
    0x00, 0x00, 0x00, 0x0b, 0x0b, 0x16, 0x6b, 0x08, 0x00, 0x00, 0x00, 0x0d,
    0x0b, 0x1a, 0xaf, 0x08, 0x00, 0x00, 0x00, 0x0d, 0x11, 0xf1, 0x00, 0x10,
    0x00, 0x00, 0x00, 0x01, 0x10, 0x02, 0x00, 0x10, 0x00, 0x00, 0x00, 0x01,
    0x11, 0xfb, 0x0f, 0x10, 0x00, 0x00, 0x00, 0x01, 0x0b, 0xeb, 0x8b, 0x08,
    0x00, 0x00, 0x00, 0x0d, 0x0b, 0xb1, 0xd1, 0x00, 0x00, 0x00, 0x00, 0x0f,
    0x0b, 0x0f, 0x80, 0x58, 0x10, 0x11, 0x00, 0x09, 0x0b, 0xf2, 0xd2, 0x00,
    0x00, 0x00, 0x00, 0x0f, 0x0b, 0xf1, 0xc1, 0x00, 0x00, 0x00, 0x00, 0x0d,
    0x0b, 0x02, 0xc2, 0x08, 0x00, 0x00, 0x00, 0x0d, 0x11, 0xfb, 0x0f, 0x10,
    0x00, 0x00, 0x00, 0x01, 0x0b, 0xeb, 0xcb, 0x08, 0x00, 0x00, 0x00, 0x0d,
    0x0b, 0xb1, 0x71, 0x00, 0x00, 0x00, 0x00, 0x0f, 0x0b, 0x0f, 0xc0, 0x58,
    0x10, 0x00, 0x00, 0x09, 0x0b, 0xf2, 0x72, 0x00, 0x00, 0x00, 0x00, 0x0f,
    0x0b, 0xe1, 0x61, 0x08, 0x00, 0x00, 0x00, 0x0d, 0x0b, 0x0f, 0xa0, 0x58,
    0x10, 0x00, 0x00, 0x09, 0x0b, 0xf2, 0x62, 0x00, 0x00, 0x00, 0x00, 0x0f,
    0x0b, 0x10, 0xd8, 0x08, 0x00, 0x00, 0x00, 0x0d, 0x0b, 0x10, 0xc0, 0x08,
    0x00, 0x00, 0x00, 0x0d, 0x0b, 0x10, 0x70, 0x08, 0x00, 0x00, 0x00, 0x0d,
    0x0b, 0x10, 0x60, 0x08, 0x00, 0x00, 0x00, 0x0d, 0x03, 0x03, 0x0a, 0x10,
    0x00, 0x00, 0x00, 0x01, 0x0b, 0x33, 0x90, 0x00, 0x00, 0x00, 0x00, 0x0b,
    0x03, 0x14, 0x0a, 0x10, 0x00, 0x00, 0x00, 0x01, 0x0b, 0x44, 0xe1, 0x00,
    0x00, 0x00, 0x00, 0x0b, 0x0b, 0xb5, 0x90, 0x18, 0x00, 0x00, 0x00, 0x09,
    0x0b, 0xc6, 0xe0, 0x18, 0x00, 0x00, 0x00, 0x09, 0x13, 0x5e, 0x06, 0x00,
    0x00, 0x00, 0x00, 0x06, 0x10, 0x35, 0x03, 0x10, 0x00, 0x00, 0x00, 0x03,
    0x16, 0x55, 0x0d, 0x10, 0x00, 0x00, 0x00, 0x03, 0x10, 0x46, 0x03, 0x10,
    0x00, 0x00, 0x00, 0x03, 0x16, 0x66, 0x0d, 0x10, 0x00, 0x00, 0x00, 0x03,
    0x14, 0x55, 0x06, 0x00, 0x00, 0x00, 0x00, 0x07, 0x13, 0xee, 0x05, 0x00,
    0x00, 0x00, 0x00, 0x04, 0x10, 0x3c, 0x07, 0x10, 0x00, 0x00, 0x00, 0x02,
    0x11, 0xcc, 0x01, 0x10, 0x00, 0x00, 0x00, 0x00, 0x10, 0x4d, 0x07, 0x10,
    0x00, 0x00, 0x00, 0x02, 0x11, 0xdd, 0x01, 0x10, 0x00, 0x00, 0x00, 0x00,
    0x0b, 0x1c, 0x0c, 0x08, 0x00, 0x00, 0x00, 0x08, 0x0b, 0x1d, 0x0d, 0x08,
    0x00, 0x00, 0x00, 0x08, 0x1a, 0xd3, 0x00, 0x00, 0x00, 0x00, 0x00, 0x00,
    0x05, 0xd4, 0x00, 0x00, 0x00, 0x00, 0x00, 0x00, 0x00, 0x45, 0x13, 0x20,
    0x00, 0x00, 0x00, 0x00, 0x00, 0x33, 0x35, 0x00, 0x00, 0x00, 0x00, 0x00,
    0x00, 0x45, 0x13, 0x20, 0x00, 0x00, 0x00, 0x00, 0x00, 0x33, 0x35, 0x00,
    0x00, 0x00, 0x00, 0x00, 0x00, 0x45, 0x13, 0x20, 0x00, 0x00, 0x00, 0x00,
    0x00, 0x33, 0x35, 0x00, 0x00, 0x00, 0x00, 0x00, 0x03, 0xc5, 0x03, 0x00,
    0x00, 0x00, 0x00, 0x00, 0x00, 0x46, 0xc5, 0x00, 0x00, 0x00, 0x00, 0x00,
    0x00, 0x67, 0x53, 0x00, 0x00, 0x00, 0x00, 0x00, 0x00, 0x46, 0xc7, 0x00,
    0x00, 0x00, 0x00, 0x00, 0x00, 0x67, 0x73, 0x01, 0x00, 0x00, 0x00, 0x00,
    0x00, 0x46, 0xc7, 0x00, 0x00, 0x00, 0x00, 0x00, 0x0c, 0x69, 0x00, 0x10,
    0x00, 0x00, 0x00, 0x00, 0x14, 0x7b, 0x02, 0x10, 0x00, 0x00, 0x00, 0x00,
    0x0b, 0xb7, 0x97, 0x00, 0x00, 0x00, 0x00, 0x00, 0x10, 0x78, 0x03, 0x10,
    0x00, 0x00, 0x00, 0x00, 0x14, 0x88, 0x04, 0x10, 0x00, 0x00, 0x00, 0x00,
    0x00, 0x4a, 0x68, 0x00, 0x00, 0x00, 0x00, 0x00, 0x0c, 0x0a, 0x0a, 0x08,
    0x00, 0x00, 0x00, 0x00, 0x02, 0x1b, 0x90, 0x08, 0x00, 0x00, 0x00, 0x00,
    0x03, 0xaa, 0x0b, 0x00, 0x00, 0x00, 0x00, 0x00, 0x13, 0x7b, 0x02, 0x10,
    0x00, 0x00, 0x00, 0x00, 0x0b, 0xb7, 0xa7, 0x00, 0x00, 0x00, 0x00, 0x00,
    0x00, 0x46, 0xc7, 0x00, 0x00, 0x00, 0x00, 0x00, 0x0c, 0x69, 0x00, 0x10,
    0x00, 0x00, 0x00, 0x00, 0x14, 0x7b, 0x02, 0x10, 0x00, 0x00, 0x00, 0x00,
    0x0b, 0xb7, 0x97, 0x00, 0x00, 0x00, 0x00, 0x00, 0x10, 0x78, 0x03, 0x10,
    0x00, 0x00, 0x00, 0x00, 0x14, 0x88, 0x04, 0x10, 0x00, 0x00, 0x00, 0x00,
    0x00, 0x4a, 0x68, 0x00, 0x00, 0x00, 0x00, 0x00, 0x0c, 0x0a, 0x0a, 0x08,
    0x00, 0x00, 0x00, 0x00, 0x02, 0x1b, 0x90, 0x08, 0x00, 0x00, 0x00, 0x00,
    0x03, 0xaa, 0x0b, 0x00, 0x00, 0x00, 0x00, 0x00, 0x13, 0x7b, 0x02, 0x10,
    0x00, 0x00, 0x00, 0x00, 0x0b, 0xb7, 0xa7, 0x00, 0x00, 0x00, 0x00, 0x00,
    0x00, 0x46, 0xc7, 0x00, 0x00, 0x00, 0x00, 0x00, 0x10, 0x78, 0x03, 0x10,
    0x00, 0x00, 0x00, 0x00, 0x14, 0x88, 0x05, 0x10, 0x00, 0x00, 0x00, 0x00,
    0x00, 0x4a, 0x68, 0x00, 0x00, 0x00, 0x00, 0x00, 0x10, 0x63, 0x00, 0x50,
    0x00, 0x21, 0x00, 0x01, 0x17, 0x33, 0x02, 0x10, 0x00, 0x00, 0x00, 0x03,
    0x10, 0xa4, 0x00, 0x50, 0x00, 0x21, 0x00, 0x01, 0x17, 0x44, 0x02, 0x10,
    0x00, 0x00, 0x00, 0x03, 0x16, 0xa5, 0x00, 0x50, 0x00, 0x22, 0x00, 0x01,
    0x0b, 0x06, 0x52, 0x18, 0x00, 0x00, 0x00, 0x09, 0x0b, 0x26, 0x46, 0x08,
    0x00, 0x00, 0x00, 0x0d, 0x0b, 0x06, 0x36, 0x08, 0x00, 0x00, 0x00, 0x0d,
    0x0b, 0x07, 0x42, 0x18, 0x00, 0x00, 0x00, 0x09, 0x0b, 0x07, 0x37, 0x08,
    0x00, 0x00, 0x00, 0x0d, 0x10, 0x78, 0x07, 0x10, 0x00, 0x00, 0x00, 0x01,
    0x11, 0x88, 0x00, 0x50, 0x00, 0x15, 0x00, 0x03, 0x15, 0x88, 0x00, 0x50,
    0x00, 0x16, 0x00, 0x03, 0x15, 0x69, 0x02, 0x10, 0x00, 0x00, 0x00, 0x03,
    0x11, 0x88, 0x09, 0x00, 0x00, 0x00, 0x00, 0x07, 0x11, 0x88, 0x07, 0x00,
    0x00, 0x00, 0x00, 0x07, 0x10, 0x79, 0x03, 0x10, 0x00, 0x00, 0x00, 0x01,
    0x16, 0x99, 0x0d, 0x10, 0x00, 0x00, 0x00, 0x03, 0x13, 0x99, 0x0e, 0x00,
    0x00, 0x00, 0x00, 0x03, 0x14, 0x99, 0x00, 0x50, 0x00, 0x17, 0x00, 0x03,
    0x14, 0x0a, 0x09, 0x48, 0x18, 0x00, 0x00, 0x05, 0x12, 0xab, 0x06, 0x10,
    0x00, 0x00, 0x00, 0x03, 0x17, 0x0c, 0x0b, 0x48, 0x1a, 0x00, 0x00, 0x05,
    0x0b, 0xad, 0xc0, 0x50, 0x00, 0x16, 0x00, 0x0b, 0x17, 0x0e, 0x0d, 0x48,
    0x19, 0x00, 0x00, 0x05, 0x0b, 0x0d, 0xed, 0x48, 0x19, 0x00, 0x00, 0x0d,
    0x16, 0x8e, 0x0d, 0x00, 0x00, 0x00, 0x00, 0x07, 0x15, 0x2f, 0x0d, 0x08,
    0x00, 0x00, 0x00, 0x05, 0x14, 0xff, 0x02, 0x10, 0x00, 0x00, 0x00, 0x03,
    0x10, 0x83, 0x0f, 0x00, 0x00, 0x00, 0x00, 0x06, 0x14, 0xd4, 0x02, 0x10,
    0x00, 0x00, 0x00, 0x02, 0x15, 0x24, 0x04, 0x08, 0x00, 0x00, 0x00, 0x00,
    0x17, 0x35, 0x04, 0x00, 0x00, 0x00, 0x00, 0x00, 0x0b, 0x05, 0x52, 0x18,
    0x00, 0x00, 0x00, 0x00, 0x14, 0x48, 0x02, 0x10, 0x00, 0x00, 0x00, 0x00,
    0x10, 0x38, 0x08, 0x00, 0x00, 0x00, 0x00, 0x00, 0x17, 0x08, 0x08, 0x08,
    0x00, 0x00, 0x00, 0x00, 0x0b, 0x28, 0x80, 0x18, 0x00, 0x00, 0x00, 0x00,
    0x0b, 0x29, 0x58, 0x08, 0x00, 0x00, 0x00, 0x00, 0x10, 0xeb, 0x02, 0x10,
    0x00, 0x00, 0x00, 0x02, 0x0b, 0x2c, 0x8b, 0x08, 0x00, 0x00, 0x00, 0x00,
    0x0b, 0xcc, 0x50, 0x10, 0x00, 0x00, 0x00, 0x00, 0x0b, 0x2d, 0x58, 0x08,
    0x00, 0x00, 0x00, 0x00, 0x0b, 0xd3, 0x20, 0x10, 0x00, 0x00, 0x00, 0x01,
    0x0b, 0x0d, 0x2d, 0x08, 0x00, 0x00, 0x00, 0x00, 0x0b, 0x54, 0x00, 0x70,
    0x00, 0x00, 0x29, 0x01, 0x0b, 0xd4, 0x04, 0x60, 0x00, 0x00, 0x28, 0x05,
    0x0b, 0x34, 0x04, 0x60, 0x00, 0x00, 0x27, 0x07, 0x0b, 0xc4, 0x04, 0x60,
    0x00, 0x00, 0x25, 0x05, 0x13, 0xe5, 0x04, 0x00, 0x00, 0x00, 0x00, 0x07,
    0x13, 0x96, 0x00, 0x50, 0x00, 0x1b, 0x00, 0x03, 0x13, 0x67, 0x00, 0x50,
    0x00, 0x1c, 0x00, 0x03, 0x15, 0x77, 0x0d, 0x10, 0x00, 0x00, 0x00, 0x03,
    0x13, 0x77, 0x05, 0x00, 0x00, 0x00, 0x00, 0x07, 0x14, 0x77, 0x00, 0x50,
    0x00, 0x1e, 0x00, 0x03, 0x11, 0x77, 0x0f, 0x00, 0x00, 0x00, 0x00, 0x03,
    0x17, 0x5b, 0x00, 0x50, 0x00, 0x1f, 0x00, 0x03, 0x0b, 0x0b, 0xb2, 0x18,
    0x00, 0x00, 0x00, 0x09, 0x13, 0x6b, 0x0b, 0x00, 0x00, 0x00, 0x00, 0x07,
    0x12, 0xbb, 0x06, 0x10, 0x00, 0x00, 0x00, 0x03, 0x17, 0x0b, 0x0b, 0x48,
    0x20, 0x00, 0x00, 0x05, 0x0b, 0x0d, 0x20, 0x58, 0x27, 0x28, 0x00, 0x01,
    0x0b, 0x0d, 0x0d, 0x68, 0x02, 0x00, 0x25, 0x05, 0x0b, 0x0d, 0x0d, 0x68,
    0x02, 0x00, 0x29, 0x05, 0x11, 0xfe, 0x0f, 0x10, 0x00, 0x00, 0x00, 0x01,
    0x11, 0xff, 0x00, 0x50, 0x00, 0x1d, 0x00, 0x01, 0x0b, 0xee, 0xdf, 0x00,
    0x00, 0x00, 0x00, 0x0f, 0x0b, 0xe7, 0xb7, 0x00, 0x00, 0x00, 0x00, 0x0f,
    0x0b, 0x0f, 0x90, 0x58, 0x12, 0x00, 0x00, 0x01, 0x0b, 0x0f, 0xbf, 0x48,
    0x14, 0x00, 0x00, 0x0d, 0x11, 0xf3, 0x05, 0x00, 0x00, 0x00, 0x00, 0x04,
    0x16, 0x84, 0x00, 0x50, 0x00, 0x16, 0x00, 0x02, 0x10, 0x85, 0x02, 0x10,
    0x00, 0x00, 0x00, 0x02, 0x16, 0x88, 0x02, 0x10, 0x00, 0x00, 0x00, 0x02,
    0x10, 0x88, 0x02, 0x10, 0x00, 0x00, 0x00, 0x00, 0x10, 0x4b, 0x02, 0x10,
    0x00, 0x00, 0x00, 0x00, 0x0b, 0x2c, 0x5b, 0x08, 0x00, 0x00, 0x00, 0x00,
    0x0b, 0xcc, 0x80, 0x10, 0x00, 0x00, 0x00, 0x00, 0x0b, 0x2d, 0x85, 0x08,
    0x00, 0x00, 0x00, 0x00, 0x0b, 0xd3, 0x20, 0x10, 0x00, 0x00, 0x00, 0x01,
    0x0b, 0x0d, 0x2d, 0x08, 0x00, 0x00, 0x00, 0x00, 0x0b, 0x8d, 0x00, 0x70,
    0x00, 0x00, 0x29, 0x01, 0x0b, 0xdd, 0x0d, 0x60, 0x00, 0x00, 0x28, 0x05,
    0x0b, 0x3d, 0x0d, 0x60, 0x00, 0x00, 0x27, 0x07, 0x0b, 0xcd, 0x0d, 0x60,
    0x00, 0x00, 0x25, 0x05, 0x13, 0x44, 0x0d, 0x00, 0x00, 0x00, 0x00, 0x04,
    0x17, 0x44, 0x00, 0x50, 0x00, 0x1f, 0x00, 0x00, 0x0b, 0x04, 0x42, 0x18,
    0x00, 0x00, 0x00, 0x00, 0x17, 0xa5, 0x00, 0x50, 0x00, 0x23, 0x00, 0x02,
    0x17, 0xa8, 0x00, 0x50, 0x00, 0x24, 0x00, 0x02, 0x0b, 0x05, 0x58, 0x08,
    0x00, 0x00, 0x00, 0x00, 0x0b, 0x45, 0x50, 0x10, 0x00, 0x00, 0x00, 0x00,
    0x0b, 0x08, 0x50, 0x58, 0x12, 0x13, 0x00, 0x00, 0x0b, 0x88, 0x90, 0x10,
    0x00, 0x00, 0x00, 0x00, 0x0b, 0x33, 0xc7, 0x00, 0x00, 0x00, 0x00, 0x0c,
    0x0b, 0x88, 0xcf, 0x00, 0x00, 0x00, 0x00, 0x0c, 0x0b, 0x13, 0x03, 0x00,
    0x00, 0x00, 0x00, 0x0a, 0x0b, 0x28, 0x08, 0x00, 0x00, 0x00, 0x00, 0x0a,
    0x03, 0x30, 0x00, 0x80, 0x00, 0x00, 0x00, 0x00, 0x03, 0x80, 0x00, 0x80,
    0x00, 0x00, 0x00, 0x00, 0x00, 0x00, 0x00, 0x80, 0x00, 0x00, 0x00, 0x00,
};
static const uint8_t cft_divfull_bank_fp64[296] = {
    0x00, 0x00, 0x00, 0x00, 0x00, 0x00, 0x00, 0x00, 0x00, 0x00, 0x00, 0x00,
    0x00, 0x00, 0xf0, 0x3f, 0x01, 0x00, 0x00, 0x00, 0x00, 0x00, 0x00, 0x00,
    0x00, 0x00, 0x00, 0x00, 0x00, 0x00, 0xf0, 0x7f, 0x00, 0x00, 0x00, 0x00,
    0x00, 0x00, 0x40, 0x03, 0x00, 0x00, 0x00, 0x00, 0x00, 0x00, 0x50, 0x03,
    0x00, 0x00, 0x00, 0x00, 0x00, 0x00, 0x00, 0x80, 0xff, 0xff, 0xff, 0xff,
    0xff, 0xff, 0x0f, 0x00, 0x00, 0x00, 0x00, 0x00, 0x00, 0x00, 0x08, 0x00,
    0xff, 0xff, 0xff, 0xff, 0xff, 0xff, 0xef, 0x7f, 0x00, 0x00, 0x00, 0x00,
    0x00, 0x00, 0x40, 0x43, 0xcb, 0xff, 0xff, 0xff, 0xff, 0xff, 0xff, 0xff,
    0x35, 0x00, 0x00, 0x00, 0x00, 0x00, 0x00, 0x00, 0x34, 0x00, 0x00, 0x00,
    0x00, 0x00, 0x00, 0x00, 0x00, 0x00, 0x00, 0x00, 0x00, 0x00, 0xf8, 0x7f,
    0x00, 0x00, 0x00, 0x00, 0x00, 0x00, 0xf0, 0x7f, 0x01, 0x00, 0x00, 0x00,
    0x00, 0x00, 0x00, 0x00, 0x02, 0x00, 0x00, 0x00, 0x00, 0x00, 0x00, 0x00,
    0x10, 0x00, 0x00, 0x00, 0x00, 0x00, 0x00, 0x00, 0x18, 0x00, 0x00, 0x00,
    0x00, 0x00, 0x00, 0x00, 0x14, 0x00, 0x00, 0x00, 0x00, 0x00, 0x00, 0x00,
    0x00, 0x00, 0x00, 0x00, 0x00, 0x00, 0x10, 0x00, 0x02, 0x00, 0x00, 0x00,
    0x00, 0x00, 0x00, 0x00, 0x35, 0x04, 0x00, 0x00, 0x00, 0x00, 0x00, 0x00,
    0xce, 0xfb, 0xff, 0xff, 0xff, 0xff, 0xff, 0xff, 0x38, 0x00, 0x00, 0x00,
    0x00, 0x00, 0x00, 0x00, 0x02, 0x00, 0x00, 0x00, 0x00, 0x00, 0x00, 0x80,
    0x36, 0x00, 0x00, 0x00, 0x00, 0x00, 0x00, 0x00, 0xff, 0x03, 0x00, 0x00,
    0x00, 0x00, 0x00, 0x00, 0xff, 0xff, 0xff, 0xff, 0xff, 0xff, 0xef, 0x7f,
    0x00, 0x00, 0x00, 0x00, 0x00, 0x00, 0x10, 0x00, 0x00, 0x00, 0x00, 0x00,
    0x00, 0x00, 0x20, 0x00, 0xff, 0x03, 0x00, 0x00, 0x00, 0x00, 0x00, 0x80,
    0xff, 0xff, 0xff, 0xff, 0xff, 0xff, 0xff, 0x7f, 0x3f, 0x00, 0x00, 0x00,
    0x00, 0x00, 0x00, 0x00, 0x03, 0x00, 0x00, 0x00, 0x00, 0x00, 0x00, 0x00,
    0x04, 0x00, 0x00, 0x00, 0x00, 0x00, 0x00, 0x00,
};

/* the divide, fp128: 214 instructions, 1744 bytes */
static const uint8_t cft_divfull_image_fp128[1744] = {
    0x43, 0x46, 0x54, 0x50, 0x01, 0x00, 0x00, 0x00, 0xd6, 0x00, 0x00, 0x00,
    0x2a, 0x00, 0x00, 0x00, 0x02, 0x00, 0x00, 0x00, 0x02, 0x00, 0x00, 0x00,
    0x01, 0x00, 0x00, 0x00, 0x00, 0x00, 0x00, 0x00, 0x10, 0x03, 0x06, 0x10,
    0x00, 0x00, 0x00, 0x01, 0x10, 0x14, 0x06, 0x10, 0x00, 0x00, 0x00, 0x01,
    0x12, 0x3f, 0x04, 0x00, 0x00, 0x00, 0x00, 0x06, 0x16, 0xf2, 0x00, 0x50,
    0x00, 0x22, 0x00, 0x00, 0x10, 0x03, 0x03, 0x10, 0x00, 0x00, 0x00, 0x01,
    0x10, 0x04, 0x07, 0x10, 0x00, 0x00, 0x00, 0x01, 0x17, 0x45, 0x02, 0x10,
    0x00, 0x00, 0x00, 0x03, 0x17, 0x94, 0x03, 0x08, 0x00, 0x00, 0x00, 0x05,
    0x17, 0x33, 0x02, 0x10, 0x00, 0x00, 0x00, 0x03, 0x0b, 0x06, 0x54, 0x08,
    0x00, 0x00, 0x00, 0x0d, 0x0b, 0x47, 0x50, 0x10, 0x00, 0x00, 0x00, 0x0b,
    0x0b, 0x38, 0x50, 0x10, 0x00, 0x00, 0x00, 0x0b, 0x0b, 0x09, 0x53, 0x08,
    0x00, 0x00, 0x00, 0x0d, 0x10, 0x03, 0x08, 0x10, 0x00, 0x00, 0x00, 0x01,
    0x17, 0x33, 0x02, 0x10, 0x00, 0x00, 0x00, 0x03, 0x0b, 0x6a, 0x30, 0x10,
    0x00, 0x00, 0x00, 0x0b, 0x10, 0x13, 0x03, 0x10, 0x00, 0x00, 0x00, 0x01,
    0x10, 0x14, 0x07, 0x10, 0x00, 0x00, 0x00, 0x01, 0x17, 0x45, 0x02, 0x10,
    0x00, 0x00, 0x00, 0x03, 0x17, 0x94, 0x03, 0x08, 0x00, 0x00, 0x00, 0x05,
    0x17, 0x33, 0x02, 0x10, 0x00, 0x00, 0x00, 0x03, 0x0b, 0x0b, 0x54, 0x08,
    0x00, 0x00, 0x00, 0x0d, 0x0b, 0x4c, 0x50, 0x10, 0x00, 0x00, 0x00, 0x0b,
    0x0b, 0x3d, 0x50, 0x10, 0x00, 0x00, 0x00, 0x0b, 0x0b, 0x0e, 0x53, 0x08,
    0x00, 0x00, 0x00, 0x0d, 0x10, 0x13, 0x08, 0x10, 0x00, 0x00, 0x00, 0x01,
    0x17, 0x33, 0x02, 0x10, 0x00, 0x00, 0x00, 0x03, 0x0b, 0xbf, 0x30, 0x10,
    0x00, 0x00, 0x00, 0x0b, 0x0b, 0x16, 0x6b, 0x08, 0x00, 0x00, 0x00, 0x0d,
    0x0b, 0x1a, 0xaf, 0x08, 0x00, 0x00, 0x00, 0x0d, 0x11, 0xf1, 0x00, 0x10,
    0x00, 0x00, 0x00, 0x01, 0x10, 0x02, 0x00, 0x10, 0x00, 0x00, 0x00, 0x01,
    0x11, 0xfb, 0x0f, 0x10, 0x00, 0x00, 0x00, 0x01, 0x0b, 0xeb, 0x8b, 0x08,
    0x00, 0x00, 0x00, 0x0d, 0x0b, 0xb1, 0xd1, 0x00, 0x00, 0x00, 0x00, 0x0f,
    0x0b, 0x0f, 0x80, 0x58, 0x10, 0x11, 0x00, 0x09, 0x0b, 0xf2, 0xd2, 0x00,
    0x00, 0x00, 0x00, 0x0f, 0x0b, 0xf1, 0xc1, 0x00, 0x00, 0x00, 0x00, 0x0d,
    0x0b, 0x02, 0xc2, 0x08, 0x00, 0x00, 0x00, 0x0d, 0x11, 0xfb, 0x0f, 0x10,
    0x00, 0x00, 0x00, 0x01, 0x0b, 0xeb, 0xcb, 0x08, 0x00, 0x00, 0x00, 0x0d,
    0x0b, 0xb1, 0x71, 0x00, 0x00, 0x00, 0x00, 0x0f, 0x0b, 0x0f, 0xc0, 0x58,
    0x10, 0x00, 0x00, 0x09, 0x0b, 0xf2, 0x72, 0x00, 0x00, 0x00, 0x00, 0x0f,
    0x0b, 0xe1, 0x61, 0x08, 0x00, 0x00, 0x00, 0x0d, 0x0b, 0x0f, 0xa0, 0x58,
    0x10, 0x00, 0x00, 0x09, 0x0b, 0xf2, 0x62, 0x00, 0x00, 0x00, 0x00, 0x0f,
    0x0b, 0x10, 0xd8, 0x08, 0x00, 0x00, 0x00, 0x0d, 0x0b, 0x10, 0xc0, 0x08,
    0x00, 0x00, 0x00, 0x0d, 0x0b, 0x10, 0x70, 0x08, 0x00, 0x00, 0x00, 0x0d,
    0x0b, 0x10, 0x60, 0x08, 0x00, 0x00, 0x00, 0x0d, 0x03, 0x03, 0x0a, 0x10,
    0x00, 0x00, 0x00, 0x01, 0x0b, 0x33, 0x90, 0x00, 0x00, 0x00, 0x00, 0x0b,
    0x03, 0x14, 0x0a, 0x10, 0x00, 0x00, 0x00, 0x01, 0x0b, 0x44, 0xe1, 0x00,
    0x00, 0x00, 0x00, 0x0b, 0x0b, 0xb5, 0x90, 0x18, 0x00, 0x00, 0x00, 0x09,
    0x0b, 0xc6, 0xe0, 0x18, 0x00, 0x00, 0x00, 0x09, 0x13, 0x5e, 0x06, 0x00,
    0x00, 0x00, 0x00, 0x06, 0x10, 0x35, 0x03, 0x10, 0x00, 0x00, 0x00, 0x03,
    0x16, 0x55, 0x0d, 0x10, 0x00, 0x00, 0x00, 0x03, 0x10, 0x46, 0x03, 0x10,
    0x00, 0x00, 0x00, 0x03, 0x16, 0x66, 0x0d, 0x10, 0x00, 0x00, 0x00, 0x03,
    0x14, 0x55, 0x06, 0x00, 0x00, 0x00, 0x00, 0x07, 0x13, 0xee, 0x05, 0x00,
    0x00, 0x00, 0x00, 0x04, 0x10, 0x3c, 0x07, 0x10, 0x00, 0x00, 0x00, 0x02,
    0x11, 0xcc, 0x01, 0x10, 0x00, 0x00, 0x00, 0x00, 0x10, 0x4d, 0x07, 0x10,
    0x00, 0x00, 0x00, 0x02, 0x11, 0xdd, 0x01, 0x10, 0x00, 0x00, 0x00, 0x00,
    0x0b, 0x1c, 0x0c, 0x08, 0x00, 0x00, 0x00, 0x08, 0x0b, 0x1d, 0x0d, 0x08,
    0x00, 0x00, 0x00, 0x08, 0x1a, 0xd3, 0x00, 0x00, 0x00, 0x00, 0x00, 0x00,
    0x05, 0xd4, 0x00, 0x00, 0x00, 0x00, 0x00, 0x00, 0x00, 0x45, 0x13, 0x20,
    0x00, 0x00, 0x00, 0x00, 0x00, 0x33, 0x35, 0x00, 0x00, 0x00, 0x00, 0x00,
    0x00, 0x45, 0x13, 0x20, 0x00, 0x00, 0x00, 0x00, 0x00, 0x33, 0x35, 0x00,
    0x00, 0x00, 0x00, 0x00, 0x00, 0x45, 0x13, 0x20, 0x00, 0x00, 0x00, 0x00,
    0x00, 0x33, 0x35, 0x00, 0x00, 0x00, 0x00, 0x00, 0x00, 0x45, 0x13, 0x20,
    0x00, 0x00, 0x00, 0x00, 0x00, 0x33, 0x35, 0x00, 0x00, 0x00, 0x00, 0x00,
    0x03, 0xc5, 0x03, 0x00, 0x00, 0x00, 0x00, 0x00, 0x00, 0x46, 0xc5, 0x00,
    0x00, 0x00, 0x00, 0x00, 0x00, 0x67, 0x53, 0x00, 0x00, 0x00, 0x00, 0x00,
    0x00, 0x46, 0xc7, 0x00, 0x00, 0x00, 0x00, 0x00, 0x00, 0x67, 0x73, 0x01,
    0x00, 0x00, 0x00, 0x00, 0x00, 0x46, 0xc7, 0x00, 0x00, 0x00, 0x00, 0x00,
    0x0c, 0x69, 0x00, 0x10, 0x00, 0x00, 0x00, 0x00, 0x14, 0x7b, 0x02, 0x10,
    0x00, 0x00, 0x00, 0x00, 0x0b, 0xb7, 0x97, 0x00, 0x00, 0x00, 0x00, 0x00,
    0x10, 0x78, 0x03, 0x10, 0x00, 0x00, 0x00, 0x00, 0x14, 0x88, 0x04, 0x10,
    0x00, 0x00, 0x00, 0x00, 0x00, 0x4a, 0x68, 0x00, 0x00, 0x00, 0x00, 0x00,
    0x0c, 0x0a, 0x0a, 0x08, 0x00, 0x00, 0x00, 0x00, 0x02, 0x1b, 0x90, 0x08,
    0x00, 0x00, 0x00, 0x00, 0x03, 0xaa, 0x0b, 0x00, 0x00, 0x00, 0x00, 0x00,
    0x13, 0x7b, 0x02, 0x10, 0x00, 0x00, 0x00, 0x00, 0x0b, 0xb7, 0xa7, 0x00,
    0x00, 0x00, 0x00, 0x00, 0x00, 0x46, 0xc7, 0x00, 0x00, 0x00, 0x00, 0x00,
    0x0c, 0x69, 0x00, 0x10, 0x00, 0x00, 0x00, 0x00, 0x14, 0x7b, 0x02, 0x10,
    0x00, 0x00, 0x00, 0x00, 0x0b, 0xb7, 0x97, 0x00, 0x00, 0x00, 0x00, 0x00,
    0x10, 0x78, 0x03, 0x10, 0x00, 0x00, 0x00, 0x00, 0x14, 0x88, 0x04, 0x10,
    0x00, 0x00, 0x00, 0x00, 0x00, 0x4a, 0x68, 0x00, 0x00, 0x00, 0x00, 0x00,
    0x0c, 0x0a, 0x0a, 0x08, 0x00, 0x00, 0x00, 0x00, 0x02, 0x1b, 0x90, 0x08,
    0x00, 0x00, 0x00, 0x00, 0x03, 0xaa, 0x0b, 0x00, 0x00, 0x00, 0x00, 0x00,
    0x13, 0x7b, 0x02, 0x10, 0x00, 0x00, 0x00, 0x00, 0x0b, 0xb7, 0xa7, 0x00,
    0x00, 0x00, 0x00, 0x00, 0x00, 0x46, 0xc7, 0x00, 0x00, 0x00, 0x00, 0x00,
    0x10, 0x78, 0x03, 0x10, 0x00, 0x00, 0x00, 0x00, 0x14, 0x88, 0x05, 0x10,
    0x00, 0x00, 0x00, 0x00, 0x00, 0x4a, 0x68, 0x00, 0x00, 0x00, 0x00, 0x00,
    0x10, 0x63, 0x00, 0x50, 0x00, 0x21, 0x00, 0x01, 0x17, 0x33, 0x02, 0x10,
    0x00, 0x00, 0x00, 0x03, 0x10, 0xa4, 0x00, 0x50, 0x00, 0x21, 0x00, 0x01,
    0x17, 0x44, 0x02, 0x10, 0x00, 0x00, 0x00, 0x03, 0x16, 0xa5, 0x00, 0x50,
    0x00, 0x22, 0x00, 0x01, 0x0b, 0x06, 0x52, 0x18, 0x00, 0x00, 0x00, 0x09,
    0x0b, 0x26, 0x46, 0x08, 0x00, 0x00, 0x00, 0x0d, 0x0b, 0x06, 0x36, 0x08,
    0x00, 0x00, 0x00, 0x0d, 0x0b, 0x07, 0x42, 0x18, 0x00, 0x00, 0x00, 0x09,
    0x0b, 0x07, 0x37, 0x08, 0x00, 0x00, 0x00, 0x0d, 0x10, 0x78, 0x07, 0x10,
    0x00, 0x00, 0x00, 0x01, 0x11, 0x88, 0x00, 0x50, 0x00, 0x15, 0x00, 0x03,
    0x15, 0x88, 0x00, 0x50, 0x00, 0x16, 0x00, 0x03, 0x15, 0x69, 0x02, 0x10,
    0x00, 0x00, 0x00, 0x03, 0x11, 0x88, 0x09, 0x00, 0x00, 0x00, 0x00, 0x07,
    0x11, 0x88, 0x07, 0x00, 0x00, 0x00, 0x00, 0x07, 0x10, 0x79, 0x03, 0x10,
    0x00, 0x00, 0x00, 0x01, 0x16, 0x99, 0x0d, 0x10, 0x00, 0x00, 0x00, 0x03,
    0x13, 0x99, 0x0e, 0x00, 0x00, 0x00, 0x00, 0x03, 0x14, 0x99, 0x00, 0x50,
    0x00, 0x17, 0x00, 0x03, 0x14, 0x0a, 0x09, 0x48, 0x18, 0x00, 0x00, 0x05,
    0x12, 0xab, 0x06, 0x10, 0x00, 0x00, 0x00, 0x03, 0x17, 0x0c, 0x0b, 0x48,
    0x1a, 0x00, 0x00, 0x05, 0x0b, 0xad, 0xc0, 0x50, 0x00, 0x16, 0x00, 0x0b,
    0x17, 0x0e, 0x0d, 0x48, 0x19, 0x00, 0x00, 0x05, 0x0b, 0x0d, 0xed, 0x48,
    0x19, 0x00, 0x00, 0x0d, 0x16, 0x8e, 0x0d, 0x00, 0x00, 0x00, 0x00, 0x07,
    0x15, 0x2f, 0x0d, 0x08, 0x00, 0x00, 0x00, 0x05, 0x14, 0xff, 0x02, 0x10,
    0x00, 0x00, 0x00, 0x03, 0x10, 0x83, 0x0f, 0x00, 0x00, 0x00, 0x00, 0x06,
    0x14, 0xd4, 0x02, 0x10, 0x00, 0x00, 0x00, 0x02, 0x15, 0x24, 0x04, 0x08,
    0x00, 0x00, 0x00, 0x00, 0x17, 0x35, 0x04, 0x00, 0x00, 0x00, 0x00, 0x00,
    0x0b, 0x05, 0x52, 0x18, 0x00, 0x00, 0x00, 0x00, 0x14, 0x48, 0x02, 0x10,
    0x00, 0x00, 0x00, 0x00, 0x10, 0x38, 0x08, 0x00, 0x00, 0x00, 0x00, 0x00,
    0x17, 0x08, 0x08, 0x08, 0x00, 0x00, 0x00, 0x00, 0x0b, 0x28, 0x80, 0x18,
    0x00, 0x00, 0x00, 0x00, 0x0b, 0x29, 0x58, 0x08, 0x00, 0x00, 0x00, 0x00,
    0x10, 0xeb, 0x02, 0x10, 0x00, 0x00, 0x00, 0x02, 0x0b, 0x2c, 0x8b, 0x08,
    0x00, 0x00, 0x00, 0x00, 0x0b, 0xcc, 0x50, 0x10, 0x00, 0x00, 0x00, 0x00,
    0x0b, 0x2d, 0x58, 0x08, 0x00, 0x00, 0x00, 0x00, 0x0b, 0xd3, 0x20, 0x10,
    0x00, 0x00, 0x00, 0x01, 0x0b, 0x0d, 0x2d, 0x08, 0x00, 0x00, 0x00, 0x00,
    0x0b, 0x54, 0x00, 0x70, 0x00, 0x00, 0x29, 0x01, 0x0b, 0xd4, 0x04, 0x60,
    0x00, 0x00, 0x28, 0x05, 0x0b, 0x34, 0x04, 0x60, 0x00, 0x00, 0x27, 0x07,
    0x0b, 0xc4, 0x04, 0x60, 0x00, 0x00, 0x25, 0x05, 0x13, 0xe5, 0x04, 0x00,
    0x00, 0x00, 0x00, 0x07, 0x13, 0x96, 0x00, 0x50, 0x00, 0x1b, 0x00, 0x03,
    0x13, 0x67, 0x00, 0x50, 0x00, 0x1c, 0x00, 0x03, 0x15, 0x77, 0x0d, 0x10,
    0x00, 0x00, 0x00, 0x03, 0x13, 0x77, 0x05, 0x00, 0x00, 0x00, 0x00, 0x07,
    0x14, 0x77, 0x00, 0x50, 0x00, 0x1e, 0x00, 0x03, 0x11, 0x77, 0x0f, 0x00,
    0x00, 0x00, 0x00, 0x03, 0x17, 0x5b, 0x00, 0x50, 0x00, 0x1f, 0x00, 0x03,
    0x0b, 0x0b, 0xb2, 0x18, 0x00, 0x00, 0x00, 0x09, 0x13, 0x6b, 0x0b, 0x00,
    0x00, 0x00, 0x00, 0x07, 0x12, 0xbb, 0x06, 0x10, 0x00, 0x00, 0x00, 0x03,
    0x17, 0x0b, 0x0b, 0x48, 0x20, 0x00, 0x00, 0x05, 0x0b, 0x0d, 0x20, 0x58,
    0x27, 0x28, 0x00, 0x01, 0x0b, 0x0d, 0x0d, 0x68, 0x02, 0x00, 0x25, 0x05,
    0x0b, 0x0d, 0x0d, 0x68, 0x02, 0x00, 0x29, 0x05, 0x11, 0xfe, 0x0f, 0x10,
    0x00, 0x00, 0x00, 0x01, 0x11, 0xff, 0x00, 0x50, 0x00, 0x1d, 0x00, 0x01,
    0x0b, 0xee, 0xdf, 0x00, 0x00, 0x00, 0x00, 0x0f, 0x0b, 0xe7, 0xb7, 0x00,
    0x00, 0x00, 0x00, 0x0f, 0x0b, 0x0f, 0x90, 0x58, 0x12, 0x00, 0x00, 0x01,
    0x0b, 0x0f, 0xbf, 0x48, 0x14, 0x00, 0x00, 0x0d, 0x11, 0xf3, 0x05, 0x00,
    0x00, 0x00, 0x00, 0x04, 0x16, 0x84, 0x00, 0x50, 0x00, 0x16, 0x00, 0x02,
    0x10, 0x85, 0x02, 0x10, 0x00, 0x00, 0x00, 0x02, 0x16, 0x88, 0x02, 0x10,
    0x00, 0x00, 0x00, 0x02, 0x10, 0x88, 0x02, 0x10, 0x00, 0x00, 0x00, 0x00,
    0x10, 0x4b, 0x02, 0x10, 0x00, 0x00, 0x00, 0x00, 0x0b, 0x2c, 0x5b, 0x08,
    0x00, 0x00, 0x00, 0x00, 0x0b, 0xcc, 0x80, 0x10, 0x00, 0x00, 0x00, 0x00,
    0x0b, 0x2d, 0x85, 0x08, 0x00, 0x00, 0x00, 0x00, 0x0b, 0xd3, 0x20, 0x10,
    0x00, 0x00, 0x00, 0x01, 0x0b, 0x0d, 0x2d, 0x08, 0x00, 0x00, 0x00, 0x00,
    0x0b, 0x8d, 0x00, 0x70, 0x00, 0x00, 0x29, 0x01, 0x0b, 0xdd, 0x0d, 0x60,
    0x00, 0x00, 0x28, 0x05, 0x0b, 0x3d, 0x0d, 0x60, 0x00, 0x00, 0x27, 0x07,
    0x0b, 0xcd, 0x0d, 0x60, 0x00, 0x00, 0x25, 0x05, 0x13, 0x44, 0x0d, 0x00,
    0x00, 0x00, 0x00, 0x04, 0x17, 0x44, 0x00, 0x50, 0x00, 0x1f, 0x00, 0x00,
    0x0b, 0x04, 0x42, 0x18, 0x00, 0x00, 0x00, 0x00, 0x17, 0xa5, 0x00, 0x50,
    0x00, 0x23, 0x00, 0x02, 0x17, 0xa8, 0x00, 0x50, 0x00, 0x24, 0x00, 0x02,
    0x0b, 0x05, 0x58, 0x08, 0x00, 0x00, 0x00, 0x00, 0x0b, 0x45, 0x50, 0x10,
    0x00, 0x00, 0x00, 0x00, 0x0b, 0x08, 0x50, 0x58, 0x12, 0x13, 0x00, 0x00,
    0x0b, 0x88, 0x90, 0x10, 0x00, 0x00, 0x00, 0x00, 0x0b, 0x33, 0xc7, 0x00,
    0x00, 0x00, 0x00, 0x0c, 0x0b, 0x88, 0xcf, 0x00, 0x00, 0x00, 0x00, 0x0c,
    0x0b, 0x13, 0x03, 0x00, 0x00, 0x00, 0x00, 0x0a, 0x0b, 0x28, 0x08, 0x00,
    0x00, 0x00, 0x00, 0x0a, 0x03, 0x30, 0x00, 0x80, 0x00, 0x00, 0x00, 0x00,
    0x03, 0x80, 0x00, 0x80, 0x00, 0x00, 0x00, 0x00, 0x00, 0x00, 0x00, 0x80,
    0x00, 0x00, 0x00, 0x00,
};
static const uint8_t cft_divfull_bank_fp128[592] = {
    0x00, 0x00, 0x00, 0x00, 0x00, 0x00, 0x00, 0x00, 0x00, 0x00, 0x00, 0x00,
    0x00, 0x00, 0x00, 0x00, 0x00, 0x00, 0x00, 0x00, 0x00, 0x00, 0x00, 0x00,
    0x00, 0x00, 0x00, 0x00, 0x00, 0x00, 0xff, 0x3f, 0x01, 0x00, 0x00, 0x00,
    0x00, 0x00, 0x00, 0x00, 0x00, 0x00, 0x00, 0x00, 0x00, 0x00, 0x00, 0x00,
    0x00, 0x00, 0x00, 0x00, 0x00, 0x00, 0x00, 0x00, 0x00, 0x00, 0x00, 0x00,
    0x00, 0x00, 0xff, 0x7f, 0x00, 0x00, 0x00, 0x00, 0x00, 0x00, 0x00, 0x00,
    0x00, 0x00, 0x00, 0x00, 0x00, 0x00, 0x70, 0x00, 0x00, 0x00, 0x00, 0x00,
    0x00, 0x00, 0x00, 0x00, 0x00, 0x00, 0x00, 0x00, 0x00, 0x00, 0x71, 0x00,
    0x00, 0x00, 0x00, 0x00, 0x00, 0x00, 0x00, 0x00, 0x00, 0x00, 0x00, 0x00,
    0x00, 0x00, 0x00, 0x80, 0xff, 0xff, 0xff, 0xff, 0xff, 0xff, 0xff, 0xff,
    0xff, 0xff, 0xff, 0xff, 0xff, 0xff, 0x00, 0x00, 0x00, 0x00, 0x00, 0x00,
    0x00, 0x00, 0x00, 0x00, 0x00, 0x00, 0x00, 0x00, 0x00, 0x80, 0x00, 0x00,
    0xff, 0xff, 0xff, 0xff, 0xff, 0xff, 0xff, 0xff, 0xff, 0xff, 0xff, 0xff,
    0xff, 0xff, 0xfe, 0x7f, 0x00, 0x00, 0x00, 0x00, 0x00, 0x00, 0x00, 0x00,
    0x00, 0x00, 0x00, 0x00, 0x00, 0x00, 0x70, 0x40, 0x8f, 0xff, 0xff, 0xff,
    0xff, 0xff, 0xff, 0xff, 0xff, 0xff, 0xff, 0xff, 0xff, 0xff, 0xff, 0xff,
    0x71, 0x00, 0x00, 0x00, 0x00, 0x00, 0x00, 0x00, 0x00, 0x00, 0x00, 0x00,
    0x00, 0x00, 0x00, 0x00, 0x70, 0x00, 0x00, 0x00, 0x00, 0x00, 0x00, 0x00,
    0x00, 0x00, 0x00, 0x00, 0x00, 0x00, 0x00, 0x00, 0x00, 0x00, 0x00, 0x00,
    0x00, 0x00, 0x00, 0x00, 0x00, 0x00, 0x00, 0x00, 0x00, 0x80, 0xff, 0x7f,
    0x00, 0x00, 0x00, 0x00, 0x00, 0x00, 0x00, 0x00, 0x00, 0x00, 0x00, 0x00,
    0x00, 0x00, 0xff, 0x7f, 0x01, 0x00, 0x00, 0x00, 0x00, 0x00, 0x00, 0x00,
    0x00, 0x00, 0x00, 0x00, 0x00, 0x00, 0x00, 0x00, 0x02, 0x00, 0x00, 0x00,
    0x00, 0x00, 0x00, 0x00, 0x00, 0x00, 0x00, 0x00, 0x00, 0x00, 0x00, 0x00,
    0x10, 0x00, 0x00, 0x00, 0x00, 0x00, 0x00, 0x00, 0x00, 0x00, 0x00, 0x00,
    0x00, 0x00, 0x00, 0x00, 0x18, 0x00, 0x00, 0x00, 0x00, 0x00, 0x00, 0x00,
    0x00, 0x00, 0x00, 0x00, 0x00, 0x00, 0x00, 0x00, 0x14, 0x00, 0x00, 0x00,
    0x00, 0x00, 0x00, 0x00, 0x00, 0x00, 0x00, 0x00, 0x00, 0x00, 0x00, 0x00,
    0x00, 0x00, 0x00, 0x00, 0x00, 0x00, 0x00, 0x00, 0x00, 0x00, 0x00, 0x00,
    0x00, 0x00, 0x01, 0x00, 0x02, 0x00, 0x00, 0x00, 0x00, 0x00, 0x00, 0x00,
    0x00, 0x00, 0x00, 0x00, 0x00, 0x00, 0x00, 0x00, 0x71, 0x40, 0x00, 0x00,
    0x00, 0x00, 0x00, 0x00, 0x00, 0x00, 0x00, 0x00, 0x00, 0x00, 0x00, 0x00,
    0x92, 0xbf, 0xff, 0xff, 0xff, 0xff, 0xff, 0xff, 0xff, 0xff, 0xff, 0xff,
    0xff, 0xff, 0xff, 0xff, 0x74, 0x00, 0x00, 0x00, 0x00, 0x00, 0x00, 0x00,
    0x00, 0x00, 0x00, 0x00, 0x00, 0x00, 0x00, 0x00, 0x02, 0x00, 0x00, 0x00,
    0x00, 0x00, 0x00, 0x00, 0x00, 0x00, 0x00, 0x00, 0x00, 0x00, 0x00, 0x80,
    0x72, 0x00, 0x00, 0x00, 0x00, 0x00, 0x00, 0x00, 0x00, 0x00, 0x00, 0x00,
    0x00, 0x00, 0x00, 0x00, 0xff, 0x3f, 0x00, 0x00, 0x00, 0x00, 0x00, 0x00,
    0x00, 0x00, 0x00, 0x00, 0x00, 0x00, 0x00, 0x00, 0xff, 0xff, 0xff, 0xff,
    0xff, 0xff, 0xff, 0xff, 0xff, 0xff, 0xff, 0xff, 0xff, 0xff, 0xfe, 0x7f,
    0x00, 0x00, 0x00, 0x00, 0x00, 0x00, 0x00, 0x00, 0x00, 0x00, 0x00, 0x00,
    0x00, 0x00, 0x01, 0x00, 0x00, 0x00, 0x00, 0x00, 0x00, 0x00, 0x00, 0x00,
    0x00, 0x00, 0x00, 0x00, 0x00, 0x00, 0x02, 0x00, 0xff, 0x3f, 0x00, 0x00,
    0x00, 0x00, 0x00, 0x00, 0x00, 0x00, 0x00, 0x00, 0x00, 0x00, 0x00, 0x80,
    0xff, 0xff, 0xff, 0xff, 0xff, 0xff, 0xff, 0xff, 0xff, 0xff, 0xff, 0xff,
    0xff, 0xff, 0xff, 0x7f, 0x7f, 0x00, 0x00, 0x00, 0x00, 0x00, 0x00, 0x00,
    0x00, 0x00, 0x00, 0x00, 0x00, 0x00, 0x00, 0x00, 0x03, 0x00, 0x00, 0x00,
    0x00, 0x00, 0x00, 0x00, 0x00, 0x00, 0x00, 0x00, 0x00, 0x00, 0x00, 0x00,
    0x04, 0x00, 0x00, 0x00, 0x00, 0x00, 0x00, 0x00, 0x00, 0x00, 0x00, 0x00,
    0x00, 0x00, 0x00, 0x00,
};

/* the divide, fp256: 216 instructions, 1760 bytes */
static const uint8_t cft_divfull_image_fp256[1760] = {
    0x43, 0x46, 0x54, 0x50, 0x01, 0x00, 0x00, 0x00, 0xd8, 0x00, 0x00, 0x00,
    0x2a, 0x00, 0x00, 0x00, 0x02, 0x00, 0x00, 0x00, 0x03, 0x00, 0x00, 0x00,
    0x01, 0x00, 0x00, 0x00, 0x00, 0x00, 0x00, 0x00, 0x10, 0x03, 0x06, 0x10,
    0x00, 0x00, 0x00, 0x01, 0x10, 0x14, 0x06, 0x10, 0x00, 0x00, 0x00, 0x01,
    0x12, 0x3f, 0x04, 0x00, 0x00, 0x00, 0x00, 0x06, 0x16, 0xf2, 0x00, 0x50,
    0x00, 0x22, 0x00, 0x00, 0x10, 0x03, 0x03, 0x10, 0x00, 0x00, 0x00, 0x01,
    0x10, 0x04, 0x07, 0x10, 0x00, 0x00, 0x00, 0x01, 0x17, 0x45, 0x02, 0x10,
    0x00, 0x00, 0x00, 0x03, 0x17, 0x94, 0x03, 0x08, 0x00, 0x00, 0x00, 0x05,
    0x17, 0x33, 0x02, 0x10, 0x00, 0x00, 0x00, 0x03, 0x0b, 0x06, 0x54, 0x08,
    0x00, 0x00, 0x00, 0x0d, 0x0b, 0x47, 0x50, 0x10, 0x00, 0x00, 0x00, 0x0b,
    0x0b, 0x38, 0x50, 0x10, 0x00, 0x00, 0x00, 0x0b, 0x0b, 0x09, 0x53, 0x08,
    0x00, 0x00, 0x00, 0x0d, 0x10, 0x03, 0x08, 0x10, 0x00, 0x00, 0x00, 0x01,
    0x17, 0x33, 0x02, 0x10, 0x00, 0x00, 0x00, 0x03, 0x0b, 0x6a, 0x30, 0x10,
    0x00, 0x00, 0x00, 0x0b, 0x10, 0x13, 0x03, 0x10, 0x00, 0x00, 0x00, 0x01,
    0x10, 0x14, 0x07, 0x10, 0x00, 0x00, 0x00, 0x01, 0x17, 0x45, 0x02, 0x10,
    0x00, 0x00, 0x00, 0x03, 0x17, 0x94, 0x03, 0x08, 0x00, 0x00, 0x00, 0x05,
    0x17, 0x33, 0x02, 0x10, 0x00, 0x00, 0x00, 0x03, 0x0b, 0x0b, 0x54, 0x08,
    0x00, 0x00, 0x00, 0x0d, 0x0b, 0x4c, 0x50, 0x10, 0x00, 0x00, 0x00, 0x0b,
    0x0b, 0x3d, 0x50, 0x10, 0x00, 0x00, 0x00, 0x0b, 0x0b, 0x0e, 0x53, 0x08,
    0x00, 0x00, 0x00, 0x0d, 0x10, 0x13, 0x08, 0x10, 0x00, 0x00, 0x00, 0x01,
    0x17, 0x33, 0x02, 0x10, 0x00, 0x00, 0x00, 0x03, 0x0b, 0xbf, 0x30, 0x10,
    0x00, 0x00, 0x00, 0x0b, 0x0b, 0x16, 0x6b, 0x08, 0x00, 0x00, 0x00, 0x0d,
    0x0b, 0x1a, 0xaf, 0x08, 0x00, 0x00, 0x00, 0x0d, 0x11, 0xf1, 0x00, 0x10,
    0x00, 0x00, 0x00, 0x01, 0x10, 0x02, 0x00, 0x10, 0x00, 0x00, 0x00, 0x01,
    0x11, 0xfb, 0x0f, 0x10, 0x00, 0x00, 0x00, 0x01, 0x0b, 0xeb, 0x8b, 0x08,
    0x00, 0x00, 0x00, 0x0d, 0x0b, 0xb1, 0xd1, 0x00, 0x00, 0x00, 0x00, 0x0f,
    0x0b, 0x0f, 0x80, 0x58, 0x10, 0x11, 0x00, 0x09, 0x0b, 0xf2, 0xd2, 0x00,
    0x00, 0x00, 0x00, 0x0f, 0x0b, 0xf1, 0xc1, 0x00, 0x00, 0x00, 0x00, 0x0d,
    0x0b, 0x02, 0xc2, 0x08, 0x00, 0x00, 0x00, 0x0d, 0x11, 0xfb, 0x0f, 0x10,
    0x00, 0x00, 0x00, 0x01, 0x0b, 0xeb, 0xcb, 0x08, 0x00, 0x00, 0x00, 0x0d,
    0x0b, 0xb1, 0x71, 0x00, 0x00, 0x00, 0x00, 0x0f, 0x0b, 0x0f, 0xc0, 0x58,
    0x10, 0x00, 0x00, 0x09, 0x0b, 0xf2, 0x72, 0x00, 0x00, 0x00, 0x00, 0x0f,
    0x0b, 0xe1, 0x61, 0x08, 0x00, 0x00, 0x00, 0x0d, 0x0b, 0x0f, 0xa0, 0x58,
    0x10, 0x00, 0x00, 0x09, 0x0b, 0xf2, 0x62, 0x00, 0x00, 0x00, 0x00, 0x0f,
    0x0b, 0x10, 0xd8, 0x08, 0x00, 0x00, 0x00, 0x0d, 0x0b, 0x10, 0xc0, 0x08,
    0x00, 0x00, 0x00, 0x0d, 0x0b, 0x10, 0x70, 0x08, 0x00, 0x00, 0x00, 0x0d,
    0x0b, 0x10, 0x60, 0x08, 0x00, 0x00, 0x00, 0x0d, 0x03, 0x03, 0x0a, 0x10,
    0x00, 0x00, 0x00, 0x01, 0x0b, 0x33, 0x90, 0x00, 0x00, 0x00, 0x00, 0x0b,
    0x03, 0x14, 0x0a, 0x10, 0x00, 0x00, 0x00, 0x01, 0x0b, 0x44, 0xe1, 0x00,
    0x00, 0x00, 0x00, 0x0b, 0x0b, 0xb5, 0x90, 0x18, 0x00, 0x00, 0x00, 0x09,
    0x0b, 0xc6, 0xe0, 0x18, 0x00, 0x00, 0x00, 0x09, 0x13, 0x5e, 0x06, 0x00,
    0x00, 0x00, 0x00, 0x06, 0x10, 0x35, 0x03, 0x10, 0x00, 0x00, 0x00, 0x03,
    0x16, 0x55, 0x0d, 0x10, 0x00, 0x00, 0x00, 0x03, 0x10, 0x46, 0x03, 0x10,
    0x00, 0x00, 0x00, 0x03, 0x16, 0x66, 0x0d, 0x10, 0x00, 0x00, 0x00, 0x03,
    0x14, 0x55, 0x06, 0x00, 0x00, 0x00, 0x00, 0x07, 0x13, 0xee, 0x05, 0x00,
    0x00, 0x00, 0x00, 0x04, 0x10, 0x3c, 0x07, 0x10, 0x00, 0x00, 0x00, 0x02,
    0x11, 0xcc, 0x01, 0x10, 0x00, 0x00, 0x00, 0x00, 0x10, 0x4d, 0x07, 0x10,
    0x00, 0x00, 0x00, 0x02, 0x11, 0xdd, 0x01, 0x10, 0x00, 0x00, 0x00, 0x00,
    0x0b, 0x1c, 0x0c, 0x08, 0x00, 0x00, 0x00, 0x08, 0x0b, 0x1d, 0x0d, 0x08,
    0x00, 0x00, 0x00, 0x08, 0x1a, 0xd3, 0x00, 0x00, 0x00, 0x00, 0x00, 0x00,
    0x05, 0xd4, 0x00, 0x00, 0x00, 0x00, 0x00, 0x00, 0x00, 0x45, 0x13, 0x20,
    0x00, 0x00, 0x00, 0x00, 0x00, 0x33, 0x35, 0x00, 0x00, 0x00, 0x00, 0x00,
    0x00, 0x45, 0x13, 0x20, 0x00, 0x00, 0x00, 0x00, 0x00, 0x33, 0x35, 0x00,
    0x00, 0x00, 0x00, 0x00, 0x00, 0x45, 0x13, 0x20, 0x00, 0x00, 0x00, 0x00,
    0x00, 0x33, 0x35, 0x00, 0x00, 0x00, 0x00, 0x00, 0x00, 0x45, 0x13, 0x20,
    0x00, 0x00, 0x00, 0x00, 0x00, 0x33, 0x35, 0x00, 0x00, 0x00, 0x00, 0x00,
    0x00, 0x45, 0x13, 0x20, 0x00, 0x00, 0x00, 0x00, 0x00, 0x33, 0x35, 0x00,
    0x00, 0x00, 0x00, 0x00, 0x03, 0xc5, 0x03, 0x00, 0x00, 0x00, 0x00, 0x00,
    0x00, 0x46, 0xc5, 0x00, 0x00, 0x00, 0x00, 0x00, 0x00, 0x67, 0x53, 0x00,
    0x00, 0x00, 0x00, 0x00, 0x00, 0x46, 0xc7, 0x00, 0x00, 0x00, 0x00, 0x00,
    0x00, 0x67, 0x73, 0x01, 0x00, 0x00, 0x00, 0x00, 0x00, 0x46, 0xc7, 0x00,
    0x00, 0x00, 0x00, 0x00, 0x0c, 0x69, 0x00, 0x10, 0x00, 0x00, 0x00, 0x00,
    0x14, 0x7b, 0x02, 0x10, 0x00, 0x00, 0x00, 0x00, 0x0b, 0xb7, 0x97, 0x00,
    0x00, 0x00, 0x00, 0x00, 0x10, 0x78, 0x03, 0x10, 0x00, 0x00, 0x00, 0x00,
    0x14, 0x88, 0x04, 0x10, 0x00, 0x00, 0x00, 0x00, 0x00, 0x4a, 0x68, 0x00,
    0x00, 0x00, 0x00, 0x00, 0x0c, 0x0a, 0x0a, 0x08, 0x00, 0x00, 0x00, 0x00,
    0x02, 0x1b, 0x90, 0x08, 0x00, 0x00, 0x00, 0x00, 0x03, 0xaa, 0x0b, 0x00,
    0x00, 0x00, 0x00, 0x00, 0x13, 0x7b, 0x02, 0x10, 0x00, 0x00, 0x00, 0x00,
    0x0b, 0xb7, 0xa7, 0x00, 0x00, 0x00, 0x00, 0x00, 0x00, 0x46, 0xc7, 0x00,
    0x00, 0x00, 0x00, 0x00, 0x0c, 0x69, 0x00, 0x10, 0x00, 0x00, 0x00, 0x00,
    0x14, 0x7b, 0x02, 0x10, 0x00, 0x00, 0x00, 0x00, 0x0b, 0xb7, 0x97, 0x00,
    0x00, 0x00, 0x00, 0x00, 0x10, 0x78, 0x03, 0x10, 0x00, 0x00, 0x00, 0x00,
    0x14, 0x88, 0x04, 0x10, 0x00, 0x00, 0x00, 0x00, 0x00, 0x4a, 0x68, 0x00,
    0x00, 0x00, 0x00, 0x00, 0x0c, 0x0a, 0x0a, 0x08, 0x00, 0x00, 0x00, 0x00,
    0x02, 0x1b, 0x90, 0x08, 0x00, 0x00, 0x00, 0x00, 0x03, 0xaa, 0x0b, 0x00,
    0x00, 0x00, 0x00, 0x00, 0x13, 0x7b, 0x02, 0x10, 0x00, 0x00, 0x00, 0x00,
    0x0b, 0xb7, 0xa7, 0x00, 0x00, 0x00, 0x00, 0x00, 0x00, 0x46, 0xc7, 0x00,
    0x00, 0x00, 0x00, 0x00, 0x10, 0x78, 0x03, 0x10, 0x00, 0x00, 0x00, 0x00,
    0x14, 0x88, 0x05, 0x10, 0x00, 0x00, 0x00, 0x00, 0x00, 0x4a, 0x68, 0x00,
    0x00, 0x00, 0x00, 0x00, 0x10, 0x63, 0x00, 0x50, 0x00, 0x21, 0x00, 0x01,
    0x17, 0x33, 0x02, 0x10, 0x00, 0x00, 0x00, 0x03, 0x10, 0xa4, 0x00, 0x50,
    0x00, 0x21, 0x00, 0x01, 0x17, 0x44, 0x02, 0x10, 0x00, 0x00, 0x00, 0x03,
    0x16, 0xa5, 0x00, 0x50, 0x00, 0x22, 0x00, 0x01, 0x0b, 0x06, 0x52, 0x18,
    0x00, 0x00, 0x00, 0x09, 0x0b, 0x26, 0x46, 0x08, 0x00, 0x00, 0x00, 0x0d,
    0x0b, 0x06, 0x36, 0x08, 0x00, 0x00, 0x00, 0x0d, 0x0b, 0x07, 0x42, 0x18,
    0x00, 0x00, 0x00, 0x09, 0x0b, 0x07, 0x37, 0x08, 0x00, 0x00, 0x00, 0x0d,
    0x10, 0x78, 0x07, 0x10, 0x00, 0x00, 0x00, 0x01, 0x11, 0x88, 0x00, 0x50,
    0x00, 0x15, 0x00, 0x03, 0x15, 0x88, 0x00, 0x50, 0x00, 0x16, 0x00, 0x03,
    0x15, 0x69, 0x02, 0x10, 0x00, 0x00, 0x00, 0x03, 0x11, 0x88, 0x09, 0x00,
    0x00, 0x00, 0x00, 0x07, 0x11, 0x88, 0x07, 0x00, 0x00, 0x00, 0x00, 0x07,
    0x10, 0x79, 0x03, 0x10, 0x00, 0x00, 0x00, 0x01, 0x16, 0x99, 0x0d, 0x10,
    0x00, 0x00, 0x00, 0x03, 0x13, 0x99, 0x0e, 0x00, 0x00, 0x00, 0x00, 0x03,
    0x14, 0x99, 0x00, 0x50, 0x00, 0x17, 0x00, 0x03, 0x14, 0x0a, 0x09, 0x48,
    0x18, 0x00, 0x00, 0x05, 0x12, 0xab, 0x06, 0x10, 0x00, 0x00, 0x00, 0x03,
    0x17, 0x0c, 0x0b, 0x48, 0x1a, 0x00, 0x00, 0x05, 0x0b, 0xad, 0xc0, 0x50,
    0x00, 0x16, 0x00, 0x0b, 0x17, 0x0e, 0x0d, 0x48, 0x19, 0x00, 0x00, 0x05,
    0x0b, 0x0d, 0xed, 0x48, 0x19, 0x00, 0x00, 0x0d, 0x16, 0x8e, 0x0d, 0x00,
    0x00, 0x00, 0x00, 0x07, 0x15, 0x2f, 0x0d, 0x08, 0x00, 0x00, 0x00, 0x05,
    0x14, 0xff, 0x02, 0x10, 0x00, 0x00, 0x00, 0x03, 0x10, 0x83, 0x0f, 0x00,
    0x00, 0x00, 0x00, 0x06, 0x14, 0xd4, 0x02, 0x10, 0x00, 0x00, 0x00, 0x02,
    0x15, 0x24, 0x04, 0x08, 0x00, 0x00, 0x00, 0x00, 0x17, 0x35, 0x04, 0x00,
    0x00, 0x00, 0x00, 0x00, 0x0b, 0x05, 0x52, 0x18, 0x00, 0x00, 0x00, 0x00,
    0x14, 0x48, 0x02, 0x10, 0x00, 0x00, 0x00, 0x00, 0x10, 0x38, 0x08, 0x00,
    0x00, 0x00, 0x00, 0x00, 0x17, 0x08, 0x08, 0x08, 0x00, 0x00, 0x00, 0x00,
    0x0b, 0x28, 0x80, 0x18, 0x00, 0x00, 0x00, 0x00, 0x0b, 0x29, 0x58, 0x08,
    0x00, 0x00, 0x00, 0x00, 0x10, 0xeb, 0x02, 0x10, 0x00, 0x00, 0x00, 0x02,
    0x0b, 0x2c, 0x8b, 0x08, 0x00, 0x00, 0x00, 0x00, 0x0b, 0xcc, 0x50, 0x10,
    0x00, 0x00, 0x00, 0x00, 0x0b, 0x2d, 0x58, 0x08, 0x00, 0x00, 0x00, 0x00,
    0x0b, 0xd3, 0x20, 0x10, 0x00, 0x00, 0x00, 0x01, 0x0b, 0x0d, 0x2d, 0x08,
    0x00, 0x00, 0x00, 0x00, 0x0b, 0x54, 0x00, 0x70, 0x00, 0x00, 0x29, 0x01,
    0x0b, 0xd4, 0x04, 0x60, 0x00, 0x00, 0x28, 0x05, 0x0b, 0x34, 0x04, 0x60,
    0x00, 0x00, 0x27, 0x07, 0x0b, 0xc4, 0x04, 0x60, 0x00, 0x00, 0x25, 0x05,
    0x13, 0xe5, 0x04, 0x00, 0x00, 0x00, 0x00, 0x07, 0x13, 0x96, 0x00, 0x50,
    0x00, 0x1b, 0x00, 0x03, 0x13, 0x67, 0x00, 0x50, 0x00, 0x1c, 0x00, 0x03,
    0x15, 0x77, 0x0d, 0x10, 0x00, 0x00, 0x00, 0x03, 0x13, 0x77, 0x05, 0x00,
    0x00, 0x00, 0x00, 0x07, 0x14, 0x77, 0x00, 0x50, 0x00, 0x1e, 0x00, 0x03,
    0x11, 0x77, 0x0f, 0x00, 0x00, 0x00, 0x00, 0x03, 0x17, 0x5b, 0x00, 0x50,
    0x00, 0x1f, 0x00, 0x03, 0x0b, 0x0b, 0xb2, 0x18, 0x00, 0x00, 0x00, 0x09,
    0x13, 0x6b, 0x0b, 0x00, 0x00, 0x00, 0x00, 0x07, 0x12, 0xbb, 0x06, 0x10,
    0x00, 0x00, 0x00, 0x03, 0x17, 0x0b, 0x0b, 0x48, 0x20, 0x00, 0x00, 0x05,
    0x0b, 0x0d, 0x20, 0x58, 0x27, 0x28, 0x00, 0x01, 0x0b, 0x0d, 0x0d, 0x68,
    0x02, 0x00, 0x25, 0x05, 0x0b, 0x0d, 0x0d, 0x68, 0x02, 0x00, 0x29, 0x05,
    0x11, 0xfe, 0x0f, 0x10, 0x00, 0x00, 0x00, 0x01, 0x11, 0xff, 0x00, 0x50,
    0x00, 0x1d, 0x00, 0x01, 0x0b, 0xee, 0xdf, 0x00, 0x00, 0x00, 0x00, 0x0f,
    0x0b, 0xe7, 0xb7, 0x00, 0x00, 0x00, 0x00, 0x0f, 0x0b, 0x0f, 0x90, 0x58,
    0x12, 0x00, 0x00, 0x01, 0x0b, 0x0f, 0xbf, 0x48, 0x14, 0x00, 0x00, 0x0d,
    0x11, 0xf3, 0x05, 0x00, 0x00, 0x00, 0x00, 0x04, 0x16, 0x84, 0x00, 0x50,
    0x00, 0x16, 0x00, 0x02, 0x10, 0x85, 0x02, 0x10, 0x00, 0x00, 0x00, 0x02,
    0x16, 0x88, 0x02, 0x10, 0x00, 0x00, 0x00, 0x02, 0x10, 0x88, 0x02, 0x10,
    0x00, 0x00, 0x00, 0x00, 0x10, 0x4b, 0x02, 0x10, 0x00, 0x00, 0x00, 0x00,
    0x0b, 0x2c, 0x5b, 0x08, 0x00, 0x00, 0x00, 0x00, 0x0b, 0xcc, 0x80, 0x10,
    0x00, 0x00, 0x00, 0x00, 0x0b, 0x2d, 0x85, 0x08, 0x00, 0x00, 0x00, 0x00,
    0x0b, 0xd3, 0x20, 0x10, 0x00, 0x00, 0x00, 0x01, 0x0b, 0x0d, 0x2d, 0x08,
    0x00, 0x00, 0x00, 0x00, 0x0b, 0x8d, 0x00, 0x70, 0x00, 0x00, 0x29, 0x01,
    0x0b, 0xdd, 0x0d, 0x60, 0x00, 0x00, 0x28, 0x05, 0x0b, 0x3d, 0x0d, 0x60,
    0x00, 0x00, 0x27, 0x07, 0x0b, 0xcd, 0x0d, 0x60, 0x00, 0x00, 0x25, 0x05,
    0x13, 0x44, 0x0d, 0x00, 0x00, 0x00, 0x00, 0x04, 0x17, 0x44, 0x00, 0x50,
    0x00, 0x1f, 0x00, 0x00, 0x0b, 0x04, 0x42, 0x18, 0x00, 0x00, 0x00, 0x00,
    0x17, 0xa5, 0x00, 0x50, 0x00, 0x23, 0x00, 0x02, 0x17, 0xa8, 0x00, 0x50,
    0x00, 0x24, 0x00, 0x02, 0x0b, 0x05, 0x58, 0x08, 0x00, 0x00, 0x00, 0x00,
    0x0b, 0x45, 0x50, 0x10, 0x00, 0x00, 0x00, 0x00, 0x0b, 0x08, 0x50, 0x58,
    0x12, 0x13, 0x00, 0x00, 0x0b, 0x88, 0x90, 0x10, 0x00, 0x00, 0x00, 0x00,
    0x0b, 0x33, 0xc7, 0x00, 0x00, 0x00, 0x00, 0x0c, 0x0b, 0x88, 0xcf, 0x00,
    0x00, 0x00, 0x00, 0x0c, 0x0b, 0x13, 0x03, 0x00, 0x00, 0x00, 0x00, 0x0a,
    0x0b, 0x28, 0x08, 0x00, 0x00, 0x00, 0x00, 0x0a, 0x03, 0x30, 0x00, 0x80,
    0x00, 0x00, 0x00, 0x00, 0x03, 0x80, 0x00, 0x80, 0x00, 0x00, 0x00, 0x00,
    0x00, 0x00, 0x00, 0x80, 0x00, 0x00, 0x00, 0x00,
};
static const uint8_t cft_divfull_bank_fp256[1184] = {
    0x00, 0x00, 0x00, 0x00, 0x00, 0x00, 0x00, 0x00, 0x00, 0x00, 0x00, 0x00,
    0x00, 0x00, 0x00, 0x00, 0x00, 0x00, 0x00, 0x00, 0x00, 0x00, 0x00, 0x00,
    0x00, 0x00, 0x00, 0x00, 0x00, 0x00, 0x00, 0x00, 0x00, 0x00, 0x00, 0x00,
    0x00, 0x00, 0x00, 0x00, 0x00, 0x00, 0x00, 0x00, 0x00, 0x00, 0x00, 0x00,
    0x00, 0x00, 0x00, 0x00, 0x00, 0x00, 0x00, 0x00, 0x00, 0x00, 0x00, 0x00,
    0x00, 0xf0, 0xff, 0x3f, 0x01, 0x00, 0x00, 0x00, 0x00, 0x00, 0x00, 0x00,
    0x00, 0x00, 0x00, 0x00, 0x00, 0x00, 0x00, 0x00, 0x00, 0x00, 0x00, 0x00,
    0x00, 0x00, 0x00, 0x00, 0x00, 0x00, 0x00, 0x00, 0x00, 0x00, 0x00, 0x00,
    0x00, 0x00, 0x00, 0x00, 0x00, 0x00, 0x00, 0x00, 0x00, 0x00, 0x00, 0x00,
    0x00, 0x00, 0x00, 0x00, 0x00, 0x00, 0x00, 0x00, 0x00, 0x00, 0x00, 0x00,
    0x00, 0x00, 0x00, 0x00, 0x00, 0xf0, 0xff, 0x7f, 0x00, 0x00, 0x00, 0x00,
    0x00, 0x00, 0x00, 0x00, 0x00, 0x00, 0x00, 0x00, 0x00, 0x00, 0x00, 0x00,
    0x00, 0x00, 0x00, 0x00, 0x00, 0x00, 0x00, 0x00, 0x00, 0x00, 0x00, 0x00,
    0x00, 0xc0, 0x0e, 0x00, 0x00, 0x00, 0x00, 0x00, 0x00, 0x00, 0x00, 0x00,
    0x00, 0x00, 0x00, 0x00, 0x00, 0x00, 0x00, 0x00, 0x00, 0x00, 0x00, 0x00,
    0x00, 0x00, 0x00, 0x00, 0x00, 0x00, 0x00, 0x00, 0x00, 0xd0, 0x0e, 0x00,
    0x00, 0x00, 0x00, 0x00, 0x00, 0x00, 0x00, 0x00, 0x00, 0x00, 0x00, 0x00,
    0x00, 0x00, 0x00, 0x00, 0x00, 0x00, 0x00, 0x00, 0x00, 0x00, 0x00, 0x00,
    0x00, 0x00, 0x00, 0x00, 0x00, 0x00, 0x00, 0x80, 0xff, 0xff, 0xff, 0xff,
    0xff, 0xff, 0xff, 0xff, 0xff, 0xff, 0xff, 0xff, 0xff, 0xff, 0xff, 0xff,
    0xff, 0xff, 0xff, 0xff, 0xff, 0xff, 0xff, 0xff, 0xff, 0xff, 0xff, 0xff,
    0xff, 0x0f, 0x00, 0x00, 0x00, 0x00, 0x00, 0x00, 0x00, 0x00, 0x00, 0x00,
    0x00, 0x00, 0x00, 0x00, 0x00, 0x00, 0x00, 0x00, 0x00, 0x00, 0x00, 0x00,
    0x00, 0x00, 0x00, 0x00, 0x00, 0x00, 0x00, 0x00, 0x00, 0x08, 0x00, 0x00,
    0xff, 0xff, 0xff, 0xff, 0xff, 0xff, 0xff, 0xff, 0xff, 0xff, 0xff, 0xff,
    0xff, 0xff, 0xff, 0xff, 0xff, 0xff, 0xff, 0xff, 0xff, 0xff, 0xff, 0xff,
    0xff, 0xff, 0xff, 0xff, 0xff, 0xef, 0xff, 0x7f, 0x00, 0x00, 0x00, 0x00,
    0x00, 0x00, 0x00, 0x00, 0x00, 0x00, 0x00, 0x00, 0x00, 0x00, 0x00, 0x00,
    0x00, 0x00, 0x00, 0x00, 0x00, 0x00, 0x00, 0x00, 0x00, 0x00, 0x00, 0x00,
    0x00, 0xc0, 0x0e, 0x40, 0x13, 0xff, 0xff, 0xff, 0xff, 0xff, 0xff, 0xff,
    0xff, 0xff, 0xff, 0xff, 0xff, 0xff, 0xff, 0xff, 0xff, 0xff, 0xff, 0xff,
    0xff, 0xff, 0xff, 0xff, 0xff, 0xff, 0xff, 0xff, 0xff, 0xff, 0xff, 0xff,
    0xed, 0x00, 0x00, 0x00, 0x00, 0x00, 0x00, 0x00, 0x00, 0x00, 0x00, 0x00,
    0x00, 0x00, 0x00, 0x00, 0x00, 0x00, 0x00, 0x00, 0x00, 0x00, 0x00, 0x00,
    0x00, 0x00, 0x00, 0x00, 0x00, 0x00, 0x00, 0x00, 0xec, 0x00, 0x00, 0x00,
    0x00, 0x00, 0x00, 0x00, 0x00, 0x00, 0x00, 0x00, 0x00, 0x00, 0x00, 0x00,
    0x00, 0x00, 0x00, 0x00, 0x00, 0x00, 0x00, 0x00, 0x00, 0x00, 0x00, 0x00,
    0x00, 0x00, 0x00, 0x00, 0x00, 0x00, 0x00, 0x00, 0x00, 0x00, 0x00, 0x00,
    0x00, 0x00, 0x00, 0x00, 0x00, 0x00, 0x00, 0x00, 0x00, 0x00, 0x00, 0x00,
    0x00, 0x00, 0x00, 0x00, 0x00, 0x00, 0x00, 0x00, 0x00, 0xf8, 0xff, 0x7f,
    0x00, 0x00, 0x00, 0x00, 0x00, 0x00, 0x00, 0x00, 0x00, 0x00, 0x00, 0x00,
    0x00, 0x00, 0x00, 0x00, 0x00, 0x00, 0x00, 0x00, 0x00, 0x00, 0x00, 0x00,
    0x00, 0x00, 0x00, 0x00, 0x00, 0xf0, 0xff, 0x7f, 0x01, 0x00, 0x00, 0x00,
    0x00, 0x00, 0x00, 0x00, 0x00, 0x00, 0x00, 0x00, 0x00, 0x00, 0x00, 0x00,
    0x00, 0x00, 0x00, 0x00, 0x00, 0x00, 0x00, 0x00, 0x00, 0x00, 0x00, 0x00,
    0x00, 0x00, 0x00, 0x00, 0x02, 0x00, 0x00, 0x00, 0x00, 0x00, 0x00, 0x00,
    0x00, 0x00, 0x00, 0x00, 0x00, 0x00, 0x00, 0x00, 0x00, 0x00, 0x00, 0x00,
    0x00, 0x00, 0x00, 0x00, 0x00, 0x00, 0x00, 0x00, 0x00, 0x00, 0x00, 0x00,
    0x10, 0x00, 0x00, 0x00, 0x00, 0x00, 0x00, 0x00, 0x00, 0x00, 0x00, 0x00,
    0x00, 0x00, 0x00, 0x00, 0x00, 0x00, 0x00, 0x00, 0x00, 0x00, 0x00, 0x00,
    0x00, 0x00, 0x00, 0x00, 0x00, 0x00, 0x00, 0x00, 0x18, 0x00, 0x00, 0x00,
    0x00, 0x00, 0x00, 0x00, 0x00, 0x00, 0x00, 0x00, 0x00, 0x00, 0x00, 0x00,
    0x00, 0x00, 0x00, 0x00, 0x00, 0x00, 0x00, 0x00, 0x00, 0x00, 0x00, 0x00,
    0x00, 0x00, 0x00, 0x00, 0x14, 0x00, 0x00, 0x00, 0x00, 0x00, 0x00, 0x00,
    0x00, 0x00, 0x00, 0x00, 0x00, 0x00, 0x00, 0x00, 0x00, 0x00, 0x00, 0x00,
    0x00, 0x00, 0x00, 0x00, 0x00, 0x00, 0x00, 0x00, 0x00, 0x00, 0x00, 0x00,
    0x00, 0x00, 0x00, 0x00, 0x00, 0x00, 0x00, 0x00, 0x00, 0x00, 0x00, 0x00,
    0x00, 0x00, 0x00, 0x00, 0x00, 0x00, 0x00, 0x00, 0x00, 0x00, 0x00, 0x00,
    0x00, 0x00, 0x00, 0x00, 0x00, 0x10, 0x00, 0x00, 0x02, 0x00, 0x00, 0x00,
    0x00, 0x00, 0x00, 0x00, 0x00, 0x00, 0x00, 0x00, 0x00, 0x00, 0x00, 0x00,
    0x00, 0x00, 0x00, 0x00, 0x00, 0x00, 0x00, 0x00, 0x00, 0x00, 0x00, 0x00,
    0x00, 0x00, 0x00, 0x00, 0xed, 0x00, 0x04, 0x00, 0x00, 0x00, 0x00, 0x00,
    0x00, 0x00, 0x00, 0x00, 0x00, 0x00, 0x00, 0x00, 0x00, 0x00, 0x00, 0x00,
    0x00, 0x00, 0x00, 0x00, 0x00, 0x00, 0x00, 0x00, 0x00, 0x00, 0x00, 0x00,
    0x16, 0xff, 0xfb, 0xff, 0xff, 0xff, 0xff, 0xff, 0xff, 0xff, 0xff, 0xff,
    0xff, 0xff, 0xff, 0xff, 0xff, 0xff, 0xff, 0xff, 0xff, 0xff, 0xff, 0xff,
    0xff, 0xff, 0xff, 0xff, 0xff, 0xff, 0xff, 0xff, 0xf0, 0x00, 0x00, 0x00,
    0x00, 0x00, 0x00, 0x00, 0x00, 0x00, 0x00, 0x00, 0x00, 0x00, 0x00, 0x00,
    0x00, 0x00, 0x00, 0x00, 0x00, 0x00, 0x00, 0x00, 0x00, 0x00, 0x00, 0x00,
    0x00, 0x00, 0x00, 0x00, 0x02, 0x00, 0x00, 0x00, 0x00, 0x00, 0x00, 0x00,
    0x00, 0x00, 0x00, 0x00, 0x00, 0x00, 0x00, 0x00, 0x00, 0x00, 0x00, 0x00,
    0x00, 0x00, 0x00, 0x00, 0x00, 0x00, 0x00, 0x00, 0x00, 0x00, 0x00, 0x80,
    0xee, 0x00, 0x00, 0x00, 0x00, 0x00, 0x00, 0x00, 0x00, 0x00, 0x00, 0x00,
    0x00, 0x00, 0x00, 0x00, 0x00, 0x00, 0x00, 0x00, 0x00, 0x00, 0x00, 0x00,
    0x00, 0x00, 0x00, 0x00, 0x00, 0x00, 0x00, 0x00, 0xff, 0xff, 0x03, 0x00,
    0x00, 0x00, 0x00, 0x00, 0x00, 0x00, 0x00, 0x00, 0x00, 0x00, 0x00, 0x00,
    0x00, 0x00, 0x00, 0x00, 0x00, 0x00, 0x00, 0x00, 0x00, 0x00, 0x00, 0x00,
    0x00, 0x00, 0x00, 0x00, 0xff, 0xff, 0xff, 0xff, 0xff, 0xff, 0xff, 0xff,
    0xff, 0xff, 0xff, 0xff, 0xff, 0xff, 0xff, 0xff, 0xff, 0xff, 0xff, 0xff,
    0xff, 0xff, 0xff, 0xff, 0xff, 0xff, 0xff, 0xff, 0xff, 0xef, 0xff, 0x7f,
    0x00, 0x00, 0x00, 0x00, 0x00, 0x00, 0x00, 0x00, 0x00, 0x00, 0x00, 0x00,
    0x00, 0x00, 0x00, 0x00, 0x00, 0x00, 0x00, 0x00, 0x00, 0x00, 0x00, 0x00,
    0x00, 0x00, 0x00, 0x00, 0x00, 0x10, 0x00, 0x00, 0x00, 0x00, 0x00, 0x00,
    0x00, 0x00, 0x00, 0x00, 0x00, 0x00, 0x00, 0x00, 0x00, 0x00, 0x00, 0x00,
    0x00, 0x00, 0x00, 0x00, 0x00, 0x00, 0x00, 0x00, 0x00, 0x00, 0x00, 0x00,
    0x00, 0x20, 0x00, 0x00, 0xff, 0xff, 0x03, 0x00, 0x00, 0x00, 0x00, 0x00,
    0x00, 0x00, 0x00, 0x00, 0x00, 0x00, 0x00, 0x00, 0x00, 0x00, 0x00, 0x00,
    0x00, 0x00, 0x00, 0x00, 0x00, 0x00, 0x00, 0x00, 0x00, 0x00, 0x00, 0x80,
    0xff, 0xff, 0xff, 0xff, 0xff, 0xff, 0xff, 0xff, 0xff, 0xff, 0xff, 0xff,
    0xff, 0xff, 0xff, 0xff, 0xff, 0xff, 0xff, 0xff, 0xff, 0xff, 0xff, 0xff,
    0xff, 0xff, 0xff, 0xff, 0xff, 0xff, 0xff, 0x7f, 0xff, 0x00, 0x00, 0x00,
    0x00, 0x00, 0x00, 0x00, 0x00, 0x00, 0x00, 0x00, 0x00, 0x00, 0x00, 0x00,
    0x00, 0x00, 0x00, 0x00, 0x00, 0x00, 0x00, 0x00, 0x00, 0x00, 0x00, 0x00,
    0x00, 0x00, 0x00, 0x00, 0x03, 0x00, 0x00, 0x00, 0x00, 0x00, 0x00, 0x00,
    0x00, 0x00, 0x00, 0x00, 0x00, 0x00, 0x00, 0x00, 0x00, 0x00, 0x00, 0x00,
    0x00, 0x00, 0x00, 0x00, 0x00, 0x00, 0x00, 0x00, 0x00, 0x00, 0x00, 0x00,
    0x04, 0x00, 0x00, 0x00, 0x00, 0x00, 0x00, 0x00, 0x00, 0x00, 0x00, 0x00,
    0x00, 0x00, 0x00, 0x00, 0x00, 0x00, 0x00, 0x00, 0x00, 0x00, 0x00, 0x00,
    0x00, 0x00, 0x00, 0x00, 0x00, 0x00, 0x00, 0x00,
};

/* Indexed by cft_format: fp32, fp64, fp128, fp256. */
static const cft_divfull_entry cft_divfull_images[4] = {
    { cft_divfull_image_fp32, sizeof cft_divfull_image_fp32, cft_divfull_bank_fp32, 42, 37 },
    { cft_divfull_image_fp64, sizeof cft_divfull_image_fp64, cft_divfull_bank_fp64, 42, 37 },
    { cft_divfull_image_fp128, sizeof cft_divfull_image_fp128, cft_divfull_bank_fp128, 42, 37 },
    { cft_divfull_image_fp256, sizeof cft_divfull_image_fp256, cft_divfull_bank_fp256, 42, 37 },
};

/* the square root, fp32: 186 instructions, 1520 bytes */
static const uint8_t cft_sqrtfull_image_fp32[1520] = {
    0x43, 0x46, 0x54, 0x50, 0x01, 0x00, 0x00, 0x00, 0xba, 0x00, 0x00, 0x00,
    0x31, 0x00, 0x00, 0x00, 0x02, 0x00, 0x00, 0x00, 0x00, 0x00, 0x00, 0x00,
    0x01, 0x00, 0x00, 0x00, 0x00, 0x00, 0x00, 0x00, 0x10, 0x0f, 0x00, 0x10,
    0x00, 0x00, 0x00, 0x00, 0x16, 0x02, 0x00, 0x50, 0x00, 0x25, 0x00, 0x00,
    0x10, 0x03, 0x03, 0x10, 0x00, 0x00, 0x00, 0x01, 0x10, 0x04, 0x0a, 0x10,
    0x00, 0x00, 0x00, 0x01, 0x17, 0x45, 0x02, 0x10, 0x00, 0x00, 0x00, 0x03,
    0x17, 0xc4, 0x03, 0x08, 0x00, 0x00, 0x00, 0x05, 0x17, 0x33, 0x02, 0x10,
    0x00, 0x00, 0x00, 0x03, 0x0b, 0x06, 0x54, 0x08, 0x00, 0x00, 0x00, 0x0d,
    0x0b, 0x47, 0x50, 0x10, 0x00, 0x00, 0x00, 0x0b, 0x0b, 0x38, 0x50, 0x10,
    0x00, 0x00, 0x00, 0x0b, 0x0b, 0x09, 0x53, 0x08, 0x00, 0x00, 0x00, 0x0d,
    0x10, 0x03, 0x0b, 0x10, 0x00, 0x00, 0x00, 0x01, 0x17, 0x33, 0x02, 0x10,
    0x00, 0x00, 0x00, 0x03, 0x0b, 0x6a, 0x30, 0x10, 0x00, 0x00, 0x00, 0x0b,
    0x11, 0x01, 0x00, 0x10, 0x00, 0x00, 0x00, 0x01, 0x10, 0x02, 0x00, 0x10,
    0x00, 0x00, 0x00, 0x01, 0x0b, 0x0b, 0x82, 0x08, 0x00, 0x00, 0x00, 0x09,
    0x0b, 0x01, 0xb1, 0x48, 0x11, 0x00, 0x00, 0x0d, 0x0b, 0x02, 0xb2, 0x48,
    0x13, 0x00, 0x00, 0x0d, 0x0b, 0x01, 0x61, 0x48, 0x11, 0x00, 0x00, 0x0d,
    0x0b, 0x0f, 0xa0, 0x58, 0x13, 0x00, 0x00, 0x09, 0x0b, 0xf2, 0x62, 0x00,
    0x00, 0x00, 0x00, 0x0f, 0x0b, 0x10, 0x87, 0x08, 0x00, 0x00, 0x00, 0x0d,
    0x0b, 0x10, 0xb0, 0x08, 0x00, 0x00, 0x00, 0x0d, 0x0b, 0x10, 0x60, 0x08,
    0x00, 0x00, 0x00, 0x0d, 0x03, 0x03, 0x00, 0x50, 0x00, 0x28, 0x00, 0x01,
    0x0b, 0x33, 0x90, 0x00, 0x00, 0x00, 0x00, 0x0b, 0x0b, 0x0e, 0x90, 0x58,
    0x29, 0x00, 0x00, 0x08, 0x10, 0x35, 0x03, 0x10, 0x00, 0x00, 0x00, 0x03,
    0x16, 0x55, 0x00, 0x50, 0x00, 0x10, 0x00, 0x03, 0x14, 0x55, 0x00, 0x50,
    0x00, 0x1f, 0x00, 0x03, 0x10, 0x56, 0x02, 0x10, 0x00, 0x00, 0x00, 0x03,
    0x10, 0x3d, 0x0a, 0x10, 0x00, 0x00, 0x00, 0x02, 0x11, 0xdd, 0x01, 0x10,
    0x00, 0x00, 0x00, 0x00, 0x03, 0xd4, 0x00, 0x50, 0x00, 0x2b, 0x00, 0x01,
    0x0b, 0x4d, 0x6d, 0x00, 0x00, 0x00, 0x00, 0x0a, 0x14, 0x55, 0x06, 0x00,
    0x00, 0x00, 0x00, 0x07, 0x13, 0x55, 0x09, 0x10, 0x00, 0x00, 0x00, 0x03,
    0x16, 0x55, 0x02, 0x10, 0x00, 0x00, 0x00, 0x03, 0x14, 0x55, 0x00, 0x50,
    0x00, 0x2a, 0x00, 0x03, 0x13, 0xee, 0x05, 0x00, 0x00, 0x00, 0x00, 0x04,
    0x0b, 0x1d, 0x0d, 0x08, 0x00, 0x00, 0x00, 0x08, 0x1b, 0xd3, 0x00, 0x00,
    0x00, 0x00, 0x00, 0x00, 0x05, 0xd4, 0x00, 0x00, 0x00, 0x00, 0x00, 0x00,
    0x03, 0x44, 0x06, 0x10, 0x00, 0x00, 0x00, 0x00, 0x03, 0x35, 0x03, 0x00,
    0x00, 0x00, 0x00, 0x00, 0x00, 0x45, 0x75, 0x20, 0x00, 0x00, 0x00, 0x00,
    0x03, 0x33, 0x05, 0x00, 0x00, 0x00, 0x00, 0x00, 0x03, 0x35, 0x03, 0x00,
    0x00, 0x00, 0x00, 0x00, 0x00, 0x45, 0x75, 0x20, 0x00, 0x00, 0x00, 0x00,
    0x03, 0x33, 0x05, 0x00, 0x00, 0x00, 0x00, 0x00, 0x03, 0xd5, 0x03, 0x00,
    0x00, 0x00, 0x00, 0x00, 0x03, 0x3a, 0x06, 0x10, 0x00, 0x00, 0x00, 0x00,
    0x05, 0x54, 0x00, 0x00, 0x00, 0x00, 0x00, 0x00, 0x00, 0x46, 0xd5, 0x00,
    0x00, 0x00, 0x00, 0x00, 0x00, 0x67, 0x5a, 0x00, 0x00, 0x00, 0x00, 0x00,
    0x05, 0x74, 0x00, 0x00, 0x00, 0x00, 0x00, 0x00, 0x00, 0x46, 0xd7, 0x00,
    0x00, 0x00, 0x00, 0x00, 0x0c, 0x69, 0x00, 0x10, 0x00, 0x00, 0x00, 0x00,
    0x14, 0x7b, 0x02, 0x10, 0x00, 0x00, 0x00, 0x00, 0x0b, 0xb7, 0x97, 0x00,
    0x00, 0x00, 0x00, 0x00, 0x13, 0x7c, 0x02, 0x10, 0x00, 0x00, 0x00, 0x00,
    0x05, 0xc4, 0x00, 0x00, 0x00, 0x00, 0x00, 0x00, 0x00, 0x4a, 0xdc, 0x00,
    0x00, 0x00, 0x00, 0x00, 0x0d, 0x0a, 0x0a, 0x08, 0x00, 0x00, 0x00, 0x00,
    0x02, 0x1b, 0x90, 0x08, 0x00, 0x00, 0x00, 0x00, 0x03, 0xaa, 0x0b, 0x00,
    0x00, 0x00, 0x00, 0x00, 0x0b, 0xc7, 0xa7, 0x00, 0x00, 0x00, 0x00, 0x00,
    0x05, 0x74, 0x00, 0x00, 0x00, 0x00, 0x00, 0x00, 0x00, 0x46, 0xd7, 0x00,
    0x00, 0x00, 0x00, 0x00, 0x0c, 0x69, 0x00, 0x10, 0x00, 0x00, 0x00, 0x00,
    0x14, 0x7b, 0x02, 0x10, 0x00, 0x00, 0x00, 0x00, 0x0b, 0xb7, 0x97, 0x00,
    0x00, 0x00, 0x00, 0x00, 0x13, 0x7c, 0x02, 0x10, 0x00, 0x00, 0x00, 0x00,
    0x05, 0xc4, 0x00, 0x00, 0x00, 0x00, 0x00, 0x00, 0x00, 0x4a, 0xdc, 0x00,
    0x00, 0x00, 0x00, 0x00, 0x0d, 0x0a, 0x0a, 0x08, 0x00, 0x00, 0x00, 0x00,
    0x02, 0x1b, 0x90, 0x08, 0x00, 0x00, 0x00, 0x00, 0x03, 0xaa, 0x0b, 0x00,
    0x00, 0x00, 0x00, 0x00, 0x0b, 0xc7, 0xa7, 0x00, 0x00, 0x00, 0x00, 0x00,
    0x05, 0x74, 0x00, 0x00, 0x00, 0x00, 0x00, 0x00, 0x00, 0x46, 0xd7, 0x00,
    0x00, 0x00, 0x00, 0x00, 0x10, 0x78, 0x03, 0x10, 0x00, 0x00, 0x00, 0x00,
    0x14, 0x8a, 0x04, 0x10, 0x00, 0x00, 0x00, 0x00, 0x03, 0x7a, 0x0a, 0x00,
    0x00, 0x00, 0x00, 0x00, 0x02, 0x6b, 0xa0, 0x00, 0x00, 0x00, 0x00, 0x00,
    0x15, 0x88, 0x02, 0x10, 0x00, 0x00, 0x00, 0x00, 0x14, 0x88, 0x08, 0x10,
    0x00, 0x00, 0x00, 0x00, 0x02, 0xbb, 0x80, 0x00, 0x00, 0x00, 0x00, 0x00,
    0x10, 0x63, 0x00, 0x50, 0x00, 0x24, 0x00, 0x01, 0x17, 0x33, 0x02, 0x10,
    0x00, 0x00, 0x00, 0x03, 0x16, 0xb5, 0x00, 0x50, 0x00, 0x25, 0x00, 0x01,
    0x0b, 0x06, 0x52, 0x18, 0x00, 0x00, 0x00, 0x09, 0x0b, 0x06, 0x36, 0x08,
    0x00, 0x00, 0x00, 0x0d, 0x0b, 0x07, 0x32, 0x18, 0x00, 0x00, 0x00, 0x09,
    0x10, 0x78, 0x0a, 0x10, 0x00, 0x00, 0x00, 0x01, 0x11, 0x88, 0x00, 0x50,
    0x00, 0x18, 0x00, 0x03, 0x15, 0x88, 0x00, 0x50, 0x00, 0x19, 0x00, 0x03,
    0x15, 0x69, 0x02, 0x10, 0x00, 0x00, 0x00, 0x03, 0x11, 0x88, 0x09, 0x00,
    0x00, 0x00, 0x00, 0x07, 0x11, 0x88, 0x07, 0x00, 0x00, 0x00, 0x00, 0x07,
    0x10, 0x79, 0x03, 0x10, 0x00, 0x00, 0x00, 0x01, 0x16, 0x99, 0x00, 0x50,
    0x00, 0x10, 0x00, 0x03, 0x13, 0x99, 0x0e, 0x00, 0x00, 0x00, 0x00, 0x03,
    0x14, 0x99, 0x00, 0x50, 0x00, 0x1a, 0x00, 0x03, 0x14, 0x0a, 0x09, 0x48,
    0x1b, 0x00, 0x00, 0x05, 0x12, 0xab, 0x09, 0x10, 0x00, 0x00, 0x00, 0x03,
    0x17, 0x0c, 0x0b, 0x48, 0x1d, 0x00, 0x00, 0x05, 0x0b, 0xad, 0xc0, 0x50,
    0x00, 0x19, 0x00, 0x0b, 0x17, 0x0e, 0x0d, 0x48, 0x1c, 0x00, 0x00, 0x05,
    0x0b, 0x0d, 0xed, 0x48, 0x1c, 0x00, 0x00, 0x0d, 0x16, 0x8e, 0x0d, 0x00,
    0x00, 0x00, 0x00, 0x07, 0x15, 0x2f, 0x0d, 0x08, 0x00, 0x00, 0x00, 0x05,
    0x14, 0xff, 0x02, 0x10, 0x00, 0x00, 0x00, 0x03, 0x10, 0x83, 0x0f, 0x00,
    0x00, 0x00, 0x00, 0x06, 0x14, 0xd4, 0x02, 0x10, 0x00, 0x00, 0x00, 0x02,
    0x15, 0x24, 0x04, 0x08, 0x00, 0x00, 0x00, 0x00, 0x17, 0x35, 0x04, 0x00,
    0x00, 0x00, 0x00, 0x00, 0x0b, 0x05, 0x52, 0x18, 0x00, 0x00, 0x00, 0x00,
    0x14, 0x48, 0x02, 0x10, 0x00, 0x00, 0x00, 0x00, 0x10, 0x38, 0x08, 0x00,
    0x00, 0x00, 0x00, 0x00, 0x17, 0x08, 0x08, 0x08, 0x00, 0x00, 0x00, 0x00,
    0x0b, 0x28, 0x80, 0x18, 0x00, 0x00, 0x00, 0x00, 0x0b, 0x29, 0x58, 0x08,
    0x00, 0x00, 0x00, 0x00, 0x10, 0xeb, 0x02, 0x10, 0x00, 0x00, 0x00, 0x02,
    0x0b, 0x2c, 0x8b, 0x08, 0x00, 0x00, 0x00, 0x00, 0x0b, 0xcc, 0x50, 0x10,
    0x00, 0x00, 0x00, 0x00, 0x0b, 0x2d, 0x58, 0x08, 0x00, 0x00, 0x00, 0x00,
    0x0b, 0xd3, 0x20, 0x10, 0x00, 0x00, 0x00, 0x01, 0x0b, 0x0d, 0x2d, 0x08,
    0x00, 0x00, 0x00, 0x00, 0x0b, 0x54, 0x00, 0x70, 0x00, 0x00, 0x30, 0x01,
    0x0b, 0xd4, 0x04, 0x60, 0x00, 0x00, 0x2f, 0x05, 0x0b, 0x34, 0x04, 0x60,
    0x00, 0x00, 0x2e, 0x07, 0x0b, 0xc4, 0x04, 0x60, 0x00, 0x00, 0x2c, 0x05,
    0x13, 0xe5, 0x04, 0x00, 0x00, 0x00, 0x00, 0x07, 0x13, 0x96, 0x00, 0x50,
    0x00, 0x1e, 0x00, 0x03, 0x13, 0x67, 0x00, 0x50, 0x00, 0x1f, 0x00, 0x03,
    0x15, 0x77, 0x00, 0x50, 0x00, 0x10, 0x00, 0x03, 0x13, 0x77, 0x05, 0x00,
    0x00, 0x00, 0x00, 0x07, 0x14, 0x77, 0x00, 0x50, 0x00, 0x21, 0x00, 0x03,
    0x11, 0x77, 0x0f, 0x00, 0x00, 0x00, 0x00, 0x03, 0x17, 0x5b, 0x00, 0x50,
    0x00, 0x22, 0x00, 0x03, 0x0b, 0x0b, 0xb2, 0x18, 0x00, 0x00, 0x00, 0x09,
    0x13, 0x6b, 0x0b, 0x00, 0x00, 0x00, 0x00, 0x07, 0x12, 0xbb, 0x09, 0x10,
    0x00, 0x00, 0x00, 0x03, 0x17, 0x0b, 0x0b, 0x48, 0x23, 0x00, 0x00, 0x05,
    0x0b, 0x0d, 0x20, 0x58, 0x2e, 0x2f, 0x00, 0x01, 0x0b, 0x0d, 0x0d, 0x68,
    0x02, 0x00, 0x2c, 0x05, 0x0b, 0x0d, 0x0d, 0x68, 0x02, 0x00, 0x30, 0x05,
    0x11, 0xfe, 0x00, 0x50, 0x00, 0x12, 0x00, 0x01, 0x11, 0xff, 0x00, 0x50,
    0x00, 0x20, 0x00, 0x01, 0x0b, 0xee, 0xdf, 0x00, 0x00, 0x00, 0x00, 0x0f,
    0x0b, 0xe7, 0xb7, 0x00, 0x00, 0x00, 0x00, 0x0f, 0x0b, 0x0f, 0x90, 0x58,
    0x15, 0x00, 0x00, 0x01, 0x0b, 0x0f, 0xbf, 0x48, 0x17, 0x00, 0x00, 0x0d,
    0x11, 0xf3, 0x05, 0x00, 0x00, 0x00, 0x00, 0x04, 0x16, 0x84, 0x00, 0x50,
    0x00, 0x19, 0x00, 0x02, 0x10, 0x85, 0x02, 0x10, 0x00, 0x00, 0x00, 0x02,
    0x16, 0x88, 0x02, 0x10, 0x00, 0x00, 0x00, 0x02, 0x10, 0x88, 0x02, 0x10,
    0x00, 0x00, 0x00, 0x00, 0x10, 0x4b, 0x02, 0x10, 0x00, 0x00, 0x00, 0x00,
    0x0b, 0x2c, 0x5b, 0x08, 0x00, 0x00, 0x00, 0x00, 0x0b, 0xcc, 0x80, 0x10,
    0x00, 0x00, 0x00, 0x00, 0x0b, 0x2d, 0x85, 0x08, 0x00, 0x00, 0x00, 0x00,
    0x0b, 0xd3, 0x20, 0x10, 0x00, 0x00, 0x00, 0x01, 0x0b, 0x0d, 0x2d, 0x08,
    0x00, 0x00, 0x00, 0x00, 0x0b, 0x8d, 0x00, 0x70, 0x00, 0x00, 0x30, 0x01,
    0x0b, 0xdd, 0x0d, 0x60, 0x00, 0x00, 0x2f, 0x05, 0x0b, 0x3d, 0x0d, 0x60,
    0x00, 0x00, 0x2e, 0x07, 0x0b, 0xcd, 0x0d, 0x60, 0x00, 0x00, 0x2c, 0x05,
    0x13, 0x44, 0x0d, 0x00, 0x00, 0x00, 0x00, 0x04, 0x17, 0x44, 0x00, 0x50,
    0x00, 0x22, 0x00, 0x00, 0x0b, 0x04, 0x42, 0x18, 0x00, 0x00, 0x00, 0x00,
    0x17, 0xa5, 0x00, 0x50, 0x00, 0x26, 0x00, 0x02, 0x17, 0xa8, 0x00, 0x50,
    0x00, 0x27, 0x00, 0x02, 0x0b, 0x05, 0x58, 0x08, 0x00, 0x00, 0x00, 0x00,
    0x0b, 0x45, 0x50, 0x10, 0x00, 0x00, 0x00, 0x00, 0x0b, 0x08, 0x50, 0x58,
    0x15, 0x16, 0x00, 0x00, 0x0b, 0x88, 0x90, 0x10, 0x00, 0x00, 0x00, 0x00,
    0x0b, 0x33, 0xc7, 0x00, 0x00, 0x00, 0x00, 0x0c, 0x0b, 0x88, 0xcf, 0x00,
    0x00, 0x00, 0x00, 0x0c, 0x0b, 0x13, 0x03, 0x00, 0x00, 0x00, 0x00, 0x0a,
    0x0b, 0x28, 0x08, 0x00, 0x00, 0x00, 0x00, 0x0a, 0x03, 0x30, 0x00, 0x80,
    0x00, 0x00, 0x00, 0x00, 0x03, 0x80, 0x00, 0x80, 0x00, 0x00, 0x00, 0x00,
    0x00, 0x00, 0x00, 0x80, 0x00, 0x00, 0x00, 0x00,
};
static const uint8_t cft_sqrtfull_bank_fp32[176] = {
    0x00, 0x00, 0x00, 0x00, 0x00, 0x00, 0x80, 0x3f, 0x01, 0x00, 0x00, 0x00,
    0x00, 0x00, 0x80, 0x7f, 0x00, 0x00, 0x80, 0x0b, 0x00, 0x00, 0x00, 0x0c,
    0x00, 0x00, 0x00, 0x3f, 0x00, 0x00, 0xc0, 0x3f, 0x00, 0x00, 0x80, 0x57,
    0x00, 0x00, 0x00, 0x80, 0xff, 0xff, 0x7f, 0x00, 0x00, 0x00, 0x40, 0x00,
    0xff, 0xff, 0x7f, 0x7f, 0x00, 0x00, 0x80, 0x4b, 0xe8, 0xff, 0xff, 0xff,
    0x18, 0x00, 0x00, 0x00, 0x17, 0x00, 0x00, 0x00, 0x00, 0x00, 0xc0, 0x7f,
    0x00, 0x00, 0x80, 0x7f, 0x01, 0x00, 0x00, 0x00, 0x02, 0x00, 0x00, 0x00,
    0x10, 0x00, 0x00, 0x00, 0x18, 0x00, 0x00, 0x00, 0x14, 0x00, 0x00, 0x00,
    0x00, 0x00, 0x80, 0x00, 0x02, 0x00, 0x00, 0x00, 0x98, 0x00, 0x00, 0x00,
    0x6b, 0xff, 0xff, 0xff, 0x1b, 0x00, 0x00, 0x00, 0x02, 0x00, 0x00, 0x80,
    0x19, 0x00, 0x00, 0x00, 0x7f, 0x00, 0x00, 0x00, 0xff, 0xff, 0x7f, 0x7f,
    0x00, 0x00, 0x80, 0x00, 0x00, 0x00, 0x00, 0x01, 0x7f, 0x00, 0x00, 0x80,
    0xff, 0xff, 0xff, 0x7f, 0x1f, 0x00, 0x00, 0x00, 0x03, 0x00, 0x00, 0x00,
    0x04, 0x00, 0x00, 0x00, 0x00, 0x00, 0x80, 0x4b, 0xf4, 0xff, 0xff, 0xff,
    0x00, 0x00, 0x00, 0x40, 0x00, 0x00, 0x00, 0x40,
};

/* the square root, fp64: 189 instructions, 1544 bytes */
static const uint8_t cft_sqrtfull_image_fp64[1544] = {
    0x43, 0x46, 0x54, 0x50, 0x01, 0x00, 0x00, 0x00, 0xbd, 0x00, 0x00, 0x00,
    0x31, 0x00, 0x00, 0x00, 0x02, 0x00, 0x00, 0x00, 0x01, 0x00, 0x00, 0x00,
    0x01, 0x00, 0x00, 0x00, 0x00, 0x00, 0x00, 0x00, 0x10, 0x0f, 0x00, 0x10,
    0x00, 0x00, 0x00, 0x00, 0x16, 0x02, 0x00, 0x50, 0x00, 0x25, 0x00, 0x00,
    0x10, 0x03, 0x03, 0x10, 0x00, 0x00, 0x00, 0x01, 0x10, 0x04, 0x0a, 0x10,
    0x00, 0x00, 0x00, 0x01, 0x17, 0x45, 0x02, 0x10, 0x00, 0x00, 0x00, 0x03,
    0x17, 0xc4, 0x03, 0x08, 0x00, 0x00, 0x00, 0x05, 0x17, 0x33, 0x02, 0x10,
    0x00, 0x00, 0x00, 0x03, 0x0b, 0x06, 0x54, 0x08, 0x00, 0x00, 0x00, 0x0d,
    0x0b, 0x47, 0x50, 0x10, 0x00, 0x00, 0x00, 0x0b, 0x0b, 0x38, 0x50, 0x10,
    0x00, 0x00, 0x00, 0x0b, 0x0b, 0x09, 0x53, 0x08, 0x00, 0x00, 0x00, 0x0d,
    0x10, 0x03, 0x0b, 0x10, 0x00, 0x00, 0x00, 0x01, 0x17, 0x33, 0x02, 0x10,
    0x00, 0x00, 0x00, 0x03, 0x0b, 0x6a, 0x30, 0x10, 0x00, 0x00, 0x00, 0x0b,
    0x11, 0x01, 0x00, 0x10, 0x00, 0x00, 0x00, 0x01, 0x10, 0x02, 0x00, 0x10,
    0x00, 0x00, 0x00, 0x01, 0x0b, 0x0b, 0x82, 0x08, 0x00, 0x00, 0x00, 0x09,
    0x0b, 0x01, 0xb1, 0x48, 0x11, 0x00, 0x00, 0x0d, 0x0b, 0x02, 0xb2, 0x48,
    0x13, 0x00, 0x00, 0x0d, 0x0b, 0x01, 0x61, 0x48, 0x11, 0x00, 0x00, 0x0d,
    0x0b, 0x0f, 0xa0, 0x58, 0x13, 0x00, 0x00, 0x09, 0x0b, 0xf2, 0x62, 0x00,
    0x00, 0x00, 0x00, 0x0f, 0x0b, 0x10, 0x87, 0x08, 0x00, 0x00, 0x00, 0x0d,
    0x0b, 0x10, 0xb0, 0x08, 0x00, 0x00, 0x00, 0x0d, 0x0b, 0x10, 0x60, 0x08,
    0x00, 0x00, 0x00, 0x0d, 0x03, 0x03, 0x00, 0x50, 0x00, 0x28, 0x00, 0x01,
    0x0b, 0x33, 0x90, 0x00, 0x00, 0x00, 0x00, 0x0b, 0x0b, 0x0e, 0x90, 0x58,
    0x29, 0x00, 0x00, 0x08, 0x10, 0x35, 0x03, 0x10, 0x00, 0x00, 0x00, 0x03,
    0x16, 0x55, 0x00, 0x50, 0x00, 0x10, 0x00, 0x03, 0x14, 0x55, 0x00, 0x50,
    0x00, 0x1f, 0x00, 0x03, 0x10, 0x56, 0x02, 0x10, 0x00, 0x00, 0x00, 0x03,
    0x10, 0x3d, 0x0a, 0x10, 0x00, 0x00, 0x00, 0x02, 0x11, 0xdd, 0x01, 0x10,
    0x00, 0x00, 0x00, 0x00, 0x03, 0xd4, 0x00, 0x50, 0x00, 0x2b, 0x00, 0x01,
    0x0b, 0x4d, 0x6d, 0x00, 0x00, 0x00, 0x00, 0x0a, 0x14, 0x55, 0x06, 0x00,
    0x00, 0x00, 0x00, 0x07, 0x13, 0x55, 0x09, 0x10, 0x00, 0x00, 0x00, 0x03,
    0x16, 0x55, 0x02, 0x10, 0x00, 0x00, 0x00, 0x03, 0x14, 0x55, 0x00, 0x50,
    0x00, 0x2a, 0x00, 0x03, 0x13, 0xee, 0x05, 0x00, 0x00, 0x00, 0x00, 0x04,
    0x0b, 0x1d, 0x0d, 0x08, 0x00, 0x00, 0x00, 0x08, 0x1b, 0xd3, 0x00, 0x00,
    0x00, 0x00, 0x00, 0x00, 0x05, 0xd4, 0x00, 0x00, 0x00, 0x00, 0x00, 0x00,
    0x03, 0x44, 0x06, 0x10, 0x00, 0x00, 0x00, 0x00, 0x03, 0x35, 0x03, 0x00,
    0x00, 0x00, 0x00, 0x00, 0x00, 0x45, 0x75, 0x20, 0x00, 0x00, 0x00, 0x00,
    0x03, 0x33, 0x05, 0x00, 0x00, 0x00, 0x00, 0x00, 0x03, 0x35, 0x03, 0x00,
    0x00, 0x00, 0x00, 0x00, 0x00, 0x45, 0x75, 0x20, 0x00, 0x00, 0x00, 0x00,
    0x03, 0x33, 0x05, 0x00, 0x00, 0x00, 0x00, 0x00, 0x03, 0x35, 0x03, 0x00,
    0x00, 0x00, 0x00, 0x00, 0x00, 0x45, 0x75, 0x20, 0x00, 0x00, 0x00, 0x00,
    0x03, 0x33, 0x05, 0x00, 0x00, 0x00, 0x00, 0x00, 0x03, 0xd5, 0x03, 0x00,
    0x00, 0x00, 0x00, 0x00, 0x03, 0x3a, 0x06, 0x10, 0x00, 0x00, 0x00, 0x00,
    0x05, 0x54, 0x00, 0x00, 0x00, 0x00, 0x00, 0x00, 0x00, 0x46, 0xd5, 0x00,
    0x00, 0x00, 0x00, 0x00, 0x00, 0x67, 0x5a, 0x00, 0x00, 0x00, 0x00, 0x00,
    0x05, 0x74, 0x00, 0x00, 0x00, 0x00, 0x00, 0x00, 0x00, 0x46, 0xd7, 0x00,
    0x00, 0x00, 0x00, 0x00, 0x0c, 0x69, 0x00, 0x10, 0x00, 0x00, 0x00, 0x00,
    0x14, 0x7b, 0x02, 0x10, 0x00, 0x00, 0x00, 0x00, 0x0b, 0xb7, 0x97, 0x00,
    0x00, 0x00, 0x00, 0x00, 0x13, 0x7c, 0x02, 0x10, 0x00, 0x00, 0x00, 0x00,
    0x05, 0xc4, 0x00, 0x00, 0x00, 0x00, 0x00, 0x00, 0x00, 0x4a, 0xdc, 0x00,
    0x00, 0x00, 0x00, 0x00, 0x0d, 0x0a, 0x0a, 0x08, 0x00, 0x00, 0x00, 0x00,
    0x02, 0x1b, 0x90, 0x08, 0x00, 0x00, 0x00, 0x00, 0x03, 0xaa, 0x0b, 0x00,
    0x00, 0x00, 0x00, 0x00, 0x0b, 0xc7, 0xa7, 0x00, 0x00, 0x00, 0x00, 0x00,
    0x05, 0x74, 0x00, 0x00, 0x00, 0x00, 0x00, 0x00, 0x00, 0x46, 0xd7, 0x00,
    0x00, 0x00, 0x00, 0x00, 0x0c, 0x69, 0x00, 0x10, 0x00, 0x00, 0x00, 0x00,
    0x14, 0x7b, 0x02, 0x10, 0x00, 0x00, 0x00, 0x00, 0x0b, 0xb7, 0x97, 0x00,
    0x00, 0x00, 0x00, 0x00, 0x13, 0x7c, 0x02, 0x10, 0x00, 0x00, 0x00, 0x00,
    0x05, 0xc4, 0x00, 0x00, 0x00, 0x00, 0x00, 0x00, 0x00, 0x4a, 0xdc, 0x00,
    0x00, 0x00, 0x00, 0x00, 0x0d, 0x0a, 0x0a, 0x08, 0x00, 0x00, 0x00, 0x00,
    0x02, 0x1b, 0x90, 0x08, 0x00, 0x00, 0x00, 0x00, 0x03, 0xaa, 0x0b, 0x00,
    0x00, 0x00, 0x00, 0x00, 0x0b, 0xc7, 0xa7, 0x00, 0x00, 0x00, 0x00, 0x00,
    0x05, 0x74, 0x00, 0x00, 0x00, 0x00, 0x00, 0x00, 0x00, 0x46, 0xd7, 0x00,
    0x00, 0x00, 0x00, 0x00, 0x10, 0x78, 0x03, 0x10, 0x00, 0x00, 0x00, 0x00,
    0x14, 0x8a, 0x04, 0x10, 0x00, 0x00, 0x00, 0x00, 0x03, 0x7a, 0x0a, 0x00,
    0x00, 0x00, 0x00, 0x00, 0x02, 0x6b, 0xa0, 0x00, 0x00, 0x00, 0x00, 0x00,
    0x15, 0x88, 0x02, 0x10, 0x00, 0x00, 0x00, 0x00, 0x14, 0x88, 0x08, 0x10,
    0x00, 0x00, 0x00, 0x00, 0x02, 0xbb, 0x80, 0x00, 0x00, 0x00, 0x00, 0x00,
    0x10, 0x63, 0x00, 0x50, 0x00, 0x24, 0x00, 0x01, 0x17, 0x33, 0x02, 0x10,
    0x00, 0x00, 0x00, 0x03, 0x16, 0xb5, 0x00, 0x50, 0x00, 0x25, 0x00, 0x01,
    0x0b, 0x06, 0x52, 0x18, 0x00, 0x00, 0x00, 0x09, 0x0b, 0x06, 0x36, 0x08,
    0x00, 0x00, 0x00, 0x0d, 0x0b, 0x07, 0x32, 0x18, 0x00, 0x00, 0x00, 0x09,
    0x10, 0x78, 0x0a, 0x10, 0x00, 0x00, 0x00, 0x01, 0x11, 0x88, 0x00, 0x50,
    0x00, 0x18, 0x00, 0x03, 0x15, 0x88, 0x00, 0x50, 0x00, 0x19, 0x00, 0x03,
    0x15, 0x69, 0x02, 0x10, 0x00, 0x00, 0x00, 0x03, 0x11, 0x88, 0x09, 0x00,
    0x00, 0x00, 0x00, 0x07, 0x11, 0x88, 0x07, 0x00, 0x00, 0x00, 0x00, 0x07,
    0x10, 0x79, 0x03, 0x10, 0x00, 0x00, 0x00, 0x01, 0x16, 0x99, 0x00, 0x50,
    0x00, 0x10, 0x00, 0x03, 0x13, 0x99, 0x0e, 0x00, 0x00, 0x00, 0x00, 0x03,
    0x14, 0x99, 0x00, 0x50, 0x00, 0x1a, 0x00, 0x03, 0x14, 0x0a, 0x09, 0x48,
    0x1b, 0x00, 0x00, 0x05, 0x12, 0xab, 0x09, 0x10, 0x00, 0x00, 0x00, 0x03,
    0x17, 0x0c, 0x0b, 0x48, 0x1d, 0x00, 0x00, 0x05, 0x0b, 0xad, 0xc0, 0x50,
    0x00, 0x19, 0x00, 0x0b, 0x17, 0x0e, 0x0d, 0x48, 0x1c, 0x00, 0x00, 0x05,
    0x0b, 0x0d, 0xed, 0x48, 0x1c, 0x00, 0x00, 0x0d, 0x16, 0x8e, 0x0d, 0x00,
    0x00, 0x00, 0x00, 0x07, 0x15, 0x2f, 0x0d, 0x08, 0x00, 0x00, 0x00, 0x05,
    0x14, 0xff, 0x02, 0x10, 0x00, 0x00, 0x00, 0x03, 0x10, 0x83, 0x0f, 0x00,
    0x00, 0x00, 0x00, 0x06, 0x14, 0xd4, 0x02, 0x10, 0x00, 0x00, 0x00, 0x02,
    0x15, 0x24, 0x04, 0x08, 0x00, 0x00, 0x00, 0x00, 0x17, 0x35, 0x04, 0x00,
    0x00, 0x00, 0x00, 0x00, 0x0b, 0x05, 0x52, 0x18, 0x00, 0x00, 0x00, 0x00,
    0x14, 0x48, 0x02, 0x10, 0x00, 0x00, 0x00, 0x00, 0x10, 0x38, 0x08, 0x00,
    0x00, 0x00, 0x00, 0x00, 0x17, 0x08, 0x08, 0x08, 0x00, 0x00, 0x00, 0x00,
    0x0b, 0x28, 0x80, 0x18, 0x00, 0x00, 0x00, 0x00, 0x0b, 0x29, 0x58, 0x08,
    0x00, 0x00, 0x00, 0x00, 0x10, 0xeb, 0x02, 0x10, 0x00, 0x00, 0x00, 0x02,
    0x0b, 0x2c, 0x8b, 0x08, 0x00, 0x00, 0x00, 0x00, 0x0b, 0xcc, 0x50, 0x10,
    0x00, 0x00, 0x00, 0x00, 0x0b, 0x2d, 0x58, 0x08, 0x00, 0x00, 0x00, 0x00,
    0x0b, 0xd3, 0x20, 0x10, 0x00, 0x00, 0x00, 0x01, 0x0b, 0x0d, 0x2d, 0x08,
    0x00, 0x00, 0x00, 0x00, 0x0b, 0x54, 0x00, 0x70, 0x00, 0x00, 0x30, 0x01,
    0x0b, 0xd4, 0x04, 0x60, 0x00, 0x00, 0x2f, 0x05, 0x0b, 0x34, 0x04, 0x60,
    0x00, 0x00, 0x2e, 0x07, 0x0b, 0xc4, 0x04, 0x60, 0x00, 0x00, 0x2c, 0x05,
    0x13, 0xe5, 0x04, 0x00, 0x00, 0x00, 0x00, 0x07, 0x13, 0x96, 0x00, 0x50,
    0x00, 0x1e, 0x00, 0x03, 0x13, 0x67, 0x00, 0x50, 0x00, 0x1f, 0x00, 0x03,
    0x15, 0x77, 0x00, 0x50, 0x00, 0x10, 0x00, 0x03, 0x13, 0x77, 0x05, 0x00,
    0x00, 0x00, 0x00, 0x07, 0x14, 0x77, 0x00, 0x50, 0x00, 0x21, 0x00, 0x03,
    0x11, 0x77, 0x0f, 0x00, 0x00, 0x00, 0x00, 0x03, 0x17, 0x5b, 0x00, 0x50,
    0x00, 0x22, 0x00, 0x03, 0x0b, 0x0b, 0xb2, 0x18, 0x00, 0x00, 0x00, 0x09,
    0x13, 0x6b, 0x0b, 0x00, 0x00, 0x00, 0x00, 0x07, 0x12, 0xbb, 0x09, 0x10,
    0x00, 0x00, 0x00, 0x03, 0x17, 0x0b, 0x0b, 0x48, 0x23, 0x00, 0x00, 0x05,
    0x0b, 0x0d, 0x20, 0x58, 0x2e, 0x2f, 0x00, 0x01, 0x0b, 0x0d, 0x0d, 0x68,
    0x02, 0x00, 0x2c, 0x05, 0x0b, 0x0d, 0x0d, 0x68, 0x02, 0x00, 0x30, 0x05,
    0x11, 0xfe, 0x00, 0x50, 0x00, 0x12, 0x00, 0x01, 0x11, 0xff, 0x00, 0x50,
    0x00, 0x20, 0x00, 0x01, 0x0b, 0xee, 0xdf, 0x00, 0x00, 0x00, 0x00, 0x0f,
    0x0b, 0xe7, 0xb7, 0x00, 0x00, 0x00, 0x00, 0x0f, 0x0b, 0x0f, 0x90, 0x58,
    0x15, 0x00, 0x00, 0x01, 0x0b, 0x0f, 0xbf, 0x48, 0x17, 0x00, 0x00, 0x0d,
    0x11, 0xf3, 0x05, 0x00, 0x00, 0x00, 0x00, 0x04, 0x16, 0x84, 0x00, 0x50,
    0x00, 0x19, 0x00, 0x02, 0x10, 0x85, 0x02, 0x10, 0x00, 0x00, 0x00, 0x02,
    0x16, 0x88, 0x02, 0x10, 0x00, 0x00, 0x00, 0x02, 0x10, 0x88, 0x02, 0x10,
    0x00, 0x00, 0x00, 0x00, 0x10, 0x4b, 0x02, 0x10, 0x00, 0x00, 0x00, 0x00,
    0x0b, 0x2c, 0x5b, 0x08, 0x00, 0x00, 0x00, 0x00, 0x0b, 0xcc, 0x80, 0x10,
    0x00, 0x00, 0x00, 0x00, 0x0b, 0x2d, 0x85, 0x08, 0x00, 0x00, 0x00, 0x00,
    0x0b, 0xd3, 0x20, 0x10, 0x00, 0x00, 0x00, 0x01, 0x0b, 0x0d, 0x2d, 0x08,
    0x00, 0x00, 0x00, 0x00, 0x0b, 0x8d, 0x00, 0x70, 0x00, 0x00, 0x30, 0x01,
    0x0b, 0xdd, 0x0d, 0x60, 0x00, 0x00, 0x2f, 0x05, 0x0b, 0x3d, 0x0d, 0x60,
    0x00, 0x00, 0x2e, 0x07, 0x0b, 0xcd, 0x0d, 0x60, 0x00, 0x00, 0x2c, 0x05,
    0x13, 0x44, 0x0d, 0x00, 0x00, 0x00, 0x00, 0x04, 0x17, 0x44, 0x00, 0x50,
    0x00, 0x22, 0x00, 0x00, 0x0b, 0x04, 0x42, 0x18, 0x00, 0x00, 0x00, 0x00,
    0x17, 0xa5, 0x00, 0x50, 0x00, 0x26, 0x00, 0x02, 0x17, 0xa8, 0x00, 0x50,
    0x00, 0x27, 0x00, 0x02, 0x0b, 0x05, 0x58, 0x08, 0x00, 0x00, 0x00, 0x00,
    0x0b, 0x45, 0x50, 0x10, 0x00, 0x00, 0x00, 0x00, 0x0b, 0x08, 0x50, 0x58,
    0x15, 0x16, 0x00, 0x00, 0x0b, 0x88, 0x90, 0x10, 0x00, 0x00, 0x00, 0x00,
    0x0b, 0x33, 0xc7, 0x00, 0x00, 0x00, 0x00, 0x0c, 0x0b, 0x88, 0xcf, 0x00,
    0x00, 0x00, 0x00, 0x0c, 0x0b, 0x13, 0x03, 0x00, 0x00, 0x00, 0x00, 0x0a,
    0x0b, 0x28, 0x08, 0x00, 0x00, 0x00, 0x00, 0x0a, 0x03, 0x30, 0x00, 0x80,
    0x00, 0x00, 0x00, 0x00, 0x03, 0x80, 0x00, 0x80, 0x00, 0x00, 0x00, 0x00,
    0x00, 0x00, 0x00, 0x80, 0x00, 0x00, 0x00, 0x00,
};
static const uint8_t cft_sqrtfull_bank_fp64[352] = {
    0x00, 0x00, 0x00, 0x00, 0x00, 0x00, 0x00, 0x00, 0x00, 0x00, 0x00, 0x00,
    0x00, 0x00, 0xf0, 0x3f, 0x01, 0x00, 0x00, 0x00, 0x00, 0x00, 0x00, 0x00,
    0x00, 0x00, 0x00, 0x00, 0x00, 0x00, 0xf0, 0x7f, 0x00, 0x00, 0x00, 0x00,
    0x00, 0x00, 0x40, 0x03, 0x00, 0x00, 0x00, 0x00, 0x00, 0x00, 0x50, 0x03,
    0x00, 0x00, 0x00, 0x00, 0x00, 0x00, 0xe0, 0x3f, 0x00, 0x00, 0x00, 0x00,
    0x00, 0x00, 0xf8, 0x3f, 0x00, 0x00, 0x00, 0x00, 0x00, 0x00, 0x90, 0x46,
    0x00, 0x00, 0x00, 0x00, 0x00, 0x00, 0x00, 0x80, 0xff, 0xff, 0xff, 0xff,
    0xff, 0xff, 0x0f, 0x00, 0x00, 0x00, 0x00, 0x00, 0x00, 0x00, 0x08, 0x00,
    0xff, 0xff, 0xff, 0xff, 0xff, 0xff, 0xef, 0x7f, 0x00, 0x00, 0x00, 0x00,
    0x00, 0x00, 0x40, 0x43, 0xcb, 0xff, 0xff, 0xff, 0xff, 0xff, 0xff, 0xff,
    0x35, 0x00, 0x00, 0x00, 0x00, 0x00, 0x00, 0x00, 0x34, 0x00, 0x00, 0x00,
    0x00, 0x00, 0x00, 0x00, 0x00, 0x00, 0x00, 0x00, 0x00, 0x00, 0xf8, 0x7f,
    0x00, 0x00, 0x00, 0x00, 0x00, 0x00, 0xf0, 0x7f, 0x01, 0x00, 0x00, 0x00,
    0x00, 0x00, 0x00, 0x00, 0x02, 0x00, 0x00, 0x00, 0x00, 0x00, 0x00, 0x00,
    0x10, 0x00, 0x00, 0x00, 0x00, 0x00, 0x00, 0x00, 0x18, 0x00, 0x00, 0x00,
    0x00, 0x00, 0x00, 0x00, 0x14, 0x00, 0x00, 0x00, 0x00, 0x00, 0x00, 0x00,
    0x00, 0x00, 0x00, 0x00, 0x00, 0x00, 0x10, 0x00, 0x02, 0x00, 0x00, 0x00,
    0x00, 0x00, 0x00, 0x00, 0x35, 0x04, 0x00, 0x00, 0x00, 0x00, 0x00, 0x00,
    0xce, 0xfb, 0xff, 0xff, 0xff, 0xff, 0xff, 0xff, 0x38, 0x00, 0x00, 0x00,
    0x00, 0x00, 0x00, 0x00, 0x02, 0x00, 0x00, 0x00, 0x00, 0x00, 0x00, 0x80,
    0x36, 0x00, 0x00, 0x00, 0x00, 0x00, 0x00, 0x00, 0xff, 0x03, 0x00, 0x00,
    0x00, 0x00, 0x00, 0x00, 0xff, 0xff, 0xff, 0xff, 0xff, 0xff, 0xef, 0x7f,
    0x00, 0x00, 0x00, 0x00, 0x00, 0x00, 0x10, 0x00, 0x00, 0x00, 0x00, 0x00,
    0x00, 0x00, 0x20, 0x00, 0xff, 0x03, 0x00, 0x00, 0x00, 0x00, 0x00, 0x80,
    0xff, 0xff, 0xff, 0xff, 0xff, 0xff, 0xff, 0x7f, 0x3f, 0x00, 0x00, 0x00,
    0x00, 0x00, 0x00, 0x00, 0x03, 0x00, 0x00, 0x00, 0x00, 0x00, 0x00, 0x00,
    0x04, 0x00, 0x00, 0x00, 0x00, 0x00, 0x00, 0x00, 0x00, 0x00, 0x00, 0x00,
    0x00, 0x00, 0x50, 0x43, 0xe5, 0xff, 0xff, 0xff, 0xff, 0xff, 0xff, 0xff,
    0x00, 0x00, 0x00, 0x00, 0x00, 0x00, 0x00, 0x40, 0x00, 0x00, 0x00, 0x00,
    0x00, 0x00, 0x00, 0x40,
};

/* the square root, fp128: 192 instructions, 1568 bytes */
static const uint8_t cft_sqrtfull_image_fp128[1568] = {
    0x43, 0x46, 0x54, 0x50, 0x01, 0x00, 0x00, 0x00, 0xc0, 0x00, 0x00, 0x00,
    0x31, 0x00, 0x00, 0x00, 0x02, 0x00, 0x00, 0x00, 0x02, 0x00, 0x00, 0x00,
    0x01, 0x00, 0x00, 0x00, 0x00, 0x00, 0x00, 0x00, 0x10, 0x0f, 0x00, 0x10,
    0x00, 0x00, 0x00, 0x00, 0x16, 0x02, 0x00, 0x50, 0x00, 0x25, 0x00, 0x00,
    0x10, 0x03, 0x03, 0x10, 0x00, 0x00, 0x00, 0x01, 0x10, 0x04, 0x0a, 0x10,
    0x00, 0x00, 0x00, 0x01, 0x17, 0x45, 0x02, 0x10, 0x00, 0x00, 0x00, 0x03,
    0x17, 0xc4, 0x03, 0x08, 0x00, 0x00, 0x00, 0x05, 0x17, 0x33, 0x02, 0x10,
    0x00, 0x00, 0x00, 0x03, 0x0b, 0x06, 0x54, 0x08, 0x00, 0x00, 0x00, 0x0d,
    0x0b, 0x47, 0x50, 0x10, 0x00, 0x00, 0x00, 0x0b, 0x0b, 0x38, 0x50, 0x10,
    0x00, 0x00, 0x00, 0x0b, 0x0b, 0x09, 0x53, 0x08, 0x00, 0x00, 0x00, 0x0d,
    0x10, 0x03, 0x0b, 0x10, 0x00, 0x00, 0x00, 0x01, 0x17, 0x33, 0x02, 0x10,
    0x00, 0x00, 0x00, 0x03, 0x0b, 0x6a, 0x30, 0x10, 0x00, 0x00, 0x00, 0x0b,
    0x11, 0x01, 0x00, 0x10, 0x00, 0x00, 0x00, 0x01, 0x10, 0x02, 0x00, 0x10,
    0x00, 0x00, 0x00, 0x01, 0x0b, 0x0b, 0x82, 0x08, 0x00, 0x00, 0x00, 0x09,
    0x0b, 0x01, 0xb1, 0x48, 0x11, 0x00, 0x00, 0x0d, 0x0b, 0x02, 0xb2, 0x48,
    0x13, 0x00, 0x00, 0x0d, 0x0b, 0x01, 0x61, 0x48, 0x11, 0x00, 0x00, 0x0d,
    0x0b, 0x0f, 0xa0, 0x58, 0x13, 0x00, 0x00, 0x09, 0x0b, 0xf2, 0x62, 0x00,
    0x00, 0x00, 0x00, 0x0f, 0x0b, 0x10, 0x87, 0x08, 0x00, 0x00, 0x00, 0x0d,
    0x0b, 0x10, 0xb0, 0x08, 0x00, 0x00, 0x00, 0x0d, 0x0b, 0x10, 0x60, 0x08,
    0x00, 0x00, 0x00, 0x0d, 0x03, 0x03, 0x00, 0x50, 0x00, 0x28, 0x00, 0x01,
    0x0b, 0x33, 0x90, 0x00, 0x00, 0x00, 0x00, 0x0b, 0x0b, 0x0e, 0x90, 0x58,
    0x29, 0x00, 0x00, 0x08, 0x10, 0x35, 0x03, 0x10, 0x00, 0x00, 0x00, 0x03,
    0x16, 0x55, 0x00, 0x50, 0x00, 0x10, 0x00, 0x03, 0x14, 0x55, 0x00, 0x50,
    0x00, 0x1f, 0x00, 0x03, 0x10, 0x56, 0x02, 0x10, 0x00, 0x00, 0x00, 0x03,
    0x10, 0x3d, 0x0a, 0x10, 0x00, 0x00, 0x00, 0x02, 0x11, 0xdd, 0x01, 0x10,
    0x00, 0x00, 0x00, 0x00, 0x03, 0xd4, 0x00, 0x50, 0x00, 0x2b, 0x00, 0x01,
    0x0b, 0x4d, 0x6d, 0x00, 0x00, 0x00, 0x00, 0x0a, 0x14, 0x55, 0x06, 0x00,
    0x00, 0x00, 0x00, 0x07, 0x13, 0x55, 0x09, 0x10, 0x00, 0x00, 0x00, 0x03,
    0x16, 0x55, 0x02, 0x10, 0x00, 0x00, 0x00, 0x03, 0x14, 0x55, 0x00, 0x50,
    0x00, 0x2a, 0x00, 0x03, 0x13, 0xee, 0x05, 0x00, 0x00, 0x00, 0x00, 0x04,
    0x0b, 0x1d, 0x0d, 0x08, 0x00, 0x00, 0x00, 0x08, 0x1b, 0xd3, 0x00, 0x00,
    0x00, 0x00, 0x00, 0x00, 0x05, 0xd4, 0x00, 0x00, 0x00, 0x00, 0x00, 0x00,
    0x03, 0x44, 0x06, 0x10, 0x00, 0x00, 0x00, 0x00, 0x03, 0x35, 0x03, 0x00,
    0x00, 0x00, 0x00, 0x00, 0x00, 0x45, 0x75, 0x20, 0x00, 0x00, 0x00, 0x00,
    0x03, 0x33, 0x05, 0x00, 0x00, 0x00, 0x00, 0x00, 0x03, 0x35, 0x03, 0x00,
    0x00, 0x00, 0x00, 0x00, 0x00, 0x45, 0x75, 0x20, 0x00, 0x00, 0x00, 0x00,
    0x03, 0x33, 0x05, 0x00, 0x00, 0x00, 0x00, 0x00, 0x03, 0x35, 0x03, 0x00,
    0x00, 0x00, 0x00, 0x00, 0x00, 0x45, 0x75, 0x20, 0x00, 0x00, 0x00, 0x00,
    0x03, 0x33, 0x05, 0x00, 0x00, 0x00, 0x00, 0x00, 0x03, 0x35, 0x03, 0x00,
    0x00, 0x00, 0x00, 0x00, 0x00, 0x45, 0x75, 0x20, 0x00, 0x00, 0x00, 0x00,
    0x03, 0x33, 0x05, 0x00, 0x00, 0x00, 0x00, 0x00, 0x03, 0xd5, 0x03, 0x00,
    0x00, 0x00, 0x00, 0x00, 0x03, 0x3a, 0x06, 0x10, 0x00, 0x00, 0x00, 0x00,
    0x05, 0x54, 0x00, 0x00, 0x00, 0x00, 0x00, 0x00, 0x00, 0x46, 0xd5, 0x00,
    0x00, 0x00, 0x00, 0x00, 0x00, 0x67, 0x5a, 0x00, 0x00, 0x00, 0x00, 0x00,
    0x05, 0x74, 0x00, 0x00, 0x00, 0x00, 0x00, 0x00, 0x00, 0x46, 0xd7, 0x00,
    0x00, 0x00, 0x00, 0x00, 0x0c, 0x69, 0x00, 0x10, 0x00, 0x00, 0x00, 0x00,
    0x14, 0x7b, 0x02, 0x10, 0x00, 0x00, 0x00, 0x00, 0x0b, 0xb7, 0x97, 0x00,
    0x00, 0x00, 0x00, 0x00, 0x13, 0x7c, 0x02, 0x10, 0x00, 0x00, 0x00, 0x00,
    0x05, 0xc4, 0x00, 0x00, 0x00, 0x00, 0x00, 0x00, 0x00, 0x4a, 0xdc, 0x00,
    0x00, 0x00, 0x00, 0x00, 0x0d, 0x0a, 0x0a, 0x08, 0x00, 0x00, 0x00, 0x00,
    0x02, 0x1b, 0x90, 0x08, 0x00, 0x00, 0x00, 0x00, 0x03, 0xaa, 0x0b, 0x00,
    0x00, 0x00, 0x00, 0x00, 0x0b, 0xc7, 0xa7, 0x00, 0x00, 0x00, 0x00, 0x00,
    0x05, 0x74, 0x00, 0x00, 0x00, 0x00, 0x00, 0x00, 0x00, 0x46, 0xd7, 0x00,
    0x00, 0x00, 0x00, 0x00, 0x0c, 0x69, 0x00, 0x10, 0x00, 0x00, 0x00, 0x00,
    0x14, 0x7b, 0x02, 0x10, 0x00, 0x00, 0x00, 0x00, 0x0b, 0xb7, 0x97, 0x00,
    0x00, 0x00, 0x00, 0x00, 0x13, 0x7c, 0x02, 0x10, 0x00, 0x00, 0x00, 0x00,
    0x05, 0xc4, 0x00, 0x00, 0x00, 0x00, 0x00, 0x00, 0x00, 0x4a, 0xdc, 0x00,
    0x00, 0x00, 0x00, 0x00, 0x0d, 0x0a, 0x0a, 0x08, 0x00, 0x00, 0x00, 0x00,
    0x02, 0x1b, 0x90, 0x08, 0x00, 0x00, 0x00, 0x00, 0x03, 0xaa, 0x0b, 0x00,
    0x00, 0x00, 0x00, 0x00, 0x0b, 0xc7, 0xa7, 0x00, 0x00, 0x00, 0x00, 0x00,
    0x05, 0x74, 0x00, 0x00, 0x00, 0x00, 0x00, 0x00, 0x00, 0x46, 0xd7, 0x00,
    0x00, 0x00, 0x00, 0x00, 0x10, 0x78, 0x03, 0x10, 0x00, 0x00, 0x00, 0x00,
    0x14, 0x8a, 0x04, 0x10, 0x00, 0x00, 0x00, 0x00, 0x03, 0x7a, 0x0a, 0x00,
    0x00, 0x00, 0x00, 0x00, 0x02, 0x6b, 0xa0, 0x00, 0x00, 0x00, 0x00, 0x00,
    0x15, 0x88, 0x02, 0x10, 0x00, 0x00, 0x00, 0x00, 0x14, 0x88, 0x08, 0x10,
    0x00, 0x00, 0x00, 0x00, 0x02, 0xbb, 0x80, 0x00, 0x00, 0x00, 0x00, 0x00,
    0x10, 0x63, 0x00, 0x50, 0x00, 0x24, 0x00, 0x01, 0x17, 0x33, 0x02, 0x10,
    0x00, 0x00, 0x00, 0x03, 0x16, 0xb5, 0x00, 0x50, 0x00, 0x25, 0x00, 0x01,
    0x0b, 0x06, 0x52, 0x18, 0x00, 0x00, 0x00, 0x09, 0x0b, 0x06, 0x36, 0x08,
    0x00, 0x00, 0x00, 0x0d, 0x0b, 0x07, 0x32, 0x18, 0x00, 0x00, 0x00, 0x09,
    0x10, 0x78, 0x0a, 0x10, 0x00, 0x00, 0x00, 0x01, 0x11, 0x88, 0x00, 0x50,
    0x00, 0x18, 0x00, 0x03, 0x15, 0x88, 0x00, 0x50, 0x00, 0x19, 0x00, 0x03,
    0x15, 0x69, 0x02, 0x10, 0x00, 0x00, 0x00, 0x03, 0x11, 0x88, 0x09, 0x00,
    0x00, 0x00, 0x00, 0x07, 0x11, 0x88, 0x07, 0x00, 0x00, 0x00, 0x00, 0x07,
    0x10, 0x79, 0x03, 0x10, 0x00, 0x00, 0x00, 0x01, 0x16, 0x99, 0x00, 0x50,
    0x00, 0x10, 0x00, 0x03, 0x13, 0x99, 0x0e, 0x00, 0x00, 0x00, 0x00, 0x03,
    0x14, 0x99, 0x00, 0x50, 0x00, 0x1a, 0x00, 0x03, 0x14, 0x0a, 0x09, 0x48,
    0x1b, 0x00, 0x00, 0x05, 0x12, 0xab, 0x09, 0x10, 0x00, 0x00, 0x00, 0x03,
    0x17, 0x0c, 0x0b, 0x48, 0x1d, 0x00, 0x00, 0x05, 0x0b, 0xad, 0xc0, 0x50,
    0x00, 0x19, 0x00, 0x0b, 0x17, 0x0e, 0x0d, 0x48, 0x1c, 0x00, 0x00, 0x05,
    0x0b, 0x0d, 0xed, 0x48, 0x1c, 0x00, 0x00, 0x0d, 0x16, 0x8e, 0x0d, 0x00,
    0x00, 0x00, 0x00, 0x07, 0x15, 0x2f, 0x0d, 0x08, 0x00, 0x00, 0x00, 0x05,
    0x14, 0xff, 0x02, 0x10, 0x00, 0x00, 0x00, 0x03, 0x10, 0x83, 0x0f, 0x00,
    0x00, 0x00, 0x00, 0x06, 0x14, 0xd4, 0x02, 0x10, 0x00, 0x00, 0x00, 0x02,
    0x15, 0x24, 0x04, 0x08, 0x00, 0x00, 0x00, 0x00, 0x17, 0x35, 0x04, 0x00,
    0x00, 0x00, 0x00, 0x00, 0x0b, 0x05, 0x52, 0x18, 0x00, 0x00, 0x00, 0x00,
    0x14, 0x48, 0x02, 0x10, 0x00, 0x00, 0x00, 0x00, 0x10, 0x38, 0x08, 0x00,
    0x00, 0x00, 0x00, 0x00, 0x17, 0x08, 0x08, 0x08, 0x00, 0x00, 0x00, 0x00,
    0x0b, 0x28, 0x80, 0x18, 0x00, 0x00, 0x00, 0x00, 0x0b, 0x29, 0x58, 0x08,
    0x00, 0x00, 0x00, 0x00, 0x10, 0xeb, 0x02, 0x10, 0x00, 0x00, 0x00, 0x02,
    0x0b, 0x2c, 0x8b, 0x08, 0x00, 0x00, 0x00, 0x00, 0x0b, 0xcc, 0x50, 0x10,
    0x00, 0x00, 0x00, 0x00, 0x0b, 0x2d, 0x58, 0x08, 0x00, 0x00, 0x00, 0x00,
    0x0b, 0xd3, 0x20, 0x10, 0x00, 0x00, 0x00, 0x01, 0x0b, 0x0d, 0x2d, 0x08,
    0x00, 0x00, 0x00, 0x00, 0x0b, 0x54, 0x00, 0x70, 0x00, 0x00, 0x30, 0x01,
    0x0b, 0xd4, 0x04, 0x60, 0x00, 0x00, 0x2f, 0x05, 0x0b, 0x34, 0x04, 0x60,
    0x00, 0x00, 0x2e, 0x07, 0x0b, 0xc4, 0x04, 0x60, 0x00, 0x00, 0x2c, 0x05,
    0x13, 0xe5, 0x04, 0x00, 0x00, 0x00, 0x00, 0x07, 0x13, 0x96, 0x00, 0x50,
    0x00, 0x1e, 0x00, 0x03, 0x13, 0x67, 0x00, 0x50, 0x00, 0x1f, 0x00, 0x03,
    0x15, 0x77, 0x00, 0x50, 0x00, 0x10, 0x00, 0x03, 0x13, 0x77, 0x05, 0x00,
    0x00, 0x00, 0x00, 0x07, 0x14, 0x77, 0x00, 0x50, 0x00, 0x21, 0x00, 0x03,
    0x11, 0x77, 0x0f, 0x00, 0x00, 0x00, 0x00, 0x03, 0x17, 0x5b, 0x00, 0x50,
    0x00, 0x22, 0x00, 0x03, 0x0b, 0x0b, 0xb2, 0x18, 0x00, 0x00, 0x00, 0x09,
    0x13, 0x6b, 0x0b, 0x00, 0x00, 0x00, 0x00, 0x07, 0x12, 0xbb, 0x09, 0x10,
    0x00, 0x00, 0x00, 0x03, 0x17, 0x0b, 0x0b, 0x48, 0x23, 0x00, 0x00, 0x05,
    0x0b, 0x0d, 0x20, 0x58, 0x2e, 0x2f, 0x00, 0x01, 0x0b, 0x0d, 0x0d, 0x68,
    0x02, 0x00, 0x2c, 0x05, 0x0b, 0x0d, 0x0d, 0x68, 0x02, 0x00, 0x30, 0x05,
    0x11, 0xfe, 0x00, 0x50, 0x00, 0x12, 0x00, 0x01, 0x11, 0xff, 0x00, 0x50,
    0x00, 0x20, 0x00, 0x01, 0x0b, 0xee, 0xdf, 0x00, 0x00, 0x00, 0x00, 0x0f,
    0x0b, 0xe7, 0xb7, 0x00, 0x00, 0x00, 0x00, 0x0f, 0x0b, 0x0f, 0x90, 0x58,
    0x15, 0x00, 0x00, 0x01, 0x0b, 0x0f, 0xbf, 0x48, 0x17, 0x00, 0x00, 0x0d,
    0x11, 0xf3, 0x05, 0x00, 0x00, 0x00, 0x00, 0x04, 0x16, 0x84, 0x00, 0x50,
    0x00, 0x19, 0x00, 0x02, 0x10, 0x85, 0x02, 0x10, 0x00, 0x00, 0x00, 0x02,
    0x16, 0x88, 0x02, 0x10, 0x00, 0x00, 0x00, 0x02, 0x10, 0x88, 0x02, 0x10,
    0x00, 0x00, 0x00, 0x00, 0x10, 0x4b, 0x02, 0x10, 0x00, 0x00, 0x00, 0x00,
    0x0b, 0x2c, 0x5b, 0x08, 0x00, 0x00, 0x00, 0x00, 0x0b, 0xcc, 0x80, 0x10,
    0x00, 0x00, 0x00, 0x00, 0x0b, 0x2d, 0x85, 0x08, 0x00, 0x00, 0x00, 0x00,
    0x0b, 0xd3, 0x20, 0x10, 0x00, 0x00, 0x00, 0x01, 0x0b, 0x0d, 0x2d, 0x08,
    0x00, 0x00, 0x00, 0x00, 0x0b, 0x8d, 0x00, 0x70, 0x00, 0x00, 0x30, 0x01,
    0x0b, 0xdd, 0x0d, 0x60, 0x00, 0x00, 0x2f, 0x05, 0x0b, 0x3d, 0x0d, 0x60,
    0x00, 0x00, 0x2e, 0x07, 0x0b, 0xcd, 0x0d, 0x60, 0x00, 0x00, 0x2c, 0x05,
    0x13, 0x44, 0x0d, 0x00, 0x00, 0x00, 0x00, 0x04, 0x17, 0x44, 0x00, 0x50,
    0x00, 0x22, 0x00, 0x00, 0x0b, 0x04, 0x42, 0x18, 0x00, 0x00, 0x00, 0x00,
    0x17, 0xa5, 0x00, 0x50, 0x00, 0x26, 0x00, 0x02, 0x17, 0xa8, 0x00, 0x50,
    0x00, 0x27, 0x00, 0x02, 0x0b, 0x05, 0x58, 0x08, 0x00, 0x00, 0x00, 0x00,
    0x0b, 0x45, 0x50, 0x10, 0x00, 0x00, 0x00, 0x00, 0x0b, 0x08, 0x50, 0x58,
    0x15, 0x16, 0x00, 0x00, 0x0b, 0x88, 0x90, 0x10, 0x00, 0x00, 0x00, 0x00,
    0x0b, 0x33, 0xc7, 0x00, 0x00, 0x00, 0x00, 0x0c, 0x0b, 0x88, 0xcf, 0x00,
    0x00, 0x00, 0x00, 0x0c, 0x0b, 0x13, 0x03, 0x00, 0x00, 0x00, 0x00, 0x0a,
    0x0b, 0x28, 0x08, 0x00, 0x00, 0x00, 0x00, 0x0a, 0x03, 0x30, 0x00, 0x80,
    0x00, 0x00, 0x00, 0x00, 0x03, 0x80, 0x00, 0x80, 0x00, 0x00, 0x00, 0x00,
    0x00, 0x00, 0x00, 0x80, 0x00, 0x00, 0x00, 0x00,
};
static const uint8_t cft_sqrtfull_bank_fp128[704] = {
    0x00, 0x00, 0x00, 0x00, 0x00, 0x00, 0x00, 0x00, 0x00, 0x00, 0x00, 0x00,
    0x00, 0x00, 0x00, 0x00, 0x00, 0x00, 0x00, 0x00, 0x00, 0x00, 0x00, 0x00,
    0x00, 0x00, 0x00, 0x00, 0x00, 0x00, 0xff, 0x3f, 0x01, 0x00, 0x00, 0x00,
    0x00, 0x00, 0x00, 0x00, 0x00, 0x00, 0x00, 0x00, 0x00, 0x00, 0x00, 0x00,
    0x00, 0x00, 0x00, 0x00, 0x00, 0x00, 0x00, 0x00, 0x00, 0x00, 0x00, 0x00,
    0x00, 0x00, 0xff, 0x7f, 0x00, 0x00, 0x00, 0x00, 0x00, 0x00, 0x00, 0x00,
    0x00, 0x00, 0x00, 0x00, 0x00, 0x00, 0x70, 0x00, 0x00, 0x00, 0x00, 0x00,
    0x00, 0x00, 0x00, 0x00, 0x00, 0x00, 0x00, 0x00, 0x00, 0x00, 0x71, 0x00,
    0x00, 0x00, 0x00, 0x00, 0x00, 0x00, 0x00, 0x00, 0x00, 0x00, 0x00, 0x00,
    0x00, 0x00, 0xfe, 0x3f, 0x00, 0x00, 0x00, 0x00, 0x00, 0x00, 0x00, 0x00,
    0x00, 0x00, 0x00, 0x00, 0x00, 0x80, 0xff, 0x3f, 0x00, 0x00, 0x00, 0x00,
    0x00, 0x00, 0x00, 0x00, 0x00, 0x00, 0x00, 0x00, 0x00, 0x00, 0xe1, 0x40,
    0x00, 0x00, 0x00, 0x00, 0x00, 0x00, 0x00, 0x00, 0x00, 0x00, 0x00, 0x00,
    0x00, 0x00, 0x00, 0x80, 0xff, 0xff, 0xff, 0xff, 0xff, 0xff, 0xff, 0xff,
    0xff, 0xff, 0xff, 0xff, 0xff, 0xff, 0x00, 0x00, 0x00, 0x00, 0x00, 0x00,
    0x00, 0x00, 0x00, 0x00, 0x00, 0x00, 0x00, 0x00, 0x00, 0x80, 0x00, 0x00,
    0xff, 0xff, 0xff, 0xff, 0xff, 0xff, 0xff, 0xff, 0xff, 0xff, 0xff, 0xff,
    0xff, 0xff, 0xfe, 0x7f, 0x00, 0x00, 0x00, 0x00, 0x00, 0x00, 0x00, 0x00,
    0x00, 0x00, 0x00, 0x00, 0x00, 0x00, 0x70, 0x40, 0x8f, 0xff, 0xff, 0xff,
    0xff, 0xff, 0xff, 0xff, 0xff, 0xff, 0xff, 0xff, 0xff, 0xff, 0xff, 0xff,
    0x71, 0x00, 0x00, 0x00, 0x00, 0x00, 0x00, 0x00, 0x00, 0x00, 0x00, 0x00,
    0x00, 0x00, 0x00, 0x00, 0x70, 0x00, 0x00, 0x00, 0x00, 0x00, 0x00, 0x00,
    0x00, 0x00, 0x00, 0x00, 0x00, 0x00, 0x00, 0x00, 0x00, 0x00, 0x00, 0x00,
    0x00, 0x00, 0x00, 0x00, 0x00, 0x00, 0x00, 0x00, 0x00, 0x80, 0xff, 0x7f,
    0x00, 0x00, 0x00, 0x00, 0x00, 0x00, 0x00, 0x00, 0x00, 0x00, 0x00, 0x00,
    0x00, 0x00, 0xff, 0x7f, 0x01, 0x00, 0x00, 0x00, 0x00, 0x00, 0x00, 0x00,
    0x00, 0x00, 0x00, 0x00, 0x00, 0x00, 0x00, 0x00, 0x02, 0x00, 0x00, 0x00,
    0x00, 0x00, 0x00, 0x00, 0x00, 0x00, 0x00, 0x00, 0x00, 0x00, 0x00, 0x00,
    0x10, 0x00, 0x00, 0x00, 0x00, 0x00, 0x00, 0x00, 0x00, 0x00, 0x00, 0x00,
    0x00, 0x00, 0x00, 0x00, 0x18, 0x00, 0x00, 0x00, 0x00, 0x00, 0x00, 0x00,
    0x00, 0x00, 0x00, 0x00, 0x00, 0x00, 0x00, 0x00, 0x14, 0x00, 0x00, 0x00,
    0x00, 0x00, 0x00, 0x00, 0x00, 0x00, 0x00, 0x00, 0x00, 0x00, 0x00, 0x00,
    0x00, 0x00, 0x00, 0x00, 0x00, 0x00, 0x00, 0x00, 0x00, 0x00, 0x00, 0x00,
    0x00, 0x00, 0x01, 0x00, 0x02, 0x00, 0x00, 0x00, 0x00, 0x00, 0x00, 0x00,
    0x00, 0x00, 0x00, 0x00, 0x00, 0x00, 0x00, 0x00, 0x71, 0x40, 0x00, 0x00,
    0x00, 0x00, 0x00, 0x00, 0x00, 0x00, 0x00, 0x00, 0x00, 0x00, 0x00, 0x00,
    0x92, 0xbf, 0xff, 0xff, 0xff, 0xff, 0xff, 0xff, 0xff, 0xff, 0xff, 0xff,
    0xff, 0xff, 0xff, 0xff, 0x74, 0x00, 0x00, 0x00, 0x00, 0x00, 0x00, 0x00,
    0x00, 0x00, 0x00, 0x00, 0x00, 0x00, 0x00, 0x00, 0x02, 0x00, 0x00, 0x00,
    0x00, 0x00, 0x00, 0x00, 0x00, 0x00, 0x00, 0x00, 0x00, 0x00, 0x00, 0x80,
    0x72, 0x00, 0x00, 0x00, 0x00, 0x00, 0x00, 0x00, 0x00, 0x00, 0x00, 0x00,
    0x00, 0x00, 0x00, 0x00, 0xff, 0x3f, 0x00, 0x00, 0x00, 0x00, 0x00, 0x00,
    0x00, 0x00, 0x00, 0x00, 0x00, 0x00, 0x00, 0x00, 0xff, 0xff, 0xff, 0xff,
    0xff, 0xff, 0xff, 0xff, 0xff, 0xff, 0xff, 0xff, 0xff, 0xff, 0xfe, 0x7f,
    0x00, 0x00, 0x00, 0x00, 0x00, 0x00, 0x00, 0x00, 0x00, 0x00, 0x00, 0x00,
    0x00, 0x00, 0x01, 0x00, 0x00, 0x00, 0x00, 0x00, 0x00, 0x00, 0x00, 0x00,
    0x00, 0x00, 0x00, 0x00, 0x00, 0x00, 0x02, 0x00, 0xff, 0x3f, 0x00, 0x00,
    0x00, 0x00, 0x00, 0x00, 0x00, 0x00, 0x00, 0x00, 0x00, 0x00, 0x00, 0x80,
    0xff, 0xff, 0xff, 0xff, 0xff, 0xff, 0xff, 0xff, 0xff, 0xff, 0xff, 0xff,
    0xff, 0xff, 0xff, 0x7f, 0x7f, 0x00, 0x00, 0x00, 0x00, 0x00, 0x00, 0x00,
    0x00, 0x00, 0x00, 0x00, 0x00, 0x00, 0x00, 0x00, 0x03, 0x00, 0x00, 0x00,
    0x00, 0x00, 0x00, 0x00, 0x00, 0x00, 0x00, 0x00, 0x00, 0x00, 0x00, 0x00,
    0x04, 0x00, 0x00, 0x00, 0x00, 0x00, 0x00, 0x00, 0x00, 0x00, 0x00, 0x00,
    0x00, 0x00, 0x00, 0x00, 0x00, 0x00, 0x00, 0x00, 0x00, 0x00, 0x00, 0x00,
    0x00, 0x00, 0x00, 0x00, 0x00, 0x00, 0x71, 0x40, 0xc7, 0xff, 0xff, 0xff,
    0xff, 0xff, 0xff, 0xff, 0xff, 0xff, 0xff, 0xff, 0xff, 0xff, 0xff, 0xff,
    0x00, 0x00, 0x00, 0x00, 0x00, 0x00, 0x00, 0x00, 0x00, 0x00, 0x00, 0x00,
    0x00, 0x00, 0x00, 0x40, 0x00, 0x00, 0x00, 0x00, 0x00, 0x00, 0x00, 0x00,
    0x00, 0x00, 0x00, 0x00, 0x00, 0x00, 0x00, 0x40,
};

/* the square root, fp256: 195 instructions, 1592 bytes */
static const uint8_t cft_sqrtfull_image_fp256[1592] = {
    0x43, 0x46, 0x54, 0x50, 0x01, 0x00, 0x00, 0x00, 0xc3, 0x00, 0x00, 0x00,
    0x31, 0x00, 0x00, 0x00, 0x02, 0x00, 0x00, 0x00, 0x03, 0x00, 0x00, 0x00,
    0x01, 0x00, 0x00, 0x00, 0x00, 0x00, 0x00, 0x00, 0x10, 0x0f, 0x00, 0x10,
    0x00, 0x00, 0x00, 0x00, 0x16, 0x02, 0x00, 0x50, 0x00, 0x25, 0x00, 0x00,
    0x10, 0x03, 0x03, 0x10, 0x00, 0x00, 0x00, 0x01, 0x10, 0x04, 0x0a, 0x10,
    0x00, 0x00, 0x00, 0x01, 0x17, 0x45, 0x02, 0x10, 0x00, 0x00, 0x00, 0x03,
    0x17, 0xc4, 0x03, 0x08, 0x00, 0x00, 0x00, 0x05, 0x17, 0x33, 0x02, 0x10,
    0x00, 0x00, 0x00, 0x03, 0x0b, 0x06, 0x54, 0x08, 0x00, 0x00, 0x00, 0x0d,
    0x0b, 0x47, 0x50, 0x10, 0x00, 0x00, 0x00, 0x0b, 0x0b, 0x38, 0x50, 0x10,
    0x00, 0x00, 0x00, 0x0b, 0x0b, 0x09, 0x53, 0x08, 0x00, 0x00, 0x00, 0x0d,
    0x10, 0x03, 0x0b, 0x10, 0x00, 0x00, 0x00, 0x01, 0x17, 0x33, 0x02, 0x10,
    0x00, 0x00, 0x00, 0x03, 0x0b, 0x6a, 0x30, 0x10, 0x00, 0x00, 0x00, 0x0b,
    0x11, 0x01, 0x00, 0x10, 0x00, 0x00, 0x00, 0x01, 0x10, 0x02, 0x00, 0x10,
    0x00, 0x00, 0x00, 0x01, 0x0b, 0x0b, 0x82, 0x08, 0x00, 0x00, 0x00, 0x09,
    0x0b, 0x01, 0xb1, 0x48, 0x11, 0x00, 0x00, 0x0d, 0x0b, 0x02, 0xb2, 0x48,
    0x13, 0x00, 0x00, 0x0d, 0x0b, 0x01, 0x61, 0x48, 0x11, 0x00, 0x00, 0x0d,
    0x0b, 0x0f, 0xa0, 0x58, 0x13, 0x00, 0x00, 0x09, 0x0b, 0xf2, 0x62, 0x00,
    0x00, 0x00, 0x00, 0x0f, 0x0b, 0x10, 0x87, 0x08, 0x00, 0x00, 0x00, 0x0d,
    0x0b, 0x10, 0xb0, 0x08, 0x00, 0x00, 0x00, 0x0d, 0x0b, 0x10, 0x60, 0x08,
    0x00, 0x00, 0x00, 0x0d, 0x03, 0x03, 0x00, 0x50, 0x00, 0x28, 0x00, 0x01,
    0x0b, 0x33, 0x90, 0x00, 0x00, 0x00, 0x00, 0x0b, 0x0b, 0x0e, 0x90, 0x58,
    0x29, 0x00, 0x00, 0x08, 0x10, 0x35, 0x03, 0x10, 0x00, 0x00, 0x00, 0x03,
    0x16, 0x55, 0x00, 0x50, 0x00, 0x10, 0x00, 0x03, 0x14, 0x55, 0x00, 0x50,
    0x00, 0x1f, 0x00, 0x03, 0x10, 0x56, 0x02, 0x10, 0x00, 0x00, 0x00, 0x03,
    0x10, 0x3d, 0x0a, 0x10, 0x00, 0x00, 0x00, 0x02, 0x11, 0xdd, 0x01, 0x10,
    0x00, 0x00, 0x00, 0x00, 0x03, 0xd4, 0x00, 0x50, 0x00, 0x2b, 0x00, 0x01,
    0x0b, 0x4d, 0x6d, 0x00, 0x00, 0x00, 0x00, 0x0a, 0x14, 0x55, 0x06, 0x00,
    0x00, 0x00, 0x00, 0x07, 0x13, 0x55, 0x09, 0x10, 0x00, 0x00, 0x00, 0x03,
    0x16, 0x55, 0x02, 0x10, 0x00, 0x00, 0x00, 0x03, 0x14, 0x55, 0x00, 0x50,
    0x00, 0x2a, 0x00, 0x03, 0x13, 0xee, 0x05, 0x00, 0x00, 0x00, 0x00, 0x04,
    0x0b, 0x1d, 0x0d, 0x08, 0x00, 0x00, 0x00, 0x08, 0x1b, 0xd3, 0x00, 0x00,
    0x00, 0x00, 0x00, 0x00, 0x05, 0xd4, 0x00, 0x00, 0x00, 0x00, 0x00, 0x00,
    0x03, 0x44, 0x06, 0x10, 0x00, 0x00, 0x00, 0x00, 0x03, 0x35, 0x03, 0x00,
    0x00, 0x00, 0x00, 0x00, 0x00, 0x45, 0x75, 0x20, 0x00, 0x00, 0x00, 0x00,
    0x03, 0x33, 0x05, 0x00, 0x00, 0x00, 0x00, 0x00, 0x03, 0x35, 0x03, 0x00,
    0x00, 0x00, 0x00, 0x00, 0x00, 0x45, 0x75, 0x20, 0x00, 0x00, 0x00, 0x00,
    0x03, 0x33, 0x05, 0x00, 0x00, 0x00, 0x00, 0x00, 0x03, 0x35, 0x03, 0x00,
    0x00, 0x00, 0x00, 0x00, 0x00, 0x45, 0x75, 0x20, 0x00, 0x00, 0x00, 0x00,
    0x03, 0x33, 0x05, 0x00, 0x00, 0x00, 0x00, 0x00, 0x03, 0x35, 0x03, 0x00,
    0x00, 0x00, 0x00, 0x00, 0x00, 0x45, 0x75, 0x20, 0x00, 0x00, 0x00, 0x00,
    0x03, 0x33, 0x05, 0x00, 0x00, 0x00, 0x00, 0x00, 0x03, 0x35, 0x03, 0x00,
    0x00, 0x00, 0x00, 0x00, 0x00, 0x45, 0x75, 0x20, 0x00, 0x00, 0x00, 0x00,
    0x03, 0x33, 0x05, 0x00, 0x00, 0x00, 0x00, 0x00, 0x03, 0xd5, 0x03, 0x00,
    0x00, 0x00, 0x00, 0x00, 0x03, 0x3a, 0x06, 0x10, 0x00, 0x00, 0x00, 0x00,
    0x05, 0x54, 0x00, 0x00, 0x00, 0x00, 0x00, 0x00, 0x00, 0x46, 0xd5, 0x00,
    0x00, 0x00, 0x00, 0x00, 0x00, 0x67, 0x5a, 0x00, 0x00, 0x00, 0x00, 0x00,
    0x05, 0x74, 0x00, 0x00, 0x00, 0x00, 0x00, 0x00, 0x00, 0x46, 0xd7, 0x00,
    0x00, 0x00, 0x00, 0x00, 0x0c, 0x69, 0x00, 0x10, 0x00, 0x00, 0x00, 0x00,
    0x14, 0x7b, 0x02, 0x10, 0x00, 0x00, 0x00, 0x00, 0x0b, 0xb7, 0x97, 0x00,
    0x00, 0x00, 0x00, 0x00, 0x13, 0x7c, 0x02, 0x10, 0x00, 0x00, 0x00, 0x00,
    0x05, 0xc4, 0x00, 0x00, 0x00, 0x00, 0x00, 0x00, 0x00, 0x4a, 0xdc, 0x00,
    0x00, 0x00, 0x00, 0x00, 0x0d, 0x0a, 0x0a, 0x08, 0x00, 0x00, 0x00, 0x00,
    0x02, 0x1b, 0x90, 0x08, 0x00, 0x00, 0x00, 0x00, 0x03, 0xaa, 0x0b, 0x00,
    0x00, 0x00, 0x00, 0x00, 0x0b, 0xc7, 0xa7, 0x00, 0x00, 0x00, 0x00, 0x00,
    0x05, 0x74, 0x00, 0x00, 0x00, 0x00, 0x00, 0x00, 0x00, 0x46, 0xd7, 0x00,
    0x00, 0x00, 0x00, 0x00, 0x0c, 0x69, 0x00, 0x10, 0x00, 0x00, 0x00, 0x00,
    0x14, 0x7b, 0x02, 0x10, 0x00, 0x00, 0x00, 0x00, 0x0b, 0xb7, 0x97, 0x00,
    0x00, 0x00, 0x00, 0x00, 0x13, 0x7c, 0x02, 0x10, 0x00, 0x00, 0x00, 0x00,
    0x05, 0xc4, 0x00, 0x00, 0x00, 0x00, 0x00, 0x00, 0x00, 0x4a, 0xdc, 0x00,
    0x00, 0x00, 0x00, 0x00, 0x0d, 0x0a, 0x0a, 0x08, 0x00, 0x00, 0x00, 0x00,
    0x02, 0x1b, 0x90, 0x08, 0x00, 0x00, 0x00, 0x00, 0x03, 0xaa, 0x0b, 0x00,
    0x00, 0x00, 0x00, 0x00, 0x0b, 0xc7, 0xa7, 0x00, 0x00, 0x00, 0x00, 0x00,
    0x05, 0x74, 0x00, 0x00, 0x00, 0x00, 0x00, 0x00, 0x00, 0x46, 0xd7, 0x00,
    0x00, 0x00, 0x00, 0x00, 0x10, 0x78, 0x03, 0x10, 0x00, 0x00, 0x00, 0x00,
    0x14, 0x8a, 0x04, 0x10, 0x00, 0x00, 0x00, 0x00, 0x03, 0x7a, 0x0a, 0x00,
    0x00, 0x00, 0x00, 0x00, 0x02, 0x6b, 0xa0, 0x00, 0x00, 0x00, 0x00, 0x00,
    0x15, 0x88, 0x02, 0x10, 0x00, 0x00, 0x00, 0x00, 0x14, 0x88, 0x08, 0x10,
    0x00, 0x00, 0x00, 0x00, 0x02, 0xbb, 0x80, 0x00, 0x00, 0x00, 0x00, 0x00,
    0x10, 0x63, 0x00, 0x50, 0x00, 0x24, 0x00, 0x01, 0x17, 0x33, 0x02, 0x10,
    0x00, 0x00, 0x00, 0x03, 0x16, 0xb5, 0x00, 0x50, 0x00, 0x25, 0x00, 0x01,
    0x0b, 0x06, 0x52, 0x18, 0x00, 0x00, 0x00, 0x09, 0x0b, 0x06, 0x36, 0x08,
    0x00, 0x00, 0x00, 0x0d, 0x0b, 0x07, 0x32, 0x18, 0x00, 0x00, 0x00, 0x09,
    0x10, 0x78, 0x0a, 0x10, 0x00, 0x00, 0x00, 0x01, 0x11, 0x88, 0x00, 0x50,
    0x00, 0x18, 0x00, 0x03, 0x15, 0x88, 0x00, 0x50, 0x00, 0x19, 0x00, 0x03,
    0x15, 0x69, 0x02, 0x10, 0x00, 0x00, 0x00, 0x03, 0x11, 0x88, 0x09, 0x00,
    0x00, 0x00, 0x00, 0x07, 0x11, 0x88, 0x07, 0x00, 0x00, 0x00, 0x00, 0x07,
    0x10, 0x79, 0x03, 0x10, 0x00, 0x00, 0x00, 0x01, 0x16, 0x99, 0x00, 0x50,
    0x00, 0x10, 0x00, 0x03, 0x13, 0x99, 0x0e, 0x00, 0x00, 0x00, 0x00, 0x03,
    0x14, 0x99, 0x00, 0x50, 0x00, 0x1a, 0x00, 0x03, 0x14, 0x0a, 0x09, 0x48,
    0x1b, 0x00, 0x00, 0x05, 0x12, 0xab, 0x09, 0x10, 0x00, 0x00, 0x00, 0x03,
    0x17, 0x0c, 0x0b, 0x48, 0x1d, 0x00, 0x00, 0x05, 0x0b, 0xad, 0xc0, 0x50,
    0x00, 0x19, 0x00, 0x0b, 0x17, 0x0e, 0x0d, 0x48, 0x1c, 0x00, 0x00, 0x05,
    0x0b, 0x0d, 0xed, 0x48, 0x1c, 0x00, 0x00, 0x0d, 0x16, 0x8e, 0x0d, 0x00,
    0x00, 0x00, 0x00, 0x07, 0x15, 0x2f, 0x0d, 0x08, 0x00, 0x00, 0x00, 0x05,
    0x14, 0xff, 0x02, 0x10, 0x00, 0x00, 0x00, 0x03, 0x10, 0x83, 0x0f, 0x00,
    0x00, 0x00, 0x00, 0x06, 0x14, 0xd4, 0x02, 0x10, 0x00, 0x00, 0x00, 0x02,
    0x15, 0x24, 0x04, 0x08, 0x00, 0x00, 0x00, 0x00, 0x17, 0x35, 0x04, 0x00,
    0x00, 0x00, 0x00, 0x00, 0x0b, 0x05, 0x52, 0x18, 0x00, 0x00, 0x00, 0x00,
    0x14, 0x48, 0x02, 0x10, 0x00, 0x00, 0x00, 0x00, 0x10, 0x38, 0x08, 0x00,
    0x00, 0x00, 0x00, 0x00, 0x17, 0x08, 0x08, 0x08, 0x00, 0x00, 0x00, 0x00,
    0x0b, 0x28, 0x80, 0x18, 0x00, 0x00, 0x00, 0x00, 0x0b, 0x29, 0x58, 0x08,
    0x00, 0x00, 0x00, 0x00, 0x10, 0xeb, 0x02, 0x10, 0x00, 0x00, 0x00, 0x02,
    0x0b, 0x2c, 0x8b, 0x08, 0x00, 0x00, 0x00, 0x00, 0x0b, 0xcc, 0x50, 0x10,
    0x00, 0x00, 0x00, 0x00, 0x0b, 0x2d, 0x58, 0x08, 0x00, 0x00, 0x00, 0x00,
    0x0b, 0xd3, 0x20, 0x10, 0x00, 0x00, 0x00, 0x01, 0x0b, 0x0d, 0x2d, 0x08,
    0x00, 0x00, 0x00, 0x00, 0x0b, 0x54, 0x00, 0x70, 0x00, 0x00, 0x30, 0x01,
    0x0b, 0xd4, 0x04, 0x60, 0x00, 0x00, 0x2f, 0x05, 0x0b, 0x34, 0x04, 0x60,
    0x00, 0x00, 0x2e, 0x07, 0x0b, 0xc4, 0x04, 0x60, 0x00, 0x00, 0x2c, 0x05,
    0x13, 0xe5, 0x04, 0x00, 0x00, 0x00, 0x00, 0x07, 0x13, 0x96, 0x00, 0x50,
    0x00, 0x1e, 0x00, 0x03, 0x13, 0x67, 0x00, 0x50, 0x00, 0x1f, 0x00, 0x03,
    0x15, 0x77, 0x00, 0x50, 0x00, 0x10, 0x00, 0x03, 0x13, 0x77, 0x05, 0x00,
    0x00, 0x00, 0x00, 0x07, 0x14, 0x77, 0x00, 0x50, 0x00, 0x21, 0x00, 0x03,
    0x11, 0x77, 0x0f, 0x00, 0x00, 0x00, 0x00, 0x03, 0x17, 0x5b, 0x00, 0x50,
    0x00, 0x22, 0x00, 0x03, 0x0b, 0x0b, 0xb2, 0x18, 0x00, 0x00, 0x00, 0x09,
    0x13, 0x6b, 0x0b, 0x00, 0x00, 0x00, 0x00, 0x07, 0x12, 0xbb, 0x09, 0x10,
    0x00, 0x00, 0x00, 0x03, 0x17, 0x0b, 0x0b, 0x48, 0x23, 0x00, 0x00, 0x05,
    0x0b, 0x0d, 0x20, 0x58, 0x2e, 0x2f, 0x00, 0x01, 0x0b, 0x0d, 0x0d, 0x68,
    0x02, 0x00, 0x2c, 0x05, 0x0b, 0x0d, 0x0d, 0x68, 0x02, 0x00, 0x30, 0x05,
    0x11, 0xfe, 0x00, 0x50, 0x00, 0x12, 0x00, 0x01, 0x11, 0xff, 0x00, 0x50,
    0x00, 0x20, 0x00, 0x01, 0x0b, 0xee, 0xdf, 0x00, 0x00, 0x00, 0x00, 0x0f,
    0x0b, 0xe7, 0xb7, 0x00, 0x00, 0x00, 0x00, 0x0f, 0x0b, 0x0f, 0x90, 0x58,
    0x15, 0x00, 0x00, 0x01, 0x0b, 0x0f, 0xbf, 0x48, 0x17, 0x00, 0x00, 0x0d,
    0x11, 0xf3, 0x05, 0x00, 0x00, 0x00, 0x00, 0x04, 0x16, 0x84, 0x00, 0x50,
    0x00, 0x19, 0x00, 0x02, 0x10, 0x85, 0x02, 0x10, 0x00, 0x00, 0x00, 0x02,
    0x16, 0x88, 0x02, 0x10, 0x00, 0x00, 0x00, 0x02, 0x10, 0x88, 0x02, 0x10,
    0x00, 0x00, 0x00, 0x00, 0x10, 0x4b, 0x02, 0x10, 0x00, 0x00, 0x00, 0x00,
    0x0b, 0x2c, 0x5b, 0x08, 0x00, 0x00, 0x00, 0x00, 0x0b, 0xcc, 0x80, 0x10,
    0x00, 0x00, 0x00, 0x00, 0x0b, 0x2d, 0x85, 0x08, 0x00, 0x00, 0x00, 0x00,
    0x0b, 0xd3, 0x20, 0x10, 0x00, 0x00, 0x00, 0x01, 0x0b, 0x0d, 0x2d, 0x08,
    0x00, 0x00, 0x00, 0x00, 0x0b, 0x8d, 0x00, 0x70, 0x00, 0x00, 0x30, 0x01,
    0x0b, 0xdd, 0x0d, 0x60, 0x00, 0x00, 0x2f, 0x05, 0x0b, 0x3d, 0x0d, 0x60,
    0x00, 0x00, 0x2e, 0x07, 0x0b, 0xcd, 0x0d, 0x60, 0x00, 0x00, 0x2c, 0x05,
    0x13, 0x44, 0x0d, 0x00, 0x00, 0x00, 0x00, 0x04, 0x17, 0x44, 0x00, 0x50,
    0x00, 0x22, 0x00, 0x00, 0x0b, 0x04, 0x42, 0x18, 0x00, 0x00, 0x00, 0x00,
    0x17, 0xa5, 0x00, 0x50, 0x00, 0x26, 0x00, 0x02, 0x17, 0xa8, 0x00, 0x50,
    0x00, 0x27, 0x00, 0x02, 0x0b, 0x05, 0x58, 0x08, 0x00, 0x00, 0x00, 0x00,
    0x0b, 0x45, 0x50, 0x10, 0x00, 0x00, 0x00, 0x00, 0x0b, 0x08, 0x50, 0x58,
    0x15, 0x16, 0x00, 0x00, 0x0b, 0x88, 0x90, 0x10, 0x00, 0x00, 0x00, 0x00,
    0x0b, 0x33, 0xc7, 0x00, 0x00, 0x00, 0x00, 0x0c, 0x0b, 0x88, 0xcf, 0x00,
    0x00, 0x00, 0x00, 0x0c, 0x0b, 0x13, 0x03, 0x00, 0x00, 0x00, 0x00, 0x0a,
    0x0b, 0x28, 0x08, 0x00, 0x00, 0x00, 0x00, 0x0a, 0x03, 0x30, 0x00, 0x80,
    0x00, 0x00, 0x00, 0x00, 0x03, 0x80, 0x00, 0x80, 0x00, 0x00, 0x00, 0x00,
    0x00, 0x00, 0x00, 0x80, 0x00, 0x00, 0x00, 0x00,
};
static const uint8_t cft_sqrtfull_bank_fp256[1408] = {
    0x00, 0x00, 0x00, 0x00, 0x00, 0x00, 0x00, 0x00, 0x00, 0x00, 0x00, 0x00,
    0x00, 0x00, 0x00, 0x00, 0x00, 0x00, 0x00, 0x00, 0x00, 0x00, 0x00, 0x00,
    0x00, 0x00, 0x00, 0x00, 0x00, 0x00, 0x00, 0x00, 0x00, 0x00, 0x00, 0x00,
    0x00, 0x00, 0x00, 0x00, 0x00, 0x00, 0x00, 0x00, 0x00, 0x00, 0x00, 0x00,
    0x00, 0x00, 0x00, 0x00, 0x00, 0x00, 0x00, 0x00, 0x00, 0x00, 0x00, 0x00,
    0x00, 0xf0, 0xff, 0x3f, 0x01, 0x00, 0x00, 0x00, 0x00, 0x00, 0x00, 0x00,
    0x00, 0x00, 0x00, 0x00, 0x00, 0x00, 0x00, 0x00, 0x00, 0x00, 0x00, 0x00,
    0x00, 0x00, 0x00, 0x00, 0x00, 0x00, 0x00, 0x00, 0x00, 0x00, 0x00, 0x00,
    0x00, 0x00, 0x00, 0x00, 0x00, 0x00, 0x00, 0x00, 0x00, 0x00, 0x00, 0x00,
    0x00, 0x00, 0x00, 0x00, 0x00, 0x00, 0x00, 0x00, 0x00, 0x00, 0x00, 0x00,
    0x00, 0x00, 0x00, 0x00, 0x00, 0xf0, 0xff, 0x7f, 0x00, 0x00, 0x00, 0x00,
    0x00, 0x00, 0x00, 0x00, 0x00, 0x00, 0x00, 0x00, 0x00, 0x00, 0x00, 0x00,
    0x00, 0x00, 0x00, 0x00, 0x00, 0x00, 0x00, 0x00, 0x00, 0x00, 0x00, 0x00,
    0x00, 0xc0, 0x0e, 0x00, 0x00, 0x00, 0x00, 0x00, 0x00, 0x00, 0x00, 0x00,
    0x00, 0x00, 0x00, 0x00, 0x00, 0x00, 0x00, 0x00, 0x00, 0x00, 0x00, 0x00,
    0x00, 0x00, 0x00, 0x00, 0x00, 0x00, 0x00, 0x00, 0x00, 0xd0, 0x0e, 0x00,
    0x00, 0x00, 0x00, 0x00, 0x00, 0x00, 0x00, 0x00, 0x00, 0x00, 0x00, 0x00,
    0x00, 0x00, 0x00, 0x00, 0x00, 0x00, 0x00, 0x00, 0x00, 0x00, 0x00, 0x00,
    0x00, 0x00, 0x00, 0x00, 0x00, 0xe0, 0xff, 0x3f, 0x00, 0x00, 0x00, 0x00,
    0x00, 0x00, 0x00, 0x00, 0x00, 0x00, 0x00, 0x00, 0x00, 0x00, 0x00, 0x00,
    0x00, 0x00, 0x00, 0x00, 0x00, 0x00, 0x00, 0x00, 0x00, 0x00, 0x00, 0x00,
    0x00, 0xf8, 0xff, 0x3f, 0x00, 0x00, 0x00, 0x00, 0x00, 0x00, 0x00, 0x00,
    0x00, 0x00, 0x00, 0x00, 0x00, 0x00, 0x00, 0x00, 0x00, 0x00, 0x00, 0x00,
    0x00, 0x00, 0x00, 0x00, 0x00, 0x00, 0x00, 0x00, 0x00, 0x90, 0x1d, 0x40,
    0x00, 0x00, 0x00, 0x00, 0x00, 0x00, 0x00, 0x00, 0x00, 0x00, 0x00, 0x00,
    0x00, 0x00, 0x00, 0x00, 0x00, 0x00, 0x00, 0x00, 0x00, 0x00, 0x00, 0x00,
    0x00, 0x00, 0x00, 0x00, 0x00, 0x00, 0x00, 0x80, 0xff, 0xff, 0xff, 0xff,
    0xff, 0xff, 0xff, 0xff, 0xff, 0xff, 0xff, 0xff, 0xff, 0xff, 0xff, 0xff,
    0xff, 0xff, 0xff, 0xff, 0xff, 0xff, 0xff, 0xff, 0xff, 0xff, 0xff, 0xff,
    0xff, 0x0f, 0x00, 0x00, 0x00, 0x00, 0x00, 0x00, 0x00, 0x00, 0x00, 0x00,
    0x00, 0x00, 0x00, 0x00, 0x00, 0x00, 0x00, 0x00, 0x00, 0x00, 0x00, 0x00,
    0x00, 0x00, 0x00, 0x00, 0x00, 0x00, 0x00, 0x00, 0x00, 0x08, 0x00, 0x00,
    0xff, 0xff, 0xff, 0xff, 0xff, 0xff, 0xff, 0xff, 0xff, 0xff, 0xff, 0xff,
    0xff, 0xff, 0xff, 0xff, 0xff, 0xff, 0xff, 0xff, 0xff, 0xff, 0xff, 0xff,
    0xff, 0xff, 0xff, 0xff, 0xff, 0xef, 0xff, 0x7f, 0x00, 0x00, 0x00, 0x00,
    0x00, 0x00, 0x00, 0x00, 0x00, 0x00, 0x00, 0x00, 0x00, 0x00, 0x00, 0x00,
    0x00, 0x00, 0x00, 0x00, 0x00, 0x00, 0x00, 0x00, 0x00, 0x00, 0x00, 0x00,
    0x00, 0xc0, 0x0e, 0x40, 0x13, 0xff, 0xff, 0xff, 0xff, 0xff, 0xff, 0xff,
    0xff, 0xff, 0xff, 0xff, 0xff, 0xff, 0xff, 0xff, 0xff, 0xff, 0xff, 0xff,
    0xff, 0xff, 0xff, 0xff, 0xff, 0xff, 0xff, 0xff, 0xff, 0xff, 0xff, 0xff,
    0xed, 0x00, 0x00, 0x00, 0x00, 0x00, 0x00, 0x00, 0x00, 0x00, 0x00, 0x00,
    0x00, 0x00, 0x00, 0x00, 0x00, 0x00, 0x00, 0x00, 0x00, 0x00, 0x00, 0x00,
    0x00, 0x00, 0x00, 0x00, 0x00, 0x00, 0x00, 0x00, 0xec, 0x00, 0x00, 0x00,
    0x00, 0x00, 0x00, 0x00, 0x00, 0x00, 0x00, 0x00, 0x00, 0x00, 0x00, 0x00,
    0x00, 0x00, 0x00, 0x00, 0x00, 0x00, 0x00, 0x00, 0x00, 0x00, 0x00, 0x00,
    0x00, 0x00, 0x00, 0x00, 0x00, 0x00, 0x00, 0x00, 0x00, 0x00, 0x00, 0x00,
    0x00, 0x00, 0x00, 0x00, 0x00, 0x00, 0x00, 0x00, 0x00, 0x00, 0x00, 0x00,
    0x00, 0x00, 0x00, 0x00, 0x00, 0x00, 0x00, 0x00, 0x00, 0xf8, 0xff, 0x7f,
    0x00, 0x00, 0x00, 0x00, 0x00, 0x00, 0x00, 0x00, 0x00, 0x00, 0x00, 0x00,
    0x00, 0x00, 0x00, 0x00, 0x00, 0x00, 0x00, 0x00, 0x00, 0x00, 0x00, 0x00,
    0x00, 0x00, 0x00, 0x00, 0x00, 0xf0, 0xff, 0x7f, 0x01, 0x00, 0x00, 0x00,
    0x00, 0x00, 0x00, 0x00, 0x00, 0x00, 0x00, 0x00, 0x00, 0x00, 0x00, 0x00,
    0x00, 0x00, 0x00, 0x00, 0x00, 0x00, 0x00, 0x00, 0x00, 0x00, 0x00, 0x00,
    0x00, 0x00, 0x00, 0x00, 0x02, 0x00, 0x00, 0x00, 0x00, 0x00, 0x00, 0x00,
    0x00, 0x00, 0x00, 0x00, 0x00, 0x00, 0x00, 0x00, 0x00, 0x00, 0x00, 0x00,
    0x00, 0x00, 0x00, 0x00, 0x00, 0x00, 0x00, 0x00, 0x00, 0x00, 0x00, 0x00,
    0x10, 0x00, 0x00, 0x00, 0x00, 0x00, 0x00, 0x00, 0x00, 0x00, 0x00, 0x00,
    0x00, 0x00, 0x00, 0x00, 0x00, 0x00, 0x00, 0x00, 0x00, 0x00, 0x00, 0x00,
    0x00, 0x00, 0x00, 0x00, 0x00, 0x00, 0x00, 0x00, 0x18, 0x00, 0x00, 0x00,
    0x00, 0x00, 0x00, 0x00, 0x00, 0x00, 0x00, 0x00, 0x00, 0x00, 0x00, 0x00,
    0x00, 0x00, 0x00, 0x00, 0x00, 0x00, 0x00, 0x00, 0x00, 0x00, 0x00, 0x00,
    0x00, 0x00, 0x00, 0x00, 0x14, 0x00, 0x00, 0x00, 0x00, 0x00, 0x00, 0x00,
    0x00, 0x00, 0x00, 0x00, 0x00, 0x00, 0x00, 0x00, 0x00, 0x00, 0x00, 0x00,
    0x00, 0x00, 0x00, 0x00, 0x00, 0x00, 0x00, 0x00, 0x00, 0x00, 0x00, 0x00,
    0x00, 0x00, 0x00, 0x00, 0x00, 0x00, 0x00, 0x00, 0x00, 0x00, 0x00, 0x00,
    0x00, 0x00, 0x00, 0x00, 0x00, 0x00, 0x00, 0x00, 0x00, 0x00, 0x00, 0x00,
    0x00, 0x00, 0x00, 0x00, 0x00, 0x10, 0x00, 0x00, 0x02, 0x00, 0x00, 0x00,
    0x00, 0x00, 0x00, 0x00, 0x00, 0x00, 0x00, 0x00, 0x00, 0x00, 0x00, 0x00,
    0x00, 0x00, 0x00, 0x00, 0x00, 0x00, 0x00, 0x00, 0x00, 0x00, 0x00, 0x00,
    0x00, 0x00, 0x00, 0x00, 0xed, 0x00, 0x04, 0x00, 0x00, 0x00, 0x00, 0x00,
    0x00, 0x00, 0x00, 0x00, 0x00, 0x00, 0x00, 0x00, 0x00, 0x00, 0x00, 0x00,
    0x00, 0x00, 0x00, 0x00, 0x00, 0x00, 0x00, 0x00, 0x00, 0x00, 0x00, 0x00,
    0x16, 0xff, 0xfb, 0xff, 0xff, 0xff, 0xff, 0xff, 0xff, 0xff, 0xff, 0xff,
    0xff, 0xff, 0xff, 0xff, 0xff, 0xff, 0xff, 0xff, 0xff, 0xff, 0xff, 0xff,
    0xff, 0xff, 0xff, 0xff, 0xff, 0xff, 0xff, 0xff, 0xf0, 0x00, 0x00, 0x00,
    0x00, 0x00, 0x00, 0x00, 0x00, 0x00, 0x00, 0x00, 0x00, 0x00, 0x00, 0x00,
    0x00, 0x00, 0x00, 0x00, 0x00, 0x00, 0x00, 0x00, 0x00, 0x00, 0x00, 0x00,
    0x00, 0x00, 0x00, 0x00, 0x02, 0x00, 0x00, 0x00, 0x00, 0x00, 0x00, 0x00,
    0x00, 0x00, 0x00, 0x00, 0x00, 0x00, 0x00, 0x00, 0x00, 0x00, 0x00, 0x00,
    0x00, 0x00, 0x00, 0x00, 0x00, 0x00, 0x00, 0x00, 0x00, 0x00, 0x00, 0x80,
    0xee, 0x00, 0x00, 0x00, 0x00, 0x00, 0x00, 0x00, 0x00, 0x00, 0x00, 0x00,
    0x00, 0x00, 0x00, 0x00, 0x00, 0x00, 0x00, 0x00, 0x00, 0x00, 0x00, 0x00,
    0x00, 0x00, 0x00, 0x00, 0x00, 0x00, 0x00, 0x00, 0xff, 0xff, 0x03, 0x00,
    0x00, 0x00, 0x00, 0x00, 0x00, 0x00, 0x00, 0x00, 0x00, 0x00, 0x00, 0x00,
    0x00, 0x00, 0x00, 0x00, 0x00, 0x00, 0x00, 0x00, 0x00, 0x00, 0x00, 0x00,
    0x00, 0x00, 0x00, 0x00, 0xff, 0xff, 0xff, 0xff, 0xff, 0xff, 0xff, 0xff,
    0xff, 0xff, 0xff, 0xff, 0xff, 0xff, 0xff, 0xff, 0xff, 0xff, 0xff, 0xff,
    0xff, 0xff, 0xff, 0xff, 0xff, 0xff, 0xff, 0xff, 0xff, 0xef, 0xff, 0x7f,
    0x00, 0x00, 0x00, 0x00, 0x00, 0x00, 0x00, 0x00, 0x00, 0x00, 0x00, 0x00,
    0x00, 0x00, 0x00, 0x00, 0x00, 0x00, 0x00, 0x00, 0x00, 0x00, 0x00, 0x00,
    0x00, 0x00, 0x00, 0x00, 0x00, 0x10, 0x00, 0x00, 0x00, 0x00, 0x00, 0x00,
    0x00, 0x00, 0x00, 0x00, 0x00, 0x00, 0x00, 0x00, 0x00, 0x00, 0x00, 0x00,
    0x00, 0x00, 0x00, 0x00, 0x00, 0x00, 0x00, 0x00, 0x00, 0x00, 0x00, 0x00,
    0x00, 0x20, 0x00, 0x00, 0xff, 0xff, 0x03, 0x00, 0x00, 0x00, 0x00, 0x00,
    0x00, 0x00, 0x00, 0x00, 0x00, 0x00, 0x00, 0x00, 0x00, 0x00, 0x00, 0x00,
    0x00, 0x00, 0x00, 0x00, 0x00, 0x00, 0x00, 0x00, 0x00, 0x00, 0x00, 0x80,
    0xff, 0xff, 0xff, 0xff, 0xff, 0xff, 0xff, 0xff, 0xff, 0xff, 0xff, 0xff,
    0xff, 0xff, 0xff, 0xff, 0xff, 0xff, 0xff, 0xff, 0xff, 0xff, 0xff, 0xff,
    0xff, 0xff, 0xff, 0xff, 0xff, 0xff, 0xff, 0x7f, 0xff, 0x00, 0x00, 0x00,
    0x00, 0x00, 0x00, 0x00, 0x00, 0x00, 0x00, 0x00, 0x00, 0x00, 0x00, 0x00,
    0x00, 0x00, 0x00, 0x00, 0x00, 0x00, 0x00, 0x00, 0x00, 0x00, 0x00, 0x00,
    0x00, 0x00, 0x00, 0x00, 0x03, 0x00, 0x00, 0x00, 0x00, 0x00, 0x00, 0x00,
    0x00, 0x00, 0x00, 0x00, 0x00, 0x00, 0x00, 0x00, 0x00, 0x00, 0x00, 0x00,
    0x00, 0x00, 0x00, 0x00, 0x00, 0x00, 0x00, 0x00, 0x00, 0x00, 0x00, 0x00,
    0x04, 0x00, 0x00, 0x00, 0x00, 0x00, 0x00, 0x00, 0x00, 0x00, 0x00, 0x00,
    0x00, 0x00, 0x00, 0x00, 0x00, 0x00, 0x00, 0x00, 0x00, 0x00, 0x00, 0x00,
    0x00, 0x00, 0x00, 0x00, 0x00, 0x00, 0x00, 0x00, 0x00, 0x00, 0x00, 0x00,
    0x00, 0x00, 0x00, 0x00, 0x00, 0x00, 0x00, 0x00, 0x00, 0x00, 0x00, 0x00,
    0x00, 0x00, 0x00, 0x00, 0x00, 0x00, 0x00, 0x00, 0x00, 0x00, 0x00, 0x00,
    0x00, 0xd0, 0x0e, 0x40, 0x89, 0xff, 0xff, 0xff, 0xff, 0xff, 0xff, 0xff,
    0xff, 0xff, 0xff, 0xff, 0xff, 0xff, 0xff, 0xff, 0xff, 0xff, 0xff, 0xff,
    0xff, 0xff, 0xff, 0xff, 0xff, 0xff, 0xff, 0xff, 0xff, 0xff, 0xff, 0xff,
    0x00, 0x00, 0x00, 0x00, 0x00, 0x00, 0x00, 0x00, 0x00, 0x00, 0x00, 0x00,
    0x00, 0x00, 0x00, 0x00, 0x00, 0x00, 0x00, 0x00, 0x00, 0x00, 0x00, 0x00,
    0x00, 0x00, 0x00, 0x00, 0x00, 0x00, 0x00, 0x40, 0x00, 0x00, 0x00, 0x00,
    0x00, 0x00, 0x00, 0x00, 0x00, 0x00, 0x00, 0x00, 0x00, 0x00, 0x00, 0x00,
    0x00, 0x00, 0x00, 0x00, 0x00, 0x00, 0x00, 0x00, 0x00, 0x00, 0x00, 0x00,
    0x00, 0x00, 0x00, 0x40,
};

/* Indexed by cft_format: fp32, fp64, fp128, fp256. */
static const cft_divfull_entry cft_sqrtfull_images[4] = {
    { cft_sqrtfull_image_fp32, sizeof cft_sqrtfull_image_fp32, cft_sqrtfull_bank_fp32, 49, 44 },
    { cft_sqrtfull_image_fp64, sizeof cft_sqrtfull_image_fp64, cft_sqrtfull_bank_fp64, 49, 44 },
    { cft_sqrtfull_image_fp128, sizeof cft_sqrtfull_image_fp128, cft_sqrtfull_bank_fp128, 49, 44 },
    { cft_sqrtfull_image_fp256, sizeof cft_sqrtfull_image_fp256, cft_sqrtfull_bank_fp256, 49, 44 },
};

#endif /* CFT_DIVFULL_IMAGES_H */
