backend,path,tiles,format,bytes_per_elem,op,n,ns_per_elem,elems_per_s,mb_per_s,reps,seconds
software,host,0,fp32,4,abs,1,60.2665,16592968,132.7,1663732,0.1003
software,host,0,fp32,4,neg,1,55.1915,18118716,144.9,2254968,0.1245
software,host,0,fp32,4,copysign,1,55.8890,17892595,214.7,2243937,0.1254
software,host,0,fp32,4,min,1,100.4180,9958370,119.5,1260583,0.1266
software,host,0,fp32,4,max,1,99.4448,10055828,120.7,1241544,0.1235
software,host,0,fp32,4,minnum,1,100.3221,9967894,119.6,1261919,0.1266
software,host,0,fp32,4,maxnum,1,99.8462,10015406,120.2,1232289,0.1230
software,host,0,fp32,4,cmplt,1,127.4263,7847676,94.2,981989,0.1251
software,host,0,fp32,4,cmple,1,128.1794,7801568,93.6,975694,0.1251
software,host,0,fp32,4,cmpeq,1,102.6912,9737932,116.9,1214858,0.1248
software,host,0,fp32,4,select,1,59.5220,16800501,268.8,2097090,0.1248
software,host,0,fp32,4,iand,1,51.6458,19362648,232.4,2403769,0.1241
software,host,0,fp32,4,ior,1,52.4258,19074589,228.9,2392756,0.1254
software,host,0,fp32,4,ixor,1,53.2643,18774309,225.3,2347969,0.1251
software,host,0,fp32,4,iadd,1,54.9098,18211681,218.5,2279826,0.1252
software,host,0,fp32,4,isub,1,65.1222,15355738,184.3,1916329,0.1248
software,host,0,fp32,4,ishl,1,69.0695,14478169,173.7,1798931,0.1243
software,host,0,fp32,4,ishr,1,56.6871,17640706,211.7,2212210,0.1254
software,host,0,fp32,4,icmplt,1,48.8234,20481998,245.8,2511204,0.1226
software,host,0,fp32,4,add,1,299.6015,3337767,40.1,417659,0.1251
software,host,0,fp32,4,sub,1,307.1070,3256194,39.1,407247,0.1251
software,host,0,fp32,4,mul,1,235.3451,4249080,51.0,531935,0.1252
software,host,0,fp32,4,fma,1,265.8322,3761771,60.2,469993,0.1249
device,host,1,fp32,4,abs,1,70537.9188,14177,0.1,1736,0.1225
device,host,1,fp32,4,neg,1,70433.6651,14198,0.1,1780,0.1254
device,host,1,fp32,4,copysign,1,70037.8041,14278,0.2,1787,0.1252
device,host,1,fp32,4,min,1,69661.3345,14355,0.2,1791,0.1248
device,host,1,fp32,4,max,1,69608.3021,14366,0.2,1784,0.1242
device,host,1,fp32,4,minnum,1,69728.0815,14341,0.2,1804,0.1258
device,host,1,fp32,4,maxnum,1,76773.3203,13025,0.2,1786,0.1371
device,host,1,fp32,4,cmplt,1,81707.1705,12239,0.1,1572,0.1284
device,host,1,fp32,4,cmple,1,91426.3472,10938,0.1,1472,0.1346
device,host,1,fp32,4,cmpeq,1,103412.7959,9670,0.1,1225,0.1267
device,host,1,fp32,4,select,1,103446.4278,9667,0.2,1206,0.1248
device,host,1,fp32,4,iand,1,103433.6358,9668,0.1,1208,0.1249
device,host,1,fp32,4,ior,1,103444.0917,9667,0.1,1210,0.1252
device,host,1,fp32,4,ixor,1,103514.2769,9661,0.1,1210,0.1253
device,host,1,fp32,4,iadd,1,103775.8548,9636,0.1,1205,0.1250
device,host,1,fp32,4,isub,1,103562.0481,9656,0.1,1206,0.1249
device,host,1,fp32,4,ishl,1,103582.3436,9654,0.1,1205,0.1248
device,host,1,fp32,4,ishr,1,103580.7504,9654,0.1,1206,0.1249
device,host,1,fp32,4,icmplt,1,103649.7114,9648,0.1,1209,0.1253
device,host,1,fp32,4,add,1,103732.7704,9640,0.1,1202,0.1247
device,host,1,fp32,4,sub,1,103699.2810,9643,0.1,1210,0.1255
device,host,1,fp32,4,mul,1,103545.9734,9658,0.1,1203,0.1246
device,host,1,fp32,4,fma,1,103512.7643,9661,0.2,1209,0.1251
device,resident,1,fp32,4,abs,1,29305.1078,34124,0.3,4018,0.1177
device,resident,1,fp32,4,neg,1,28895.1824,34608,0.3,4096,0.1184
device,resident,1,fp32,4,copysign,1,28000.1040,35714,0.4,4096,0.1147
device,resident,1,fp32,4,min,1,27625.6648,36198,0.4,4096,0.1132
device,resident,1,fp32,4,max,1,34457.7170,29021,0.3,4096,0.1411
device,resident,1,fp32,4,minnum,1,38694.9537,25843,0.3,3352,0.1297
device,resident,1,fp32,4,maxnum,1,39225.5572,25494,0.3,3196,0.1254
device,resident,1,fp32,4,cmplt,1,39125.5547,25559,0.3,3189,0.1248
device,resident,1,fp32,4,cmple,1,39171.6056,25529,0.3,3210,0.1257
device,resident,1,fp32,4,cmpeq,1,39999.4428,25000,0.3,3103,0.1241
device,resident,1,fp32,4,select,1,40002.2942,24999,0.4,3124,0.1250
device,resident,1,fp32,4,iand,1,40075.6953,24953,0.3,3111,0.1247
device,resident,1,fp32,4,ior,1,40760.7094,24533,0.3,3070,0.1251
device,resident,1,fp32,4,ixor,1,40945.0089,24423,0.3,3040,0.1245
device,resident,1,fp32,4,iadd,1,38913.6904,25698,0.3,3046,0.1185
device,resident,1,fp32,4,isub,1,34653.6339,28857,0.3,3453,0.1197
device,resident,1,fp32,4,ishl,1,34060.4291,29360,0.4,3668,0.1249
device,resident,1,fp32,4,ishr,1,34045.4011,29373,0.4,3672,0.1250
device,resident,1,fp32,4,icmplt,1,34002.1345,29410,0.4,3664,0.1246
device,resident,1,fp32,4,add,1,33956.6583,29449,0.4,3682,0.1250
device,resident,1,fp32,4,sub,1,35193.1735,28415,0.3,3678,0.1294
device,resident,1,fp32,4,mul,1,38197.2717,26180,0.3,3415,0.1304
device,resident,1,fp32,4,fma,1,38540.9571,25946,0.4,3241,0.1249
device,host,4,fp32,4,abs,1,68666.5725,14563,0.1,1820,0.1250
device,host,4,fp32,4,neg,1,70046.3162,14276,0.1,1787,0.1252
device,host,4,fp32,4,copysign,1,70123.9877,14260,0.2,1787,0.1253
device,host,4,fp32,4,min,1,69893.6975,14307,0.2,1802,0.1259
device,host,4,fp32,4,max,1,70821.1600,14120,0.2,1769,0.1253
device,host,4,fp32,4,minnum,1,70175.6832,14250,0.2,1780,0.1249
device,host,4,fp32,4,maxnum,1,69450.1663,14399,0.2,1798,0.1249
device,host,4,fp32,4,cmplt,1,70995.7613,14085,0.2,1806,0.1282
device,host,4,fp32,4,cmple,1,70722.2932,14140,0.2,1746,0.1235
device,host,4,fp32,4,cmpeq,1,70682.8283,14148,0.2,1800,0.1272
device,host,4,fp32,4,select,1,70199.7847,14245,0.2,1811,0.1271
device,host,4,fp32,4,iand,1,84909.1336,11777,0.1,1706,0.1449
device,host,4,fp32,4,ior,1,91442.2190,10936,0.1,1356,0.1240
device,host,4,fp32,4,ixor,1,91386.3034,10943,0.1,1358,0.1241
device,host,4,fp32,4,iadd,1,93201.5291,10729,0.1,1357,0.1265
device,host,4,fp32,4,isub,1,102106.2141,9794,0.1,1224,0.1250
device,host,4,fp32,4,ishl,1,102128.4127,9792,0.1,1226,0.1252
device,host,4,fp32,4,ishr,1,102573.0033,9749,0.1,1223,0.1254
device,host,4,fp32,4,icmplt,1,93763.9665,10665,0.1,1254,0.1176
device,host,4,fp32,4,add,1,89970.5273,11115,0.1,1375,0.1237
device,host,4,fp32,4,sub,1,92141.8224,10853,0.1,1363,0.1256
device,host,4,fp32,4,mul,1,99133.4262,10087,0.1,1354,0.1342
device,host,4,fp32,4,fma,1,109240.0045,9154,0.1,1122,0.1226
device,resident,4,fp32,4,abs,1,32646.0877,30632,0.2,3556,0.1161
device,resident,4,fp32,4,neg,1,32559.3924,30713,0.2,3680,0.1198
device,resident,4,fp32,4,copysign,1,32365.5803,30897,0.4,3836,0.1242
device,resident,4,fp32,4,min,1,32567.4230,30706,0.4,3846,0.1253
device,resident,4,fp32,4,max,1,35681.2706,28026,0.3,3825,0.1365
device,resident,4,fp32,4,minnum,1,36436.0455,27445,0.3,3429,0.1249
device,resident,4,fp32,4,maxnum,1,36436.3213,27445,0.3,3421,0.1246
device,resident,4,fp32,4,cmplt,1,36688.2758,27257,0.3,3387,0.1243
device,resident,4,fp32,4,cmple,1,40326.0983,24798,0.3,3255,0.1313
device,resident,4,fp32,4,cmpeq,1,41629.1718,24022,0.3,3009,0.1253
device,resident,4,fp32,4,select,1,41609.7339,24033,0.4,2995,0.1246
device,resident,4,fp32,4,iand,1,44472.5672,22486,0.3,3013,0.1340
device,resident,4,fp32,4,ior,1,48952.9812,20428,0.2,2496,0.1222
device,resident,4,fp32,4,ixor,1,48426.3101,20650,0.2,2557,0.1238
device,resident,4,fp32,4,iadd,1,48544.0258,20600,0.2,2560,0.1243
device,resident,4,fp32,4,isub,1,48354.5883,20681,0.2,2560,0.1238
device,resident,4,fp32,4,ishl,1,48361.4081,20678,0.2,2573,0.1244
device,resident,4,fp32,4,ishr,1,48405.1632,20659,0.2,2573,0.1245
device,resident,4,fp32,4,icmplt,1,48392.0839,20665,0.2,2586,0.1251
device,resident,4,fp32,4,add,1,45580.3850,21939,0.3,2577,0.1175
device,resident,4,fp32,4,sub,1,41979.2362,23821,0.3,2981,0.1251
device,resident,4,fp32,4,mul,1,41988.1944,23816,0.3,2979,0.1251
device,resident,4,fp32,4,fma,1,47734.9370,20949,0.3,2985,0.1425
software,host,0,fp32,4,abs,2,45.3203,22065158,176.5,1095684,0.0993
software,host,0,fp32,4,neg,2,46.9634,21293163,170.3,1362941,0.1280
software,host,0,fp32,4,copysign,2,46.2161,21637464,259.6,1353248,0.1251
software,host,0,fp32,4,min,2,87.8739,11379949,136.6,713063,0.1253
software,host,0,fp32,4,max,2,87.9119,11375022,136.5,710696,0.1250
software,host,0,fp32,4,minnum,2,88.4340,11307867,135.7,710794,0.1257
software,host,0,fp32,4,maxnum,2,88.0816,11353108,136.2,711339,0.1253
software,host,0,fp32,4,cmplt,2,104.9648,9527006,114.3,595048,0.1249
software,host,0,fp32,4,cmple,2,104.6499,9555667,114.7,599089,0.1254
software,host,0,fp32,4,cmpeq,2,90.6858,11027085,132.3,688707,0.1249
software,host,0,fp32,4,select,2,48.7397,20517147,328.3,1279884,0.1248
software,host,0,fp32,4,iand,2,41.9520,23836763,286.0,1499860,0.1258
software,host,0,fp32,4,ior,2,42.3637,23605130,283.3,1482212,0.1256
software,host,0,fp32,4,ixor,2,42.4043,23582495,283.0,1474435,0.1250
software,host,0,fp32,4,iadd,2,44.4550,22494648,269.9,1404828,0.1249
software,host,0,fp32,4,isub,2,55.5354,18006540,216.1,1129786,0.1255
software,host,0,fp32,4,ishl,2,57.5471,17377083,208.5,1083565,0.1247
software,host,0,fp32,4,ishr,2,46.0440,21718363,260.6,1360447,0.1253
software,host,0,fp32,4,icmplt,2,38.8948,25710359,308.5,1609856,0.1252
software,host,0,fp32,4,add,2,293.6193,3405770,40.9,210519,0.1236
software,host,0,fp32,4,sub,2,292.1986,3422330,41.1,214328,0.1253
software,host,0,fp32,4,mul,2,213.8177,4676882,56.1,262144,0.1121
software,host,0,fp32,4,fma,2,256.4467,3899446,62.4,239098,0.1226
device,host,1,fp32,4,abs,2,48598.9649,20577,0.2,1323,0.1286
device,host,1,fp32,4,neg,2,49938.1389,20025,0.2,1249,0.1247
device,host,1,fp32,4,copysign,2,53075.3754,18841,0.2,1256,0.1333
device,host,1,fp32,4,min,2,56829.0141,17597,0.2,1097,0.1247
device,host,1,fp32,4,max,2,57203.4781,17481,0.2,1098,0.1256
device,host,1,fp32,4,minnum,2,57024.9459,17536,0.2,1100,0.1255
device,host,1,fp32,4,maxnum,2,57025.5784,17536,0.2,1097,0.1251
device,host,1,fp32,4,cmplt,2,57042.1770,17531,0.2,1096,0.1250
device,host,1,fp32,4,cmple,2,57019.8510,17538,0.2,1094,0.1248
device,host,1,fp32,4,cmpeq,2,56697.5242,17637,0.2,1095,0.1242
device,host,1,fp32,4,select,2,55727.9643,17944,0.3,1121,0.1249
device,host,1,fp32,4,iand,2,55633.5308,17975,0.2,1120,0.1246
device,host,1,fp32,4,ior,2,55583.2191,17991,0.2,1123,0.1248
device,host,1,fp32,4,ixor,2,55584.8973,17990,0.2,1120,0.1245
device,host,1,fp32,4,iadd,2,55578.7203,17992,0.2,1119,0.1244
device,host,1,fp32,4,isub,2,55621.7710,17979,0.2,1118,0.1244
device,host,1,fp32,4,ishl,2,55587.1391,17990,0.2,1118,0.1243
device,host,1,fp32,4,ishr,2,55590.2451,17989,0.2,1128,0.1254
device,host,1,fp32,4,icmplt,2,55575.0952,17994,0.2,1119,0.1244
device,host,1,fp32,4,add,2,55582.4996,17991,0.2,1120,0.1245
device,host,1,fp32,4,sub,2,55582.1371,17991,0.2,1120,0.1245
device,host,1,fp32,4,mul,2,55581.8080,17991,0.2,1120,0.1245
device,host,1,fp32,4,fma,2,55586.5687,17990,0.3,1120,0.1245
device,resident,1,fp32,4,abs,2,16131.8425,61989,0.5,3569,0.1151
device,resident,1,fp32,4,neg,2,16753.4541,59689,0.5,3876,0.1299
device,resident,1,fp32,4,copysign,2,16748.8114,59706,0.7,3682,0.1233
device,resident,1,fp32,4,min,2,17781.9898,56237,0.7,3418,0.1216
device,resident,1,fp32,4,max,2,17578.1392,56889,0.7,3555,0.1250
device,resident,1,fp32,4,minnum,2,17571.1329,56912,0.7,3554,0.1249
device,resident,1,fp32,4,maxnum,2,17592.9582,56841,0.7,3542,0.1246
device,resident,1,fp32,4,cmplt,2,18541.7316,53932,0.6,3538,0.1312
device,resident,1,fp32,4,cmple,2,19945.6592,50136,0.6,3140,0.1253
device,resident,1,fp32,4,cmpeq,2,19940.2313,50150,0.6,3134,0.1250
device,resident,1,fp32,4,select,2,20148.3959,49632,0.8,3141,0.1266
device,resident,1,fp32,4,iand,2,20064.3795,49840,0.6,3116,0.1250
device,resident,1,fp32,4,ior,2,19999.4981,50001,0.6,3123,0.1249
device,resident,1,fp32,4,ixor,2,19999.4109,50001,0.6,3132,0.1253
device,resident,1,fp32,4,iadd,2,21757.3942,45961,0.6,3120,0.1358
device,resident,1,fp32,4,isub,2,23590.1686,42391,0.5,2586,0.1220
device,resident,1,fp32,4,ishl,2,23565.5041,42435,0.5,2662,0.1255
device,resident,1,fp32,4,ishr,2,22101.9258,45245,0.5,2656,0.1174
device,resident,1,fp32,4,icmplt,2,20885.2376,47881,0.6,2973,0.1242
device,resident,1,fp32,4,add,2,20839.9199,47985,0.6,2997,0.1249
device,resident,1,fp32,4,sub,2,20840.8604,47983,0.6,2988,0.1245
device,resident,1,fp32,4,mul,2,20833.6286,47999,0.6,2989,0.1245
device,resident,1,fp32,4,fma,2,22240.8613,44962,0.7,2996,0.1333
device,host,4,fp32,4,abs,2,34403.1224,29067,0.2,1744,0.1200
device,host,4,fp32,4,neg,2,34574.6884,28923,0.2,1829,0.1265
device,host,4,fp32,4,copysign,2,35364.6600,28277,0.3,1825,0.1291
device,host,4,fp32,4,min,2,34848.4012,28696,0.3,1807,0.1259
device,host,4,fp32,4,max,2,35785.5064,27944,0.3,1806,0.1293
device,host,4,fp32,4,minnum,2,34972.7998,28594,0.3,1726,0.1207
device,host,4,fp32,4,maxnum,2,34392.0602,29076,0.3,1779,0.1224
device,host,4,fp32,4,cmplt,2,38157.6368,26207,0.3,1838,0.1403
device,host,4,fp32,4,cmple,2,39324.3040,25430,0.3,1592,0.1252
device,host,4,fp32,4,cmpeq,2,39314.3718,25436,0.3,1592,0.1252
device,host,4,fp32,4,select,2,43494.3494,22991,0.4,1590,0.1383
device,host,4,fp32,4,iand,2,44553.8698,22445,0.3,1405,0.1252
device,host,4,fp32,4,ior,2,44552.2559,22446,0.3,1405,0.1252
device,host,4,fp32,4,ixor,2,44561.0353,22441,0.3,1402,0.1249
device,host,4,fp32,4,iadd,2,44688.9481,22377,0.3,1398,0.1250
device,host,4,fp32,4,isub,2,44551.1577,22446,0.3,1401,0.1248
device,host,4,fp32,4,ishl,2,44479.4585,22482,0.3,1409,0.1253
device,host,4,fp32,4,ishr,2,44494.2315,22475,0.3,1404,0.1249
device,host,4,fp32,4,icmplt,2,44647.5943,22398,0.3,1395,0.1246
device,host,4,fp32,4,add,2,44463.2300,22490,0.3,1400,0.1245
device,host,4,fp32,4,sub,2,44467.1874,22488,0.3,1401,0.1246
device,host,4,fp32,4,mul,2,44451.8065,22496,0.3,1403,0.1247
device,host,4,fp32,4,fma,2,44437.9530,22503,0.4,1405,0.1249
device,resident,4,fp32,4,abs,2,14613.0608,68432,0.5,4094,0.1197
device,resident,4,fp32,4,neg,2,14684.3869,68100,0.5,4092,0.1202
device,resident,4,fp32,4,copysign,2,14308.5094,69888,0.8,4096,0.1172
device,resident,4,fp32,4,min,2,14210.7582,70369,0.8,4096,0.1164
device,resident,4,fp32,4,max,2,14210.9048,70368,0.8,4096,0.1164
device,resident,4,fp32,4,minnum,2,14170.1633,70571,0.8,4096,0.1161
device,resident,4,fp32,4,maxnum,2,14157.5995,70633,0.8,4096,0.1160
device,resident,4,fp32,4,cmplt,2,14084.8728,70998,0.9,4096,0.1154
device,resident,4,fp32,4,cmple,2,13863.8065,72130,0.9,4096,0.1136
device,resident,4,fp32,4,cmpeq,2,17407.9603,57445,0.7,3702,0.1289
device,resident,4,fp32,4,select,2,18605.5338,53747,0.9,3370,0.1254
device,resident,4,fp32,4,iand,2,19366.3900,51636,0.6,3428,0.1328
device,resident,4,fp32,4,ior,2,19556.5205,51134,0.6,3198,0.1251
device,resident,4,fp32,4,ixor,2,19575.0797,51085,0.6,3195,0.1251
device,resident,4,fp32,4,iadd,2,19587.9185,51052,0.6,3184,0.1247
device,resident,4,fp32,4,isub,2,20822.4848,48025,0.6,3132,0.1304
device,resident,4,fp32,4,ishl,2,20833.1619,48000,0.6,3008,0.1253
device,resident,4,fp32,4,ishr,2,20864.6154,47928,0.6,2995,0.1250
device,resident,4,fp32,4,icmplt,2,20898.2114,47851,0.6,2992,0.1251
device,resident,4,fp32,4,add,2,20879.1340,47895,0.6,2988,0.1248
device,resident,4,fp32,4,sub,2,20870.2727,47915,0.6,2985,0.1246
device,resident,4,fp32,4,mul,2,21011.0041,47594,0.6,2931,0.1232
device,resident,4,fp32,4,fma,2,21241.3678,47078,0.8,2931,0.1245
software,host,0,fp32,4,abs,4,41.4334,24135140,193.1,665357,0.1103
software,host,0,fp32,4,neg,4,40.6640,24591768,196.7,763864,0.1242
software,host,0,fp32,4,copysign,4,42.7077,23414957,281.0,734040,0.1254
software,host,0,fp32,4,min,4,84.3228,11859182,142.3,369765,0.1247
software,host,0,fp32,4,max,4,84.1795,11879378,142.6,370318,0.1247
software,host,0,fp32,4,minnum,4,85.4270,11705898,140.5,369125,0.1261
software,host,0,fp32,4,maxnum,4,84.5034,11833840,142.0,370312,0.1252
software,host,0,fp32,4,cmplt,4,113.4229,8816561,105.8,262144,0.1189
software,host,0,fp32,4,cmple,4,110.7527,9029125,108.3,262144,0.1161
software,host,0,fp32,4,cmpeq,4,87.6209,11412796,137.0,356864,0.1251
software,host,0,fp32,4,select,4,45.3221,22064313,353.0,690572,0.1252
software,host,0,fp32,4,iand,4,38.5617,25932448,311.2,811071,0.1251
software,host,0,fp32,4,ior,4,38.9647,25664240,308.0,802216,0.1250
software,host,0,fp32,4,ixor,4,38.7963,25775646,309.3,802391,0.1245
software,host,0,fp32,4,iadd,4,39.2871,25453662,305.4,791873,0.1244
software,host,0,fp32,4,isub,4,48.7972,20492974,245.9,638558,0.1246
software,host,0,fp32,4,ishl,4,50.0457,19981737,239.8,626791,0.1255
software,host,0,fp32,4,ishr,4,40.2909,24819487,297.8,776437,0.1251
software,host,0,fp32,4,icmplt,4,45.5885,21935370,263.2,689170,0.1257
software,host,0,fp32,4,add,4,278.3176,3593017,43.1,109987,0.1224
software,host,0,fp32,4,sub,4,286.4066,3491540,41.9,109413,0.1253
software,host,0,fp32,4,mul,4,211.3873,4730654,56.8,148096,0.1252
software,host,0,fp32,4,fma,4,260.9594,3832014,61.3,120162,0.1254
device,host,1,fp32,4,abs,4,21499.2451,46513,0.4,1363,0.1172
device,host,1,fp32,4,neg,4,21028.6343,47554,0.4,1484,0.1248
device,host,1,fp32,4,copysign,4,21345.9283,46847,0.6,1486,0.1269
device,host,1,fp32,4,min,4,23390.2138,42753,0.5,1407,0.1316
device,host,1,fp32,4,max,4,23807.9400,42003,0.5,1305,0.1243
device,host,1,fp32,4,minnum,4,23785.2097,42043,0.5,1304,0.1241
device,host,1,fp32,4,maxnum,4,23814.5769,41991,0.5,1323,0.1260
device,host,1,fp32,4,cmplt,4,24279.4433,41187,0.5,1306,0.1268
device,host,1,fp32,4,cmple,4,26853.5976,37239,0.4,1163,0.1249
device,host,1,fp32,4,cmpeq,4,26825.5090,37278,0.4,1169,0.1254
device,host,1,fp32,4,select,4,28809.6168,34711,0.6,1109,0.1278
device,host,1,fp32,4,iand,4,27310.2670,36616,0.4,1086,0.1186
device,host,1,fp32,4,ior,4,26147.5996,38244,0.5,1195,0.1250
device,host,1,fp32,4,ixor,4,26284.1284,38046,0.5,1184,0.1245
device,host,1,fp32,4,iadd,4,27861.9099,35891,0.4,1190,0.1326
device,host,1,fp32,4,isub,4,28156.3665,35516,0.4,1079,0.1215
device,host,1,fp32,4,ishl,4,27773.2560,36006,0.4,1128,0.1253
device,host,1,fp32,4,ishr,4,27778.2838,35999,0.4,1125,0.1250
device,host,1,fp32,4,icmplt,4,27779.1165,35998,0.4,1127,0.1252
device,host,1,fp32,4,add,4,27874.2489,35875,0.4,1116,0.1244
device,host,1,fp32,4,sub,4,27860.5683,35893,0.4,1117,0.1245
device,host,1,fp32,4,mul,4,27880.5784,35867,0.4,1120,0.1249
device,host,1,fp32,4,fma,4,27846.7342,35911,0.6,1120,0.1248
device,resident,1,fp32,4,abs,4,7604.2057,131506,1.1,3918,0.1192
device,resident,1,fp32,4,neg,4,9740.4607,102665,0.8,3292,0.1283
device,resident,1,fp32,4,copysign,4,10349.3112,96625,1.2,3144,0.1302
device,resident,1,fp32,4,min,4,10416.8227,95999,1.2,2993,0.1247
device,resident,1,fp32,4,max,4,10417.2816,95994,1.2,2995,0.1248
device,resident,1,fp32,4,minnum,4,10416.7105,96000,1.2,2994,0.1248
device,resident,1,fp32,4,maxnum,4,10409.1603,96069,1.2,3011,0.1254
device,resident,1,fp32,4,cmplt,4,10386.2346,96281,1.2,3012,0.1251
device,resident,1,fp32,4,cmple,4,11300.6565,88490,1.1,2990,0.1352
device,resident,1,fp32,4,cmpeq,4,11529.6527,86733,1.0,2704,0.1247
device,resident,1,fp32,4,select,4,11524.6418,86771,1.4,2693,0.1241
device,resident,1,fp32,4,iand,4,11503.3499,86931,1.0,2704,0.1244
device,resident,1,fp32,4,ior,4,11510.7833,86875,1.0,2700,0.1243
device,resident,1,fp32,4,ixor,4,11516.6849,86831,1.0,2707,0.1247
device,resident,1,fp32,4,iadd,4,11505.9365,86912,1.0,2724,0.1254
device,resident,1,fp32,4,isub,4,11618.7823,86068,1.0,2721,0.1265
device,resident,1,fp32,4,ishl,4,11584.7408,86320,1.0,2713,0.1257
device,resident,1,fp32,4,ishr,4,10537.8831,94896,1.1,2673,0.1127
device,resident,1,fp32,4,icmplt,4,11283.7122,88623,1.1,2993,0.1351
device,resident,1,fp32,4,add,4,11450.3327,87334,1.0,2725,0.1248
device,resident,1,fp32,4,sub,4,11437.9556,87428,1.0,2740,0.1254
device,resident,1,fp32,4,mul,4,11467.7571,87201,1.0,2725,0.1250
device,resident,1,fp32,4,fma,4,11486.7011,87057,1.4,2714,0.1247
device,host,4,fp32,4,abs,4,17162.4494,58267,0.5,1740,0.1195
device,host,4,fp32,4,neg,4,17137.8272,58350,0.5,1826,0.1252
device,host,4,fp32,4,copysign,4,17164.5479,58260,0.7,1828,0.1255
device,host,4,fp32,4,min,4,17253.6482,57959,0.7,1820,0.1256
device,host,4,fp32,4,max,4,18387.4010,54385,0.7,1830,0.1346
device,host,4,fp32,4,minnum,4,22091.9103,45265,0.5,1491,0.1318
device,host,4,fp32,4,maxnum,4,22879.1995,43708,0.5,1382,0.1265
device,host,4,fp32,4,cmplt,4,27730.2960,36062,0.4,1380,0.1531
device,host,4,fp32,4,cmple,4,29451.5229,33954,0.4,1061,0.1250
device,host,4,fp32,4,cmpeq,4,29433.5761,33975,0.4,1065,0.1254
device,host,4,fp32,4,select,4,29429.9437,33979,0.5,1057,0.1244
device,host,4,fp32,4,iand,4,29512.9425,33883,0.4,1056,0.1247
device,host,4,fp32,4,ior,4,29523.3420,33872,0.4,1054,0.1245
device,host,4,fp32,4,ixor,4,29555.3434,33835,0.4,1060,0.1253
device,host,4,fp32,4,iadd,4,29551.4042,33839,0.4,1059,0.1252
device,host,4,fp32,4,isub,4,29530.8434,33863,0.4,1063,0.1256
device,host,4,fp32,4,ishl,4,29618.7559,33762,0.4,1058,0.1253
device,host,4,fp32,4,ishr,4,29633.5177,33746,0.4,1059,0.1255
device,host,4,fp32,4,icmplt,4,29288.3038,34143,0.4,1051,0.1231
device,host,4,fp32,4,add,4,27109.2721,36888,0.4,1119,0.1213
device,host,4,fp32,4,sub,4,26922.8046,37143,0.4,1162,0.1251
device,host,4,fp32,4,mul,4,26931.0054,37132,0.4,1160,0.1250
device,host,4,fp32,4,fma,4,26954.5273,37100,0.6,1162,0.1253
device,resident,4,fp32,4,abs,4,7863.3255,127173,1.0,3885,0.1222
device,resident,4,fp32,4,neg,4,9509.2256,105161,0.8,3899,0.1483
device,resident,4,fp32,4,copysign,4,8744.6934,114355,1.4,3345,0.1170
device,resident,4,fp32,4,min,4,8476.2167,117977,1.4,3679,0.1247
device,resident,4,fp32,4,max,4,8533.2911,117188,1.4,3691,0.1260
device,resident,4,fp32,4,minnum,4,8693.8974,115023,1.4,3306,0.1150
device,resident,4,fp32,4,maxnum,4,8435.3303,118549,1.4,3714,0.1253
device,resident,4,fp32,4,cmplt,4,8437.2752,118522,1.4,3704,0.1250
device,resident,4,fp32,4,cmple,4,9782.8439,102220,1.2,3690,0.1444
device,resident,4,fp32,4,cmpeq,4,11542.8390,86634,1.0,2827,0.1305
device,resident,4,fp32,4,select,4,11771.0435,84954,1.4,2652,0.1249
device,resident,4,fp32,4,iand,4,11800.7125,84741,1.0,2655,0.1253
device,resident,4,fp32,4,ior,4,11904.3092,84003,1.0,2626,0.1250
device,resident,4,fp32,4,ixor,4,11901.6475,84022,1.0,2617,0.1246
device,resident,4,fp32,4,iadd,4,11910.1894,83962,1.0,2636,0.1256
device,resident,4,fp32,4,isub,4,11943.7282,83726,1.0,2603,0.1244
device,resident,4,fp32,4,ishl,4,11481.7436,87095,1.0,2387,0.1096
device,resident,4,fp32,4,ishr,4,10886.6132,91856,1.1,2859,0.1245
device,resident,4,fp32,4,icmplt,4,10805.9761,92541,1.1,2864,0.1238
device,resident,4,fp32,4,add,4,10789.0143,92687,1.1,2906,0.1254
device,resident,4,fp32,4,sub,4,10919.2646,91581,1.1,2895,0.1264
device,resident,4,fp32,4,mul,4,11902.1928,84018,1.0,2630,0.1252
device,resident,4,fp32,4,fma,4,11912.2463,83947,1.3,2618,0.1247
software,host,0,fp32,4,abs,8,37.9867,26325022,210.6,381643,0.1160
software,host,0,fp32,4,neg,8,38.9831,25652112,205.2,400583,0.1249
software,host,0,fp32,4,copysign,8,41.7992,23923917,287.1,372839,0.1247
software,host,0,fp32,4,min,8,82.0279,12190970,146.3,191127,0.1254
software,host,0,fp32,4,max,8,81.2344,12310051,147.7,191761,0.1246
software,host,0,fp32,4,minnum,8,82.0121,12193327,146.3,190753,0.1252
software,host,0,fp32,4,maxnum,8,81.9339,12204955,146.5,191637,0.1256
software,host,0,fp32,4,cmplt,8,91.5966,10917431,131.0,172639,0.1265
software,host,0,fp32,4,cmple,8,92.4601,10815477,129.8,166052,0.1228
software,host,0,fp32,4,cmpeq,8,107.5762,9295738,111.5,168388,0.1449
software,host,0,fp32,4,select,8,49.1744,20335776,325.4,262144,0.1031
software,host,0,fp32,4,iand,8,35.2966,28331355,340.0,429361,0.1212
software,host,0,fp32,4,ior,8,35.7813,27947571,335.4,438224,0.1254
software,host,0,fp32,4,ixor,8,35.7453,27975729,335.7,434226,0.1242
software,host,0,fp32,4,iadd,8,37.6601,26553278,318.6,415307,0.1251
software,host,0,fp32,4,isub,8,47.7140,20958212,251.5,262144,0.1001
software,host,0,fp32,4,ishl,8,48.1032,20788631,249.5,262144,0.1009
software,host,0,fp32,4,ishr,8,39.0186,25628772,307.5,399185,0.1246
software,host,0,fp32,4,icmplt,8,49.0987,20367128,244.4,262144,0.1030
software,host,0,fp32,4,add,8,280.6024,3563761,42.8,55869,0.1254
software,host,0,fp32,4,sub,8,294.0752,3400490,40.8,53307,0.1254
software,host,0,fp32,4,mul,8,222.2300,4499842,54.0,70421,0.1252
software,host,0,fp32,4,fma,8,260.8638,3833418,61.3,59726,0.1246
device,host,1,fp32,4,abs,8,11922.5353,83875,0.7,1349,0.1287
device,host,1,fp32,4,neg,8,12115.2783,82540,0.7,1289,0.1249
device,host,1,fp32,4,copysign,8,12123.2004,82486,1.0,1287,0.1248
device,host,1,fp32,4,min,8,12132.1018,82426,1.0,1286,0.1248
device,host,1,fp32,4,max,8,12097.8339,82659,1.0,1290,0.1248
device,host,1,fp32,4,minnum,8,13230.7377,75582,0.9,1292,0.1368
device,host,1,fp32,4,maxnum,8,13786.8620,72533,0.9,1133,0.1250
device,host,1,fp32,4,cmplt,8,13778.8398,72575,0.9,1133,0.1249
device,host,1,fp32,4,cmple,8,13769.0616,72627,0.9,1132,0.1247
device,host,1,fp32,4,cmpeq,8,13767.9902,72632,0.9,1137,0.1252
device,host,1,fp32,4,select,8,13759.3434,72678,1.2,1135,0.1249
device,host,1,fp32,4,iand,8,13733.5803,72814,0.9,1135,0.1247
device,host,1,fp32,4,ior,8,15008.9264,66627,0.8,1135,0.1363
device,host,1,fp32,4,ixor,8,15104.3488,66206,0.8,1042,0.1259
device,host,1,fp32,4,iadd,8,15117.8570,66147,0.8,1027,0.1242
device,host,1,fp32,4,isub,8,15173.3639,65905,0.8,1028,0.1248
device,host,1,fp32,4,ishl,8,15173.5004,65904,0.8,1030,0.1250
device,host,1,fp32,4,ishr,8,15170.6728,65917,0.8,1027,0.1246
device,host,1,fp32,4,icmplt,8,15173.9640,65902,0.8,1030,0.1250
device,host,1,fp32,4,add,8,15181.4803,65870,0.8,1032,0.1253
device,host,1,fp32,4,sub,8,15218.2257,65711,0.8,1028,0.1252
device,host,1,fp32,4,mul,8,15179.0189,65880,0.8,1026,0.1246
device,host,1,fp32,4,fma,8,13969.1541,71586,1.1,1025,0.1145
device,resident,1,fp32,4,abs,8,3703.0559,270047,2.2,3874,0.1148
device,resident,1,fp32,4,neg,8,3633.8624,275189,2.2,4096,0.1191
device,resident,1,fp32,4,copysign,8,3549.9290,281696,3.4,4096,0.1163
device,resident,1,fp32,4,min,8,3494.7979,286140,3.4,4096,0.1145
device,resident,1,fp32,4,max,8,3435.9018,291044,3.5,4096,0.1126
device,resident,1,fp32,4,minnum,8,3400.8589,294043,3.5,4096,0.1114
device,resident,1,fp32,4,maxnum,8,3355.1293,298051,3.6,4096,0.1099
device,resident,1,fp32,4,cmplt,8,3323.9178,300850,3.6,4096,0.1089
device,resident,1,fp32,4,cmple,8,3321.1762,301098,3.6,4096,0.1088
device,resident,1,fp32,4,cmpeq,8,3322.0126,301022,3.6,4096,0.1089
device,resident,1,fp32,4,select,8,3269.4877,305858,4.9,4096,0.1071
device,resident,1,fp32,4,iand,8,3233.1780,309293,3.7,4096,0.1059
device,resident,1,fp32,4,ior,8,3233.4398,309268,3.7,4096,0.1060
device,resident,1,fp32,4,ixor,8,3249.7117,307720,3.7,4096,0.1065
device,resident,1,fp32,4,iadd,8,3232.1407,309392,3.7,4096,0.1059
device,resident,1,fp32,4,isub,8,3201.2751,312376,3.7,4096,0.1049
device,resident,1,fp32,4,ishl,8,3196.0077,312890,3.8,4096,0.1047
device,resident,1,fp32,4,ishr,8,3194.1625,313071,3.8,4096,0.1047
device,resident,1,fp32,4,icmplt,8,3210.7369,311455,3.7,4096,0.1052
device,resident,1,fp32,4,add,8,3203.1079,312197,3.7,4096,0.1050
device,resident,1,fp32,4,sub,8,3485.7834,286880,3.4,4096,0.1142
device,resident,1,fp32,4,mul,8,4001.7334,249892,3.0,3858,0.1235
device,resident,1,fp32,4,fma,8,3953.2973,252953,4.0,3937,0.1245
device,host,4,fp32,4,abs,8,8651.0308,115593,0.9,1743,0.1206
device,host,4,fp32,4,neg,8,8654.9699,115541,0.9,1825,0.1264
device,host,4,fp32,4,copysign,8,9807.5303,101962,1.2,1827,0.1433
device,host,4,fp32,4,min,8,11075.8305,90287,1.1,1479,0.1310
device,host,4,fp32,4,max,8,11043.3870,90552,1.1,1395,0.1232
device,host,4,fp32,4,minnum,8,10003.2369,99968,1.2,1489,0.1192
device,host,4,fp32,4,maxnum,8,9794.3631,102100,1.2,1589,0.1245
device,host,4,fp32,4,cmplt,8,9799.3112,102048,1.2,1596,0.1251
device,host,4,fp32,4,cmple,8,9804.8136,101991,1.2,1589,0.1246
device,host,4,fp32,4,cmpeq,8,9797.1884,102070,1.2,1594,0.1249
device,host,4,fp32,4,select,8,9794.2458,102101,1.6,1594,0.1249
device,host,4,fp32,4,iand,8,9799.2122,102049,1.2,1595,0.1250
device,host,4,fp32,4,ior,8,11089.2232,90178,1.1,1456,0.1292
device,host,4,fp32,4,ixor,8,11145.8596,89719,1.1,1403,0.1251
device,host,4,fp32,4,iadd,8,11144.4823,89731,1.1,1402,0.1250
device,host,4,fp32,4,isub,8,11149.0034,89694,1.1,1403,0.1251
device,host,4,fp32,4,ishl,8,11154.0659,89653,1.1,1401,0.1250
device,host,4,fp32,4,ishr,8,11204.5972,89249,1.1,1401,0.1256
device,host,4,fp32,4,icmplt,8,11985.6777,83433,1.0,1355,0.1299
device,host,4,fp32,4,add,8,13728.7569,72840,0.9,1224,0.1344
device,host,4,fp32,4,sub,8,14529.2642,68827,0.8,1074,0.1248
device,host,4,fp32,4,mul,8,14532.0026,68814,0.8,1076,0.1251
device,host,4,fp32,4,fma,8,14526.5321,68840,1.1,1076,0.1250
device,resident,4,fp32,4,abs,8,4071.5239,245608,2.0,3549,0.1156
device,resident,4,fp32,4,neg,8,3935.0865,254124,2.0,3844,0.1210
device,resident,4,fp32,4,copysign,8,3948.1194,253285,3.0,3971,0.1254
device,resident,4,fp32,4,min,8,4032.4827,247986,3.0,3908,0.1261
device,resident,4,fp32,4,max,8,4017.1454,248933,3.0,3790,0.1218
device,resident,4,fp32,4,minnum,8,4016.3384,248983,3.0,3884,0.1248
device,resident,4,fp32,4,maxnum,8,4042.9532,247344,3.0,3898,0.1261
device,resident,4,fp32,4,cmplt,8,3974.6184,251596,3.0,3768,0.1198
device,resident,4,fp32,4,cmple,8,3973.8397,251646,3.0,3925,0.1248
device,resident,4,fp32,4,cmpeq,8,4840.2678,206600,2.5,3889,0.1506
device,resident,4,fp32,4,select,8,5785.7288,172839,2.8,2827,0.1309
device,resident,4,fp32,4,iand,8,5861.1274,170616,2.0,2656,0.1245
device,resident,4,fp32,4,ior,8,5883.2248,169975,2.0,2680,0.1261
device,resident,4,fp32,4,ixor,8,5875.9217,170186,2.0,2656,0.1249
device,resident,4,fp32,4,iadd,8,5885.0819,169921,2.0,2656,0.1250
device,resident,4,fp32,4,isub,8,5935.4065,168480,2.0,2652,0.1259
device,resident,4,fp32,4,ishl,8,6148.9428,162630,2.0,2504,0.1232
device,resident,4,fp32,4,ishr,8,6157.5089,162403,1.9,2544,0.1253
device,resident,4,fp32,4,icmplt,8,5952.2557,168004,2.0,2534,0.1207
device,resident,4,fp32,4,add,8,5833.1952,171433,2.1,2678,0.1250
device,resident,4,fp32,4,sub,8,5836.9897,171321,2.1,2682,0.1252
device,resident,4,fp32,4,mul,8,5675.1947,176205,2.1,2682,0.1218
device,resident,4,fp32,4,fma,8,5392.6309,185438,3.0,2897,0.1250
software,host,0,fp32,4,abs,16,36.2877,27557582,220.5,202335,0.1175
software,host,0,fp32,4,neg,16,38.9363,25682948,205.5,201983,0.1258
software,host,0,fp32,4,copysign,16,41.8911,23871433,286.5,186814,0.1252
software,host,0,fp32,4,min,16,82.8604,12068491,144.8,95043,0.1260
software,host,0,fp32,4,max,16,83.0031,12047742,144.6,88411,0.1174
software,host,0,fp32,4,minnum,16,82.4195,12133047,145.6,93368,0.1231
software,host,0,fp32,4,maxnum,16,97.7701,10228073,122.7,88207,0.1380
software,host,0,fp32,4,cmplt,16,106.7281,9369601,112.4,75026,0.1281
software,host,0,fp32,4,cmple,16,97.7631,10228810,122.7,73452,0.1149
software,host,0,fp32,4,cmpeq,16,82.8107,12075734,144.9,94251,0.1249
software,host,0,fp32,4,select,16,40.1007,24937203,399.0,196817,0.1263
software,host,0,fp32,4,iand,16,33.6203,29743928,356.9,233488,0.1256
software,host,0,fp32,4,ior,16,34.0747,29347258,352.2,229729,0.1252
software,host,0,fp32,4,ixor,16,33.7961,29589179,355.1,231571,0.1252
software,host,0,fp32,4,iadd,16,37.1861,26891736,322.7,212008,0.1261
software,host,0,fp32,4,isub,16,48.0642,20805501,249.7,160686,0.1236
software,host,0,fp32,4,ishl,16,46.3788,21561565,258.7,170142,0.1263
software,host,0,fp32,4,ishr,16,38.0397,26288315,315.5,205322,0.1250
software,host,0,fp32,4,icmplt,16,49.5192,20194199,242.3,159719,0.1265
software,host,0,fp32,4,add,16,283.4274,3528241,42.3,27583,0.1251
software,host,0,fp32,4,sub,16,295.6447,3382438,40.6,26409,0.1249
software,host,0,fp32,4,mul,16,217.8959,4589348,55.1,35783,0.1248
software,host,0,fp32,4,fma,16,257.5941,3882076,62.1,30336,0.1250
device,host,1,fp32,4,abs,16,5868.7745,170393,1.4,1346,0.1264
device,host,1,fp32,4,neg,16,6065.9253,164855,1.3,1284,0.1246
device,host,1,fp32,4,copysign,16,6052.1547,165230,2.0,1287,0.1246
device,host,1,fp32,4,min,16,6048.3125,165335,2.0,1295,0.1253
device,host,1,fp32,4,max,16,6270.2372,159484,1.9,1292,0.1296
device,host,1,fp32,4,minnum,16,6853.1145,145919,1.8,1142,0.1252
device,host,1,fp32,4,maxnum,16,6854.2456,145895,1.8,1139,0.1249
device,host,1,fp32,4,cmplt,16,6857.4914,145826,1.7,1138,0.1249
device,host,1,fp32,4,cmple,16,6854.6507,145886,1.8,1140,0.1250
device,host,1,fp32,4,cmpeq,16,6857.3722,145828,1.7,1140,0.1251
device,host,1,fp32,4,select,16,6847.2989,146043,2.3,1136,0.1245
device,host,1,fp32,4,iand,16,6853.4336,145912,1.8,1140,0.1250
device,host,1,fp32,4,ior,16,6852.2297,145938,1.8,1140,0.1250
device,host,1,fp32,4,ixor,16,6849.1337,146004,1.8,1139,0.1248
device,host,1,fp32,4,iadd,16,6847.3788,146041,1.8,1143,0.1252
device,host,1,fp32,4,isub,16,6840.1898,146195,1.8,1144,0.1252
device,host,1,fp32,4,ishl,16,6890.1157,145135,1.7,1142,0.1259
device,host,1,fp32,4,ishr,16,6996.4257,142930,1.7,1189,0.1331
device,host,1,fp32,4,icmplt,16,7146.6033,139927,1.7,1092,0.1249
device,host,1,fp32,4,add,16,7138.9993,140076,1.7,1099,0.1255
device,host,1,fp32,4,sub,16,7140.9344,140038,1.7,1096,0.1252
device,host,1,fp32,4,mul,16,7156.2181,139739,1.7,1095,0.1254
device,host,1,fp32,4,fma,16,7181.3718,139249,2.2,1090,0.1252
device,resident,1,fp32,4,abs,16,1864.7260,536272,4.3,3974,0.1186
device,resident,1,fp32,4,neg,16,1840.4782,543337,4.3,4096,0.1206
device,resident,1,fp32,4,copysign,16,1830.9198,546174,6.6,4096,0.1200
device,resident,1,fp32,4,min,16,1771.0032,564652,6.8,4096,0.1161
device,resident,1,fp32,4,max,16,1764.4592,566746,6.8,4096,0.1156
device,resident,1,fp32,4,minnum,16,1753.1674,570396,6.8,4096,0.1149
device,resident,1,fp32,4,maxnum,16,1744.9794,573073,6.9,4096,0.1144
device,resident,1,fp32,4,cmplt,16,1747.2974,572312,6.9,4096,0.1145
device,resident,1,fp32,4,cmple,16,1747.6542,572196,6.9,4096,0.1145
device,resident,1,fp32,4,cmpeq,16,1745.6902,572839,6.9,4096,0.1144
device,resident,1,fp32,4,select,16,1738.5396,575195,9.2,4096,0.1139
device,resident,1,fp32,4,iand,16,1733.3119,576930,6.9,4096,0.1136
device,resident,1,fp32,4,ior,16,1729.9872,578039,6.9,4096,0.1134
device,resident,1,fp32,4,ixor,16,1728.9138,578398,6.9,4096,0.1133
device,resident,1,fp32,4,iadd,16,1716.0720,582726,7.0,4096,0.1125
device,resident,1,fp32,4,isub,16,1713.1037,583736,7.0,4096,0.1123
device,resident,1,fp32,4,ishl,16,1708.1660,585423,7.0,4096,0.1119
device,resident,1,fp32,4,ishr,16,1712.4889,583945,7.0,4096,0.1122
device,resident,1,fp32,4,icmplt,16,1714.1288,583387,7.0,4096,0.1123
device,resident,1,fp32,4,add,16,1716.9025,582444,7.0,4096,0.1125
device,resident,1,fp32,4,sub,16,1716.2348,582671,7.0,4096,0.1125
device,resident,1,fp32,4,mul,16,1722.4504,580568,7.0,4096,0.1129
device,resident,1,fp32,4,fma,16,1782.1103,561132,9.0,4096,0.1168
device,host,4,fp32,4,abs,16,7426.4584,134654,1.1,1029,0.1223
device,host,4,fp32,4,neg,16,7381.9487,135466,1.1,1068,0.1261
device,host,4,fp32,4,copysign,16,7401.8606,135101,1.6,1039,0.1230
device,host,4,fp32,4,min,16,7410.0929,134951,1.6,1060,0.1257
device,host,4,fp32,4,max,16,7433.1768,134532,1.6,1049,0.1248
device,host,4,fp32,4,minnum,16,7401.1652,135114,1.6,1058,0.1253
device,host,4,fp32,4,maxnum,16,7611.4473,131381,1.6,1060,0.1291
device,host,4,fp32,4,cmplt,16,7590.7520,131739,1.6,1030,0.1251
device,host,4,fp32,4,cmple,16,7541.2664,132604,1.6,1040,0.1255
device,host,4,fp32,4,cmpeq,16,8044.1181,124314,1.5,1011,0.1301
device,host,4,fp32,4,select,16,8151.0316,122684,2.0,964,0.1257
device,host,4,fp32,4,iand,16,8782.0397,113869,1.4,958,0.1346
device,host,4,fp32,4,ior,16,9303.4257,107487,1.3,866,0.1289
device,host,4,fp32,4,ixor,16,9502.2781,105238,1.3,822,0.1250
device,host,4,fp32,4,iadd,16,10117.2054,98842,1.2,822,0.1331
device,host,4,fp32,4,isub,16,10229.2436,97759,1.2,761,0.1246
device,host,4,fp32,4,ishl,16,10659.1039,93817,1.1,765,0.1305
device,host,4,fp32,4,ishr,16,12220.7681,81828,1.0,659,0.1289
device,host,4,fp32,4,icmplt,16,12500.8166,79995,1.0,625,0.1250
device,host,4,fp32,4,add,16,12498.9549,80007,1.0,626,0.1252
device,host,4,fp32,4,sub,16,12497.5247,80016,1.0,625,0.1250
device,host,4,fp32,4,mul,16,12508.7414,79944,1.0,627,0.1255
device,host,4,fp32,4,fma,16,12508.4099,79946,1.3,624,0.1249
device,resident,4,fp32,4,abs,16,2729.5731,366358,2.9,2782,0.1215
device,resident,4,fp32,4,neg,16,2721.3656,367463,2.9,2853,0.1242
device,resident,4,fp32,4,copysign,16,2719.9326,367656,4.4,2863,0.1246
device,resident,4,fp32,4,min,16,2992.1456,334208,4.0,2879,0.1378
device,resident,4,fp32,4,max,16,3319.5874,301242,3.6,2456,0.1304
device,resident,4,fp32,4,minnum,16,3357.2862,297860,3.6,2328,0.1251
device,resident,4,fp32,4,maxnum,16,3344.4603,299002,3.6,2331,0.1247
device,resident,4,fp32,4,cmplt,16,3349.3472,298566,3.6,2329,0.1248
device,resident,4,fp32,4,cmple,16,3356.1608,297960,3.6,2333,0.1253
device,resident,4,fp32,4,cmpeq,16,3353.5644,298190,3.6,2326,0.1248
device,resident,4,fp32,4,select,16,3349.7087,298533,4.8,2273,0.1218
device,resident,4,fp32,4,iand,16,3341.1249,299300,3.6,2338,0.1250
device,resident,4,fp32,4,ior,16,3345.4556,298913,3.6,2329,0.1247
device,resident,4,fp32,4,ixor,16,3368.1651,296898,3.6,2311,0.1245
device,resident,4,fp32,4,iadd,16,3357.0343,297882,3.6,2311,0.1241
device,resident,4,fp32,4,isub,16,3456.3668,289321,3.5,2298,0.1271
device,resident,4,fp32,4,ishl,16,3472.3280,287991,3.5,2219,0.1233
device,resident,4,fp32,4,ishr,16,3467.5171,288391,3.5,2260,0.1254
device,resident,4,fp32,4,icmplt,16,3458.9600,289104,3.5,2259,0.1250
device,resident,4,fp32,4,add,16,3592.7826,278336,3.3,2277,0.1309
device,resident,4,fp32,4,sub,16,3673.7660,272200,3.3,2140,0.1258
device,resident,4,fp32,4,mul,16,3650.2552,273953,3.3,2130,0.1244
device,resident,4,fp32,4,fma,16,3606.6180,277268,4.4,2164,0.1249
software,host,0,fp32,4,abs,32,35.3574,28282592,226.3,104799,0.1186
software,host,0,fp32,4,neg,32,39.6770,25203546,201.6,98667,0.1253
software,host,0,fp32,4,copysign,32,41.1810,24283017,291.4,95407,0.1257
software,host,0,fp32,4,min,32,80.4006,12437716,149.3,48651,0.1252
software,host,0,fp32,4,max,32,80.1492,12476725,149.7,48843,0.1253
software,host,0,fp32,4,minnum,32,80.8720,12365218,148.4,48227,0.1248
software,host,0,fp32,4,maxnum,32,80.6042,12406308,148.9,48621,0.1254
software,host,0,fp32,4,cmplt,32,96.0649,10409625,124.9,40760,0.1253
software,host,0,fp32,4,cmple,32,97.3898,10268013,123.2,39750,0.1239
software,host,0,fp32,4,cmpeq,32,83.5960,11962294,143.5,46872,0.1254
software,host,0,fp32,4,select,32,38.8132,25764463,412.2,100751,0.1251
software,host,0,fp32,4,iand,32,32.7336,30549624,366.6,117863,0.1235
software,host,0,fp32,4,ior,32,33.1841,30134950,361.6,117996,0.1253
software,host,0,fp32,4,ixor,32,32.8673,30425338,365.1,119110,0.1253
software,host,0,fp32,4,iadd,32,38.2802,26123155,313.5,102396,0.1254
software,host,0,fp32,4,isub,32,48.3917,20664700,248.0,81581,0.1263
software,host,0,fp32,4,ishl,32,44.5770,22433114,269.2,87877,0.1254
software,host,0,fp32,4,ishr,32,36.5642,27349159,328.2,107250,0.1255
software,host,0,fp32,4,icmplt,32,44.0241,22714841,272.6,89097,0.1255
software,host,0,fp32,4,add,32,285.1353,3507107,42.1,13713,0.1251
software,host,0,fp32,4,sub,32,297.9165,3356645,40.3,13117,0.1250
software,host,0,fp32,4,mul,32,221.5328,4514004,54.2,17688,0.1254
software,host,0,fp32,4,fma,32,253.8862,3938772,63.0,15421,0.1253
device,host,1,fp32,4,abs,32,3321.0424,301110,2.4,1230,0.1307
device,host,1,fp32,4,neg,32,3408.2376,293407,2.3,1148,0.1252
device,host,1,fp32,4,copysign,32,3509.1879,284966,3.4,1146,0.1287
device,host,1,fp32,4,min,32,3819.4742,261816,3.1,1023,0.1250
device,host,1,fp32,4,max,32,3411.3835,293136,3.5,1004,0.1096
device,host,1,fp32,4,minnum,32,3272.9296,305537,3.7,1191,0.1247
device,host,1,fp32,4,maxnum,32,3270.4743,305766,3.7,1198,0.1254
device,host,1,fp32,4,cmplt,32,3574.3538,279771,3.4,1079,0.1234
device,host,1,fp32,4,cmple,32,3571.3682,280005,3.4,1091,0.1247
device,host,1,fp32,4,cmpeq,32,3575.2870,279698,3.4,1092,0.1249
device,host,1,fp32,4,select,32,3572.2935,279932,4.5,1096,0.1253
device,host,1,fp32,4,iand,32,3574.5138,279758,3.4,1094,0.1251
device,host,1,fp32,4,ior,32,3569.4212,280157,3.4,1096,0.1252
device,host,1,fp32,4,ixor,32,3566.1887,280411,3.4,1096,0.1251
device,host,1,fp32,4,iadd,32,3563.5944,280616,3.4,1095,0.1249
device,host,1,fp32,4,isub,32,3340.4485,299361,3.6,1097,0.1173
device,host,1,fp32,4,ishl,32,3273.9522,305441,3.7,1192,0.1249
device,host,1,fp32,4,ishr,32,3277.8132,305081,3.7,1192,0.1250
device,host,1,fp32,4,icmplt,32,3279.6844,304907,3.7,1192,0.1251
device,host,1,fp32,4,add,32,3416.1508,292727,3.5,1193,0.1304
device,host,1,fp32,4,sub,32,3634.1311,275169,3.3,1073,0.1248
device,host,1,fp32,4,mul,32,3636.4072,274997,3.3,1077,0.1253
device,host,1,fp32,4,fma,32,3634.0810,275173,4.4,1075,0.1250
device,resident,1,fp32,4,abs,32,1023.1940,977332,7.8,3750,0.1228
device,resident,1,fp32,4,neg,32,1023.4462,977091,7.8,3827,0.1253
device,resident,1,fp32,4,copysign,32,1286.0323,777585,9.3,3832,0.1577
device,resident,1,fp32,4,min,32,1311.0001,762776,9.2,2780,0.1166
device,resident,1,fp32,4,max,32,1281.9502,780062,9.4,3048,0.1250
device,resident,1,fp32,4,minnum,32,1277.9703,782491,9.4,3052,0.1248
device,resident,1,fp32,4,maxnum,32,1277.5488,782749,9.4,3065,0.1253
device,resident,1,fp32,4,cmplt,32,1340.0013,746268,9.0,3058,0.1311
device,resident,1,fp32,4,cmple,32,1415.1329,706647,8.5,2765,0.1252
device,resident,1,fp32,4,cmpeq,32,1421.2274,703617,8.4,2752,0.1252
device,resident,1,fp32,4,select,32,1418.8684,704787,11.3,2749,0.1248
device,resident,1,fp32,4,iand,32,1416.7155,705858,8.5,2758,0.1250
device,resident,1,fp32,4,ior,32,1418.1739,705132,8.5,2762,0.1253
device,resident,1,fp32,4,ixor,32,1418.9980,704723,8.5,2742,0.1245
device,resident,1,fp32,4,iadd,32,1418.9975,704723,8.5,2753,0.1250
device,resident,1,fp32,4,isub,32,1415.7258,706351,8.5,2760,0.1250
device,resident,1,fp32,4,ishl,32,1566.2144,638482,7.7,2765,0.1386
device,resident,1,fp32,4,ishr,32,1479.3953,675952,8.1,2379,0.1126
device,resident,1,fp32,4,icmplt,32,1393.3272,717707,8.6,2768,0.1234
device,resident,1,fp32,4,add,32,1368.2221,730875,8.8,3054,0.1337
device,resident,1,fp32,4,sub,32,1419.0651,704689,8.5,2748,0.1248
device,resident,1,fp32,4,mul,32,1419.4258,704510,8.5,2768,0.1257
device,resident,1,fp32,4,fma,32,1419.3419,704552,11.3,2751,0.1249
device,host,4,fp32,4,abs,32,7043.8820,141967,1.1,556,0.1253
device,host,4,fp32,4,neg,32,7358.1762,135903,1.1,531,0.1250
device,host,4,fp32,4,copysign,32,7354.2043,135977,1.6,531,0.1250
device,host,4,fp32,4,min,32,8091.3488,123589,1.5,532,0.1377
device,host,4,fp32,4,max,32,8982.4056,111329,1.3,466,0.1339
device,host,4,fp32,4,minnum,32,10376.9982,96367,1.2,412,0.1368
device,host,4,fp32,4,maxnum,32,11648.8325,85846,1.0,363,0.1353
device,host,4,fp32,4,cmplt,32,11783.4911,84864,1.0,329,0.1241
device,host,4,fp32,4,cmple,32,11941.4333,83742,1.0,330,0.1261
device,host,4,fp32,4,cmpeq,32,11942.5406,83734,1.0,328,0.1253
device,host,4,fp32,4,select,32,11928.3125,83834,1.3,326,0.1244
device,host,4,fp32,4,iand,32,11946.9164,83704,1.0,327,0.1250
device,host,4,fp32,4,ior,32,11983.9143,83445,1.0,325,0.1246
device,host,4,fp32,4,ixor,32,11962.9244,83592,1.0,327,0.1252
device,host,4,fp32,4,iadd,32,11957.9872,83626,1.0,325,0.1244
device,host,4,fp32,4,isub,32,12008.9735,83271,1.0,329,0.1264
device,host,4,fp32,4,ishl,32,11961.2346,83603,1.0,325,0.1244
device,host,4,fp32,4,ishr,32,11943.6504,83726,1.0,328,0.1254
device,host,4,fp32,4,icmplt,32,12026.0159,83153,1.0,326,0.1255
device,host,4,fp32,4,add,32,12032.0961,83111,1.0,323,0.1244
device,host,4,fp32,4,sub,32,12032.5112,83108,1.0,321,0.1236
device,host,4,fp32,4,mul,32,11992.5062,83385,1.0,324,0.1243
device,host,4,fp32,4,fma,32,11942.1114,83737,1.3,329,0.1257
device,resident,4,fp32,4,abs,32,2048.6661,488122,3.9,1889,0.1238
device,resident,4,fp32,4,neg,32,2045.9151,488779,3.9,1895,0.1241
device,resident,4,fp32,4,copysign,32,2045.1099,488971,5.9,1909,0.1249
device,resident,4,fp32,4,min,32,2049.2058,487994,5.9,1907,0.1251
device,resident,4,fp32,4,max,32,2045.9950,488760,5.9,1897,0.1242
device,resident,4,fp32,4,minnum,32,2091.4066,478147,5.7,1902,0.1273
device,resident,4,fp32,4,maxnum,32,2228.4386,448745,5.4,1772,0.1264
device,resident,4,fp32,4,cmplt,32,2221.6668,450113,5.4,1762,0.1253
device,resident,4,fp32,4,cmple,32,2223.5799,449725,5.4,1755,0.1249
device,resident,4,fp32,4,cmpeq,32,2248.5653,444728,5.3,1754,0.1262
device,resident,4,fp32,4,select,32,2274.0269,439749,7.0,1715,0.1248
device,resident,4,fp32,4,iand,32,2276.0494,439358,5.3,1719,0.1252
device,resident,4,fp32,4,ior,32,2274.8939,439581,5.3,1720,0.1252
device,resident,4,fp32,4,ixor,32,2282.6059,438096,5.3,1725,0.1260
device,resident,4,fp32,4,iadd,32,2289.0856,436856,5.2,1703,0.1247
device,resident,4,fp32,4,isub,32,2287.5857,437142,5.2,1709,0.1251
device,resident,4,fp32,4,ishl,32,2289.3019,436814,5.2,1713,0.1255
device,resident,4,fp32,4,ishr,32,2288.2796,437010,5.2,1713,0.1254
device,resident,4,fp32,4,icmplt,32,2288.3623,436994,5.2,1699,0.1244
device,resident,4,fp32,4,add,32,2286.4613,437357,5.2,1710,0.1251
device,resident,4,fp32,4,sub,32,2286.7173,437308,5.2,1708,0.1250
device,resident,4,fp32,4,mul,32,2289.2732,436820,5.2,1701,0.1246
device,resident,4,fp32,4,fma,32,2282.4014,438135,7.0,1715,0.1253
software,host,0,fp32,4,abs,64,34.9493,28612912,228.9,53716,0.1201
software,host,0,fp32,4,neg,64,40.3119,24806571,198.5,48217,0.1244
software,host,0,fp32,4,copysign,64,40.2425,24849327,298.2,48864,0.1259
software,host,0,fp32,4,min,64,80.6629,12397270,148.8,24315,0.1255
software,host,0,fp32,4,max,64,80.4328,12432743,149.2,24460,0.1259
software,host,0,fp32,4,minnum,64,81.3110,12298465,147.6,23972,0.1247
software,host,0,fp32,4,maxnum,64,80.8291,12371783,148.5,24034,0.1243
software,host,0,fp32,4,cmplt,64,98.9963,10101388,121.2,19672,0.1246
software,host,0,fp32,4,cmple,64,100.9161,9909222,118.9,19236,0.1242
software,host,0,fp32,4,cmpeq,64,82.8340,12072338,144.9,23651,0.1254
software,host,0,fp32,4,select,64,38.4470,26009863,416.2,50981,0.1254
software,host,0,fp32,4,iand,64,32.4587,30808355,369.7,60595,0.1259
software,host,0,fp32,4,ior,64,32.8898,30404595,364.9,59738,0.1257
software,host,0,fp32,4,ixor,64,32.3603,30902053,370.8,60636,0.1256
software,host,0,fp32,4,iadd,64,38.6173,25895130,310.7,49329,0.1219
software,host,0,fp32,4,isub,64,46.9158,21314773,255.8,41288,0.1240
software,host,0,fp32,4,ishl,64,43.9769,22739187,272.9,44708,0.1258
software,host,0,fp32,4,ishr,64,36.2645,27575204,330.9,54187,0.1258
software,host,0,fp32,4,icmplt,64,43.8155,22822959,273.9,44805,0.1256
software,host,0,fp32,4,add,64,284.9605,3509259,42.1,6835,0.1247
software,host,0,fp32,4,sub,64,299.6256,3337499,40.0,6551,0.1256
software,host,0,fp32,4,mul,64,221.4055,4516599,54.2,8843,0.1253
software,host,0,fp32,4,fma,64,259.1922,3858141,61.7,7549,0.1252
device,host,1,fp32,4,abs,64,1544.4496,647480,5.2,1295,0.1280
device,host,1,fp32,4,neg,64,1562.8403,639861,5.1,1242,0.1242
device,host,1,fp32,4,copysign,64,1540.1110,649304,7.8,1267,0.1249
device,host,1,fp32,4,min,64,1523.2191,656504,7.9,1283,0.1251
device,host,1,fp32,4,max,64,1522.9486,656621,7.9,1283,0.1251
device,host,1,fp32,4,minnum,64,1522.9147,656636,7.9,1281,0.1249
device,host,1,fp32,4,maxnum,64,1522.7440,656709,7.9,1284,0.1251
device,host,1,fp32,4,cmplt,64,1522.1618,656960,7.9,1285,0.1252
device,host,1,fp32,4,cmple,64,1523.0422,656581,7.9,1283,0.1251
device,host,1,fp32,4,cmpeq,64,1523.7224,656288,7.9,1283,0.1251
device,host,1,fp32,4,select,64,1523.4218,656417,10.5,1280,0.1248
device,host,1,fp32,4,iand,64,1540.6135,649092,7.8,1287,0.1269
device,host,1,fp32,4,ior,64,1688.9818,592073,7.1,1171,0.1266
device,host,1,fp32,4,ixor,64,1689.4125,591922,7.1,1157,0.1251
device,host,1,fp32,4,iadd,64,1689.4396,591912,7.1,1156,0.1250
device,host,1,fp32,4,isub,64,1706.9806,585830,7.0,1140,0.1245
device,host,1,fp32,4,ishl,64,1722.2153,580648,7.0,1138,0.1254
device,host,1,fp32,4,ishr,64,1658.7634,602859,7.2,1144,0.1214
device,host,1,fp32,4,icmplt,64,1645.1059,607864,7.3,1192,0.1255
device,host,1,fp32,4,add,64,1774.9227,563405,6.8,1144,0.1300
device,host,1,fp32,4,sub,64,1783.8361,560590,6.7,1095,0.1250
device,host,1,fp32,4,mul,64,1781.9586,561180,6.7,1099,0.1253
device,host,1,fp32,4,fma,64,1783.4590,560708,9.0,1095,0.1250
device,resident,1,fp32,4,abs,64,463.1954,2158916,17.3,3813,0.1130
device,resident,1,fp32,4,neg,64,428.4759,2333854,18.7,4096,0.1123
device,resident,1,fp32,4,copysign,64,413.1640,2420346,29.0,4096,0.1083
device,resident,1,fp32,4,min,64,416.1119,2403199,28.8,4096,0.1091
device,resident,1,fp32,4,max,64,405.1775,2468054,29.6,4096,0.1062
device,resident,1,fp32,4,minnum,64,406.3463,2460955,29.5,4096,0.1065
device,resident,1,fp32,4,maxnum,64,423.2014,2362941,28.4,4096,0.1109
device,resident,1,fp32,4,cmplt,64,430.7294,2321643,27.9,4096,0.1129
device,resident,1,fp32,4,cmple,64,453.7229,2203989,26.4,4096,0.1189
device,resident,1,fp32,4,cmpeq,64,500.8192,1996729,24.0,3885,0.1245
device,resident,1,fp32,4,select,64,498.1269,2007521,32.1,3873,0.1235
device,resident,1,fp32,4,iand,64,495.8416,2016773,24.2,3930,0.1247
device,resident,1,fp32,4,ior,64,495.6368,2017606,24.2,3946,0.1252
device,resident,1,fp32,4,ixor,64,495.7580,2017113,24.2,3916,0.1242
device,resident,1,fp32,4,iadd,64,495.5953,2017776,24.2,3951,0.1253
device,resident,1,fp32,4,isub,64,496.4043,2014487,24.2,3901,0.1239
device,resident,1,fp32,4,ishl,64,499.4493,2002205,24.0,3912,0.1250
device,resident,1,fp32,4,ishr,64,521.4098,1917877,23.0,3861,0.1288
device,resident,1,fp32,4,icmplt,64,558.6787,1789937,21.5,3585,0.1282
device,resident,1,fp32,4,add,64,559.4910,1787339,21.4,3466,0.1241
device,resident,1,fp32,4,sub,64,559.1718,1788359,21.5,3477,0.1244
device,resident,1,fp32,4,mul,64,558.6642,1789984,21.5,3498,0.1251
device,resident,1,fp32,4,fma,64,559.0203,1788844,28.6,3495,0.1250
device,host,4,fp32,4,abs,64,3694.0432,270706,2.2,530,0.1253
device,host,4,fp32,4,neg,64,4108.8991,243374,1.9,489,0.1286
device,host,4,fp32,4,copysign,64,4146.2592,241181,2.9,470,0.1247
device,host,4,fp32,4,min,64,4155.2645,240659,2.9,472,0.1255
device,host,4,fp32,4,max,64,4122.8940,242548,2.9,471,0.1243
device,host,4,fp32,4,minnum,64,4090.8747,244446,2.9,478,0.1251
device,host,4,fp32,4,maxnum,64,4091.9252,244384,2.9,477,0.1249
device,host,4,fp32,4,cmplt,64,4096.1223,244133,2.9,478,0.1253
device,host,4,fp32,4,cmple,64,4088.9079,244564,2.9,478,0.1251
device,host,4,fp32,4,cmpeq,64,4085.5635,244764,2.9,478,0.1250
device,host,4,fp32,4,select,64,4117.4193,242871,3.9,478,0.1260
device,host,4,fp32,4,iand,64,4118.4957,242807,2.9,475,0.1252
device,host,4,fp32,4,ior,64,4115.1320,243006,2.9,475,0.1251
device,host,4,fp32,4,ixor,64,4424.1729,226031,2.7,475,0.1345
device,host,4,fp32,4,iadd,64,4924.0420,203085,2.4,391,0.1232
device,host,4,fp32,4,isub,64,5564.8105,179701,2.2,395,0.1407
device,host,4,fp32,4,ishl,64,6261.3334,159710,1.9,313,0.1254
device,host,4,fp32,4,ishr,64,6280.3152,159228,1.9,313,0.1258
device,host,4,fp32,4,icmplt,64,6267.3205,159558,1.9,310,0.1243
device,host,4,fp32,4,add,64,6260.3950,159734,1.9,311,0.1246
device,host,4,fp32,4,sub,64,6256.3356,159838,1.9,312,0.1249
device,host,4,fp32,4,mul,64,6233.2153,160431,1.9,314,0.1253
device,host,4,fp32,4,fma,64,6262.1611,159689,2.6,312,0.1250
device,resident,4,fp32,4,abs,64,1074.9823,930248,7.4,1853,0.1275
device,resident,4,fp32,4,neg,64,1065.8295,938236,7.5,1810,0.1235
device,resident,4,fp32,4,copysign,64,1065.9990,938087,11.3,1825,0.1245
device,resident,4,fp32,4,min,64,1068.1226,936222,11.2,1828,0.1250
device,resident,4,fp32,4,max,64,1067.5196,936751,11.2,1819,0.1243
device,resident,4,fp32,4,minnum,64,1069.5855,934942,11.2,1810,0.1239
device,resident,4,fp32,4,maxnum,64,1069.5639,934960,11.2,1829,0.1252
device,resident,4,fp32,4,cmplt,64,1068.4482,935937,11.2,1823,0.1247
device,resident,4,fp32,4,cmple,64,1070.0240,934559,11.2,1818,0.1245
device,resident,4,fp32,4,cmpeq,64,1069.5861,934941,11.2,1822,0.1247
device,resident,4,fp32,4,select,64,1070.4834,934157,14.9,1786,0.1224
device,resident,4,fp32,4,iand,64,1070.5464,934102,11.2,1842,0.1262
device,resident,4,fp32,4,ior,64,1070.0383,934546,11.2,1826,0.1250
device,resident,4,fp32,4,ixor,64,1067.8991,936418,11.2,1799,0.1230
device,resident,4,fp32,4,iadd,64,1070.8943,933799,11.2,1781,0.1221
device,resident,4,fp32,4,isub,64,1068.3450,936027,11.2,1831,0.1252
device,resident,4,fp32,4,ishl,64,1067.6343,936650,11.2,1839,0.1257
device,resident,4,fp32,4,ishr,64,1074.2002,930925,11.2,1815,0.1248
device,resident,4,fp32,4,icmplt,64,1074.5571,930616,11.2,1797,0.1236
device,resident,4,fp32,4,add,64,1071.6936,933103,11.2,1819,0.1248
device,resident,4,fp32,4,sub,64,1071.4629,933303,11.2,1813,0.1243
device,resident,4,fp32,4,mul,64,1070.1765,934425,11.2,1824,0.1249
device,resident,4,fp32,4,fma,64,1071.1724,933557,14.9,1805,0.1237
software,host,0,fp32,4,abs,128,36.5960,27325376,218.6,22039,0.1032
software,host,0,fp32,4,neg,128,40.1676,24895717,199.2,23402,0.1203
software,host,0,fp32,4,copysign,128,40.9088,24444648,293.3,23846,0.1249
software,host,0,fp32,4,min,128,80.3137,12451171,149.4,12140,0.1248
software,host,0,fp32,4,max,128,80.5327,12417318,149.0,12235,0.1261
software,host,0,fp32,4,minnum,128,80.5875,12408873,148.9,12135,0.1252
software,host,0,fp32,4,maxnum,128,80.4162,12435310,149.2,12115,0.1247
software,host,0,fp32,4,cmplt,128,98.9447,10106656,121.3,9902,0.1254
software,host,0,fp32,4,cmple,128,99.2551,10075052,120.9,9843,0.1251
software,host,0,fp32,4,cmpeq,128,84.0674,11895219,142.7,11591,0.1247
software,host,0,fp32,4,select,128,38.2443,26147708,418.4,25584,0.1252
software,host,0,fp32,4,iand,128,32.1204,31132872,373.6,30448,0.1252
software,host,0,fp32,4,ior,128,32.5648,30708003,368.5,30052,0.1253
software,host,0,fp32,4,ixor,128,32.1094,31143487,373.7,30400,0.1249
software,host,0,fp32,4,iadd,128,38.3252,26092513,313.1,25284,0.1240
software,host,0,fp32,4,isub,128,46.8691,21336037,256.0,20881,0.1253
software,host,0,fp32,4,ishl,128,44.1378,22656296,271.9,22192,0.1254
software,host,0,fp32,4,ishr,128,36.3828,27485479,329.8,26900,0.1253
software,host,0,fp32,4,icmplt,128,47.0873,21237153,254.8,20774,0.1252
software,host,0,fp32,4,add,128,290.1217,3446829,41.4,3382,0.1256
software,host,0,fp32,4,sub,128,302.6884,3303727,39.6,3237,0.1254
software,host,0,fp32,4,mul,128,226.6546,4411999,52.9,4096,0.1188
software,host,0,fp32,4,fma,128,260.9506,3832143,61.3,3739,0.1249
device,host,1,fp32,4,abs,128,812.2337,1231173,9.8,1211,0.1259
device,host,1,fp32,4,neg,128,815.8376,1225734,9.8,1205,0.1258
device,host,1,fp32,4,copysign,128,894.5160,1117923,13.4,1188,0.1360
device,host,1,fp32,4,min,128,919.6644,1087353,13.0,1060,0.1248
device,host,1,fp32,4,max,128,919.1860,1087919,13.1,1066,0.1254
device,host,1,fp32,4,minnum,128,919.1338,1087981,13.1,1066,0.1254
device,host,1,fp32,4,maxnum,128,919.1195,1087998,13.1,1065,0.1253
device,host,1,fp32,4,cmplt,128,917.9147,1089426,13.1,1063,0.1249
device,host,1,fp32,4,cmple,128,916.9867,1090528,13.1,1063,0.1248
device,host,1,fp32,4,cmpeq,128,976.4688,1024098,12.3,1062,0.1327
device,host,1,fp32,4,select,128,791.6852,1263128,20.2,1254,0.1271
device,host,1,fp32,4,iand,128,718.7798,1391247,16.7,1191,0.1096
device,host,1,fp32,4,ior,128,559.9832,1785768,21.4,1690,0.1211
device,host,1,fp32,4,ixor,128,558.4268,1790745,21.5,1751,0.1252
device,host,1,fp32,4,iadd,128,578.1253,1729729,20.8,1731,0.1281
device,host,1,fp32,4,isub,128,675.9789,1479336,17.8,1536,0.1329
device,host,1,fp32,4,ishl,128,689.4220,1450490,17.4,1427,0.1259
device,host,1,fp32,4,ishr,128,752.7284,1328501,15.9,1359,0.1309
device,host,1,fp32,4,icmplt,128,773.6968,1292496,15.5,1255,0.1243
device,host,1,fp32,4,add,128,771.5240,1296136,15.6,1255,0.1239
device,host,1,fp32,4,sub,128,770.5524,1297770,15.6,1259,0.1242
device,host,1,fp32,4,mul,128,772.6457,1294254,15.5,1260,0.1246
device,host,1,fp32,4,fma,128,774.1828,1291685,20.7,1262,0.1251
device,resident,1,fp32,4,abs,128,231.0051,4328908,34.6,4007,0.1185
device,resident,1,fp32,4,neg,128,247.9428,4033188,32.3,4096,0.1300
device,resident,1,fp32,4,copysign,128,298.3667,3351580,40.2,3438,0.1313
device,resident,1,fp32,4,min,128,325.2841,3074236,36.9,3001,0.1250
device,resident,1,fp32,4,max,128,324.7315,3079467,37.0,3001,0.1247
device,resident,1,fp32,4,minnum,128,324.3858,3082749,37.0,3013,0.1251
device,resident,1,fp32,4,maxnum,128,324.7023,3079744,37.0,3007,0.1250
device,resident,1,fp32,4,cmplt,128,324.3148,3083424,37.0,3019,0.1253
device,resident,1,fp32,4,cmple,128,324.1840,3084668,37.0,3010,0.1249
device,resident,1,fp32,4,cmpeq,128,324.9988,3076934,36.9,3013,0.1253
device,resident,1,fp32,4,select,128,324.5682,3081016,49.3,3011,0.1251
device,resident,1,fp32,4,iand,128,323.8711,3087648,37.1,3001,0.1244
device,resident,1,fp32,4,ior,128,324.1394,3085093,37.0,2999,0.1244
device,resident,1,fp32,4,ixor,128,323.9741,3086666,37.0,3018,0.1252
device,resident,1,fp32,4,iadd,128,322.4377,3101374,37.2,3014,0.1244
device,resident,1,fp32,4,isub,128,322.3278,3102432,37.2,3032,0.1251
device,resident,1,fp32,4,ishl,128,322.2700,3102988,37.2,3038,0.1253
device,resident,1,fp32,4,ishr,128,323.5533,3090681,37.1,3003,0.1244
device,resident,1,fp32,4,icmplt,128,322.7079,3098778,37.2,3043,0.1257
device,resident,1,fp32,4,add,128,324.0099,3086326,37.0,3014,0.1250
device,resident,1,fp32,4,sub,128,322.7934,3097957,37.2,3007,0.1242
device,resident,1,fp32,4,mul,128,322.5384,3100406,37.2,3028,0.1250
device,resident,1,fp32,4,fma,128,322.4833,3100936,49.6,3025,0.1249
device,host,4,fp32,4,abs,128,1816.0249,550653,4.4,525,0.1220
device,host,4,fp32,4,neg,128,1807.8421,553146,4.4,540,0.1250
device,host,4,fp32,4,copysign,128,1807.1391,553361,6.6,542,0.1254
device,host,4,fp32,4,min,128,1808.8564,552835,6.6,545,0.1262
device,host,4,fp32,4,max,128,1813.5119,551416,6.6,544,0.1263
device,host,4,fp32,4,minnum,128,1806.4085,553585,6.6,544,0.1258
device,host,4,fp32,4,maxnum,128,1794.5824,557233,6.7,539,0.1238
device,host,4,fp32,4,cmplt,128,1798.3003,556081,6.7,542,0.1248
device,host,4,fp32,4,cmple,128,1813.0810,551547,6.6,543,0.1260
device,host,4,fp32,4,cmpeq,128,1853.7489,539447,6.5,530,0.1258
device,host,4,fp32,4,select,128,1851.0039,540247,8.6,528,0.1251
device,host,4,fp32,4,iand,128,1852.8007,539723,6.5,527,0.1250
device,host,4,fp32,4,ior,128,1855.1171,539050,6.5,528,0.1254
device,host,4,fp32,4,ixor,128,2076.8893,481489,5.8,526,0.1398
device,host,4,fp32,4,iadd,128,2091.9883,478014,5.7,467,0.1251
device,host,4,fp32,4,isub,128,2090.0995,478446,5.7,467,0.1249
device,host,4,fp32,4,ishl,128,2088.0193,478923,5.7,468,0.1251
device,host,4,fp32,4,ishr,128,2086.5300,479265,5.8,469,0.1253
device,host,4,fp32,4,icmplt,128,2093.3634,477700,5.7,468,0.1254
device,host,4,fp32,4,add,128,2084.3080,479776,5.8,467,0.1246
device,host,4,fp32,4,sub,128,2087.7260,478990,5.7,468,0.1251
device,host,4,fp32,4,mul,128,2086.0258,479380,5.8,467,0.1247
device,host,4,fp32,4,fma,128,2084.7281,479679,7.7,469,0.1252
device,resident,4,fp32,4,abs,128,515.8337,1938609,15.5,1882,0.1243
device,resident,4,fp32,4,neg,128,514.6533,1943056,15.5,1902,0.1253
device,resident,4,fp32,4,copysign,128,515.2027,1940984,23.3,1902,0.1254
device,resident,4,fp32,4,min,128,516.2312,1937116,23.2,1881,0.1243
device,resident,4,fp32,4,max,128,516.4015,1936478,23.2,1879,0.1242
device,resident,4,fp32,4,minnum,128,515.5586,1939644,23.3,1896,0.1251
device,resident,4,fp32,4,maxnum,128,515.5689,1939605,23.3,1887,0.1245
device,resident,4,fp32,4,cmplt,128,514.4302,1943898,23.3,1839,0.1211
device,resident,4,fp32,4,cmple,128,515.0229,1941661,23.3,1888,0.1245
device,resident,4,fp32,4,cmpeq,128,516.9628,1934375,23.2,1892,0.1252
device,resident,4,fp32,4,select,128,514.1182,1945078,31.1,1906,0.1254
device,resident,4,fp32,4,iand,128,514.3107,1944350,23.3,1903,0.1253
device,resident,4,fp32,4,ior,128,513.9260,1945806,23.3,1885,0.1240
device,resident,4,fp32,4,ixor,128,514.5919,1943288,23.3,1900,0.1251
device,resident,4,fp32,4,iadd,128,516.8219,1934903,23.2,1892,0.1252
device,resident,4,fp32,4,isub,128,515.1230,1941284,23.3,1899,0.1252
device,resident,4,fp32,4,ishl,128,533.9216,1872934,22.5,1867,0.1276
device,resident,4,fp32,4,ishr,128,534.3406,1871465,22.5,1795,0.1228
device,resident,4,fp32,4,icmplt,128,542.0598,1844815,22.1,1604,0.1113
device,resident,4,fp32,4,add,128,553.7480,1805876,21.7,1804,0.1279
device,resident,4,fp32,4,sub,128,563.1200,1775820,21.3,1733,0.1249
device,resident,4,fp32,4,mul,128,573.2820,1744342,20.9,1696,0.1245
device,resident,4,fp32,4,fma,128,573.3488,1744139,27.9,1713,0.1257
software,host,0,fp32,4,abs,256,34.9175,28638929,229.1,12047,0.1077
software,host,0,fp32,4,neg,256,40.4782,24704641,197.6,12162,0.1260
software,host,0,fp32,4,copysign,256,42.0056,23806325,285.7,11507,0.1237
software,host,0,fp32,4,min,256,79.5114,12576814,150.9,6147,0.1251
software,host,0,fp32,4,max,256,79.3536,12601820,151.2,6159,0.1251
software,host,0,fp32,4,minnum,256,79.7346,12541602,150.5,6143,0.1254
software,host,0,fp32,4,maxnum,256,79.7710,12535889,150.4,6131,0.1252
software,host,0,fp32,4,cmplt,256,100.0622,9993787,119.9,4096,0.1049
software,host,0,fp32,4,cmple,256,101.8014,9823047,117.9,4096,0.1067
software,host,0,fp32,4,cmpeq,256,83.8508,11925944,143.1,5837,0.1253
software,host,0,fp32,4,select,256,38.3810,26054555,416.9,12717,0.1250
software,host,0,fp32,4,iand,256,32.1219,31131448,373.6,15190,0.1249
software,host,0,fp32,4,ior,256,32.6945,30586149,367.0,14997,0.1255
software,host,0,fp32,4,ixor,256,32.0330,31217767,374.6,15300,0.1255
software,host,0,fp32,4,iadd,256,38.4145,26031849,312.4,12767,0.1256
software,host,0,fp32,4,isub,256,47.9155,20870094,250.4,9938,0.1219
software,host,0,fp32,4,ishl,256,43.8106,22825518,273.9,11153,0.1251
software,host,0,fp32,4,ishr,256,35.9997,27778035,333.3,13555,0.1249
software,host,0,fp32,4,icmplt,256,45.7701,21848344,262.2,10646,0.1247
software,host,0,fp32,4,add,256,292.5522,3418193,41.0,1672,0.1252
software,host,0,fp32,4,sub,256,304.0698,3288719,39.5,1610,0.1253
software,host,0,fp32,4,mul,256,228.7650,4371298,52.5,2163,0.1267
software,host,0,fp32,4,fma,256,262.2116,3813713,61.0,1869,0.1255
device,host,1,fp32,4,abs,256,423.5907,2360770,18.9,1278,0.1386
device,host,1,fp32,4,neg,256,458.9152,2179052,17.4,1066,0.1252
device,host,1,fp32,4,copysign,256,459.0339,2178489,26.1,1065,0.1252
device,host,1,fp32,4,min,256,484.5773,2063654,24.8,1057,0.1311
device,host,1,fp32,4,max,256,485.5614,2059472,24.7,1004,0.1248
device,host,1,fp32,4,minnum,256,485.0523,2061633,24.7,1000,0.1242
device,host,1,fp32,4,maxnum,256,484.9304,2062151,24.7,1004,0.1246
device,host,1,fp32,4,cmplt,256,485.7761,2058561,24.7,992,0.1234
device,host,1,fp32,4,cmple,256,485.7349,2058736,24.7,1005,0.1250
device,host,1,fp32,4,cmpeq,256,485.8645,2058187,24.7,1005,0.1250
device,host,1,fp32,4,select,256,488.0020,2049172,32.8,1005,0.1256
device,host,1,fp32,4,iand,256,488.9019,2045400,24.5,1001,0.1253
device,host,1,fp32,4,ior,256,487.4760,2051383,24.6,1001,0.1249
device,host,1,fp32,4,ixor,256,487.7610,2050185,24.6,1001,0.1250
device,host,1,fp32,4,iadd,256,487.1088,2052930,24.6,1010,0.1259
device,host,1,fp32,4,isub,256,487.2454,2052354,24.6,1003,0.1251
device,host,1,fp32,4,ishl,256,488.2775,2048016,24.6,1001,0.1251
device,host,1,fp32,4,ishr,256,486.7900,2054274,24.7,1001,0.1247
device,host,1,fp32,4,icmplt,256,487.6403,2050692,24.6,1002,0.1251
device,host,1,fp32,4,add,256,486.3543,2056114,24.7,1006,0.1253
device,host,1,fp32,4,sub,256,470.9673,2123290,25.5,1007,0.1214
device,host,1,fp32,4,mul,256,459.6758,2175446,26.1,1063,0.1251
device,host,1,fp32,4,fma,256,459.6978,2175342,34.8,1064,0.1252
device,resident,1,fp32,4,abs,256,120.5463,8295569,66.4,3958,0.1221
device,resident,1,fp32,4,neg,256,118.3507,8449465,67.6,4066,0.1232
device,resident,1,fp32,4,copysign,256,115.6093,8649824,103.8,4096,0.1212
device,resident,1,fp32,4,min,256,113.6957,8795410,105.5,4096,0.1192
device,resident,1,fp32,4,max,256,112.7490,8869258,106.4,4096,0.1182
device,resident,1,fp32,4,minnum,256,110.7960,9025595,108.3,4096,0.1162
device,resident,1,fp32,4,maxnum,256,136.1228,7346308,88.2,4096,0.1427
device,resident,1,fp32,4,cmplt,256,149.9867,6667259,80.0,3365,0.1292
device,resident,1,fp32,4,cmple,256,150.7395,6633959,79.6,3216,0.1241
device,resident,1,fp32,4,cmpeq,256,150.8637,6628501,79.5,3216,0.1242
device,resident,1,fp32,4,select,256,155.8075,6418177,102.7,3128,0.1248
device,resident,1,fp32,4,iand,256,155.6521,6424582,77.1,3130,0.1247
device,resident,1,fp32,4,ior,256,155.4926,6431173,77.2,3150,0.1254
device,resident,1,fp32,4,ixor,256,155.5450,6429009,77.1,3146,0.1253
device,resident,1,fp32,4,iadd,256,155.7305,6421350,77.1,3137,0.1251
device,resident,1,fp32,4,isub,256,155.3534,6436938,77.2,3145,0.1251
device,resident,1,fp32,4,ishl,256,156.5114,6389309,76.7,3142,0.1259
device,resident,1,fp32,4,ishr,256,179.3387,5576041,66.9,2747,0.1261
device,resident,1,fp32,4,icmplt,256,183.1968,5458610,65.5,2667,0.1251
device,resident,1,fp32,4,add,256,182.5166,5478954,65.7,2672,0.1248
device,resident,1,fp32,4,sub,256,182.2055,5488309,65.9,2679,0.1250
device,resident,1,fp32,4,mul,256,182.4885,5479796,65.8,2672,0.1248
device,resident,1,fp32,4,fma,256,182.4330,5481465,87.7,2667,0.1246
device,host,4,fp32,4,abs,256,1109.3099,901461,7.2,493,0.1400
device,host,4,fp32,4,neg,256,1150.6443,869078,7.0,417,0.1228
device,host,4,fp32,4,copysign,256,1149.1358,870219,10.4,424,0.1247
device,host,4,fp32,4,min,256,1159.4256,862496,10.3,419,0.1244
device,host,4,fp32,4,max,256,1160.7193,861535,10.3,420,0.1248
device,host,4,fp32,4,minnum,256,1327.6654,753202,9.0,391,0.1329
device,host,4,fp32,4,maxnum,256,1489.2755,671467,8.1,367,0.1399
device,host,4,fp32,4,cmplt,256,1599.0847,625358,7.5,306,0.1253
device,host,4,fp32,4,cmple,256,1602.5387,624010,7.5,307,0.1259
device,host,4,fp32,4,cmpeq,256,1558.4700,641655,7.7,304,0.1213
device,host,4,fp32,4,select,256,1532.3474,652594,10.4,322,0.1263
device,host,4,fp32,4,iand,256,1619.0976,617628,7.4,321,0.1331
device,host,4,fp32,4,ior,256,1536.7850,650709,7.8,322,0.1267
device,host,4,fp32,4,ixor,256,1535.1681,651394,7.8,318,0.1250
device,host,4,fp32,4,iadd,256,1524.0289,656156,7.9,317,0.1237
device,host,4,fp32,4,isub,256,1536.4736,650841,7.8,319,0.1255
device,host,4,fp32,4,ishl,256,1542.3771,648350,7.8,320,0.1264
device,host,4,fp32,4,ishr,256,1539.1978,649689,7.8,315,0.1241
device,host,4,fp32,4,icmplt,256,1539.3887,649609,7.8,317,0.1249
device,host,4,fp32,4,add,256,1538.8112,649852,7.8,322,0.1268
device,host,4,fp32,4,sub,256,1538.7308,649886,7.8,318,0.1253
device,host,4,fp32,4,mul,256,1537.0128,650613,7.8,318,0.1251
device,host,4,fp32,4,fma,256,1538.2928,650071,10.4,318,0.1252
device,resident,4,fp32,4,abs,256,265.3621,3768435,30.1,1855,0.1260
device,resident,4,fp32,4,neg,256,264.9149,3774798,30.2,1842,0.1249
device,resident,4,fp32,4,copysign,256,265.0809,3772434,45.3,1855,0.1259
device,resident,4,fp32,4,min,256,264.8609,3775567,45.3,1836,0.1245
device,resident,4,fp32,4,max,256,268.5293,3723988,44.7,1837,0.1263
device,resident,4,fp32,4,minnum,256,282.8473,3535476,42.4,1744,0.1263
device,resident,4,fp32,4,maxnum,256,290.2920,3444807,41.3,1687,0.1254
device,resident,4,fp32,4,cmplt,256,290.4552,3442872,41.3,1687,0.1254
device,resident,4,fp32,4,cmple,256,289.9550,3448811,41.4,1685,0.1251
device,resident,4,fp32,4,cmpeq,256,290.0637,3447518,41.4,1685,0.1251
device,resident,4,fp32,4,select,256,290.1972,3445932,55.1,1690,0.1256
device,resident,4,fp32,4,iand,256,290.2006,3445892,41.4,1686,0.1253
device,resident,4,fp32,4,ior,256,296.2543,3375479,40.5,1673,0.1269
device,resident,4,fp32,4,ixor,256,300.6068,3326605,39.9,1618,0.1245
device,resident,4,fp32,4,iadd,256,300.6894,3325691,39.9,1638,0.1261
device,resident,4,fp32,4,isub,256,301.1604,3320489,39.8,1635,0.1261
device,resident,4,fp32,4,ishl,256,301.2072,3319973,39.8,1626,0.1254
device,resident,4,fp32,4,ishr,256,301.3930,3317928,39.8,1613,0.1245
device,resident,4,fp32,4,icmplt,256,301.7848,3313620,39.8,1606,0.1241
device,resident,4,fp32,4,add,256,301.5818,3315850,39.8,1624,0.1254
device,resident,4,fp32,4,sub,256,301.6803,3314767,39.8,1621,0.1252
device,resident,4,fp32,4,mul,256,301.4078,3317764,39.8,1622,0.1252
device,resident,4,fp32,4,fma,256,301.7449,3314058,53.0,1629,0.1258
software,host,0,fp32,4,abs,512,34.5703,28926545,231.4,6440,0.1140
software,host,0,fp32,4,neg,512,40.2440,24848413,198.8,6068,0.1250
software,host,0,fp32,4,copysign,512,41.4469,24127277,289.5,5898,0.1252
software,host,0,fp32,4,min,512,80.1866,12470913,149.7,3045,0.1250
software,host,0,fp32,4,max,512,79.7917,12532634,150.4,3064,0.1252
software,host,0,fp32,4,minnum,512,80.0458,12492848,149.9,3057,0.1253
software,host,0,fp32,4,maxnum,512,80.1342,12479062,149.7,3032,0.1244
software,host,0,fp32,4,cmplt,512,100.1448,9985539,119.8,2445,0.1254
software,host,0,fp32,4,cmple,512,100.7721,9923379,119.1,2428,0.1253
software,host,0,fp32,4,cmpeq,512,84.1731,11880274,142.6,2916,0.1257
software,host,0,fp32,4,select,512,38.0704,26267127,420.3,6385,0.1245
software,host,0,fp32,4,iand,512,32.3018,30957996,371.5,7618,0.1260
software,host,0,fp32,4,ior,512,32.5972,30677467,368.1,7500,0.1252
software,host,0,fp32,4,ixor,512,31.9371,31311553,375.7,7644,0.1250
software,host,0,fp32,4,iadd,512,38.1275,26227765,314.7,6420,0.1253
software,host,0,fp32,4,isub,512,47.7220,20954683,251.5,4096,0.1001
software,host,0,fp32,4,ishl,512,43.9356,22760592,273.1,5558,0.1250
software,host,0,fp32,4,ishr,512,36.2866,27558377,330.7,6780,0.1260
software,host,0,fp32,4,icmplt,512,45.2082,22119892,265.4,5408,0.1252
software,host,0,fp32,4,add,512,293.0521,3412362,40.9,834,0.1251
software,host,0,fp32,4,sub,512,315.5186,3169385,38.0,792,0.1279
software,host,0,fp32,4,mul,512,231.6218,4317383,51.8,954,0.1131
software,host,0,fp32,4,fma,512,275.3674,3631512,58.1,931,0.1313
device,host,1,fp32,4,abs,512,206.5008,4842596,38.7,1195,0.1263
device,host,1,fp32,4,neg,512,207.5355,4818453,38.5,1179,0.1253
device,host,1,fp32,4,copysign,512,208.1094,4805165,57.7,1167,0.1243
device,host,1,fp32,4,min,512,208.4605,4797071,57.6,1164,0.1242
device,host,1,fp32,4,max,512,208.7880,4789548,57.5,1188,0.1270
device,host,1,fp32,4,minnum,512,208.6142,4793538,57.5,1168,0.1248
device,host,1,fp32,4,maxnum,512,223.1833,4480621,53.8,1177,0.1345
device,host,1,fp32,4,cmplt,512,232.5563,4300035,51.6,1047,0.1247
device,host,1,fp32,4,cmple,512,232.6524,4298257,51.6,1048,0.1248
device,host,1,fp32,4,cmpeq,512,232.4684,4301660,51.6,1049,0.1249
device,host,1,fp32,4,select,512,232.5401,4300334,68.8,1048,0.1248
device,host,1,fp32,4,iand,512,232.2664,4305401,51.7,1053,0.1252
device,host,1,fp32,4,ior,512,232.2957,4304858,51.7,1051,0.1250
device,host,1,fp32,4,ixor,512,232.2254,4306160,51.7,1048,0.1246
device,host,1,fp32,4,iadd,512,232.5807,4299582,51.6,1047,0.1247
device,host,1,fp32,4,isub,512,232.4058,4302819,51.6,1055,0.1255
device,host,1,fp32,4,ishl,512,232.1700,4307189,51.7,1051,0.1249
device,host,1,fp32,4,ishr,512,232.1992,4306648,51.7,1050,0.1248
device,host,1,fp32,4,icmplt,512,232.2491,4305722,51.7,1054,0.1253
device,host,1,fp32,4,add,512,232.1020,4308451,51.7,1051,0.1249
device,host,1,fp32,4,sub,512,232.2769,4305206,51.7,1050,0.1249
device,host,1,fp32,4,mul,512,232.3360,4304111,51.6,1052,0.1251
device,host,1,fp32,4,fma,512,232.4964,4301141,68.8,1051,0.1251
device,resident,1,fp32,4,abs,512,65.8750,15180275,121.4,3365,0.1135
device,resident,1,fp32,4,neg,512,64.3395,15542543,124.3,3710,0.1222
device,resident,1,fp32,4,copysign,512,68.1729,14668578,176.0,3724,0.1300
device,resident,1,fp32,4,min,512,71.7387,13939469,167.3,3408,0.1252
device,resident,1,fp32,4,max,512,67.7617,14757592,177.1,3369,0.1169
device,resident,1,fp32,4,minnum,512,64.7377,15446957,185.4,3574,0.1185
device,resident,1,fp32,4,maxnum,512,64.7197,15451255,185.4,3701,0.1226
device,resident,1,fp32,4,cmplt,512,64.8219,15426894,185.1,3725,0.1236
device,resident,1,fp32,4,cmple,512,63.7188,15693953,188.3,3826,0.1248
device,resident,1,fp32,4,cmpeq,512,63.6220,15717837,188.6,3824,0.1246
device,resident,1,fp32,4,select,512,63.5911,15725482,251.6,3772,0.1228
device,resident,1,fp32,4,iand,512,63.7010,15698334,188.4,3798,0.1239
device,resident,1,fp32,4,ior,512,64.4043,15526907,186.3,3630,0.1197
device,resident,1,fp32,4,ixor,512,63.8264,15667490,188.0,3841,0.1255
device,resident,1,fp32,4,iadd,512,64.0242,15619105,187.4,3701,0.1213
device,resident,1,fp32,4,isub,512,64.0994,15600772,187.2,3834,0.1258
device,resident,1,fp32,4,ishl,512,63.7379,15689248,188.3,3790,0.1237
device,resident,1,fp32,4,ishr,512,63.8020,15673501,188.1,3739,0.1221
device,resident,1,fp32,4,icmplt,512,63.7290,15691431,188.3,3799,0.1240
device,resident,1,fp32,4,add,512,64.1318,15592889,187.1,3794,0.1246
device,resident,1,fp32,4,sub,512,64.6507,15467729,185.6,3497,0.1158
device,resident,1,fp32,4,mul,512,63.8185,15669434,188.0,3703,0.1210
device,resident,1,fp32,4,fma,512,63.8232,15668277,250.7,3830,0.1252
device,host,4,fp32,4,abs,512,438.1081,2282542,18.3,549,0.1231
device,host,4,fp32,4,neg,512,465.8820,2146466,17.2,525,0.1252
device,host,4,fp32,4,copysign,512,465.7324,2147156,25.8,525,0.1252
device,host,4,fp32,4,min,512,466.6445,2142959,25.7,524,0.1252
device,host,4,fp32,4,max,512,465.6096,2147722,25.8,525,0.1252
device,host,4,fp32,4,minnum,512,466.0258,2145804,25.7,524,0.1250
device,host,4,fp32,4,maxnum,512,465.9930,2145955,25.8,525,0.1253
device,host,4,fp32,4,cmplt,512,465.1794,2149708,25.8,524,0.1248
device,host,4,fp32,4,cmple,512,465.5430,2148030,25.8,526,0.1254
device,host,4,fp32,4,cmpeq,512,467.2553,2140157,25.7,524,0.1254
device,host,4,fp32,4,select,512,467.3446,2139749,34.2,522,0.1249
device,host,4,fp32,4,iand,512,467.3653,2139654,25.7,524,0.1254
device,host,4,fp32,4,ior,512,467.5050,2139015,25.7,523,0.1252
device,host,4,fp32,4,ixor,512,459.9783,2174015,26.1,523,0.1232
device,host,4,fp32,4,iadd,512,445.0743,2246816,27.0,550,0.1253
device,host,4,fp32,4,isub,512,444.9235,2247577,27.0,549,0.1251
device,host,4,fp32,4,ishl,512,444.9630,2247378,27.0,549,0.1251
device,host,4,fp32,4,ishr,512,445.1682,2246342,27.0,550,0.1254
device,host,4,fp32,4,icmplt,512,444.9107,2247642,27.0,550,0.1253
device,host,4,fp32,4,add,512,445.1600,2246384,27.0,550,0.1254
device,host,4,fp32,4,sub,512,445.1375,2246497,27.0,550,0.1254
device,host,4,fp32,4,mul,512,445.0277,2247051,27.0,549,0.1251
device,host,4,fp32,4,fma,512,445.1396,2246486,35.9,548,0.1249
device,resident,4,fp32,4,abs,512,129.7425,7707575,61.7,1871,0.1243
device,resident,4,fp32,4,neg,512,129.8929,7698647,61.6,1880,0.1250
device,resident,4,fp32,4,copysign,512,130.1749,7681974,92.2,1879,0.1252
device,resident,4,fp32,4,min,512,129.6807,7711247,92.5,1884,0.1251
device,resident,4,fp32,4,max,512,129.7844,7705089,92.5,1875,0.1246
device,resident,4,fp32,4,minnum,512,130.1655,7682525,92.2,1873,0.1248
device,resident,4,fp32,4,maxnum,512,129.5800,7717238,92.6,1876,0.1245
device,resident,4,fp32,4,cmplt,512,129.3709,7729716,92.8,1891,0.1253
device,resident,4,fp32,4,cmple,512,129.3822,7729037,92.7,1890,0.1252
device,resident,4,fp32,4,cmpeq,512,129.7696,7705963,92.5,1895,0.1259
device,resident,4,fp32,4,select,512,129.8956,7698492,123.2,1862,0.1238
device,resident,4,fp32,4,iand,512,129.4034,7727770,92.7,1894,0.1255
device,resident,4,fp32,4,ior,512,129.9252,7696735,92.4,1883,0.1253
device,resident,4,fp32,4,ixor,512,129.3521,7730835,92.8,1875,0.1242
device,resident,4,fp32,4,iadd,512,129.2993,7733992,92.8,1889,0.1251
device,resident,4,fp32,4,isub,512,129.4218,7726674,92.7,1886,0.1250
device,resident,4,fp32,4,ishl,512,129.2993,7733996,92.8,1895,0.1255
device,resident,4,fp32,4,ishr,512,129.5683,7717937,92.6,1885,0.1250
device,resident,4,fp32,4,icmplt,512,129.5097,7721430,92.7,1890,0.1253
device,resident,4,fp32,4,add,512,129.7533,7706932,92.5,1866,0.1240
device,resident,4,fp32,4,sub,512,129.4020,7727854,92.7,1886,0.1250
device,resident,4,fp32,4,mul,512,129.2507,7736905,92.8,1890,0.1251
device,resident,4,fp32,4,fma,512,129.5881,7716757,123.5,1893,0.1256
software,host,0,fp32,4,abs,1024,34.4996,28985845,231.9,3294,0.1164
software,host,0,fp32,4,neg,1024,40.3971,24754273,198.0,3007,0.1244
software,host,0,fp32,4,copysign,1024,41.0805,24342431,292.1,2775,0.1167
software,host,0,fp32,4,min,1024,79.6029,12562354,150.7,1538,0.1254
software,host,0,fp32,4,max,1024,81.1961,12315855,147.8,1538,0.1279
software,host,0,fp32,4,minnum,1024,81.9083,12208770,146.5,1361,0.1142
software,host,0,fp32,4,maxnum,1024,80.3279,12448977,149.4,1531,0.1259
software,host,0,fp32,4,cmplt,1024,114.0176,8770572,105.2,1039,0.1213
software,host,0,fp32,4,cmple,1024,120.9860,8265422,99.2,953,0.1181
software,host,0,fp32,4,cmpeq,1024,87.4698,11432515,137.2,1397,0.1251
software,host,0,fp32,4,select,1024,38.0563,26276874,420.4,3216,0.1253
software,host,0,fp32,4,iand,1024,31.8774,31370195,376.4,3838,0.1253
software,host,0,fp32,4,ior,1024,32.4500,30816683,369.8,3770,0.1253
software,host,0,fp32,4,ixor,1024,31.8770,31370585,376.4,3816,0.1246
software,host,0,fp32,4,iadd,1024,37.8921,26390728,316.7,3228,0.1253
software,host,0,fp32,4,isub,1024,48.1456,20770350,249.2,2571,0.1268
software,host,0,fp32,4,ishl,1024,44.4407,22501895,270.0,2796,0.1272
software,host,0,fp32,4,ishr,1024,35.9482,27817788,333.8,3276,0.1206
software,host,0,fp32,4,icmplt,1024,46.0464,21717207,260.6,2668,0.1258
software,host,0,fp32,4,add,1024,297.8725,3357141,40.3,414,0.1263
software,host,0,fp32,4,sub,1024,387.9842,2577425,30.9,380,0.1510
software,host,0,fp32,4,mul,1024,260.0786,3844991,46.1,528,0.1406
software,host,0,fp32,4,fma,1024,265.1833,3770977,60.3,462,0.1255
device,host,1,fp32,4,abs,1024,93.1221,10738584,85.9,1280,0.1221
device,host,1,fp32,4,neg,1024,90.3560,11067334,88.5,1350,0.1249
device,host,1,fp32,4,copysign,1024,90.3399,11069309,132.8,1351,0.1250
device,host,1,fp32,4,min,1024,90.2788,11076803,132.9,1354,0.1252
device,host,1,fp32,4,max,1024,90.3232,11071354,132.9,1351,0.1250
device,host,1,fp32,4,minnum,1024,90.2252,11083373,133.0,1353,0.1250
device,host,1,fp32,4,maxnum,1024,90.2972,11074539,132.9,1353,0.1251
device,host,1,fp32,4,cmplt,1024,90.2447,11080985,133.0,1351,0.1248
device,host,1,fp32,4,cmple,1024,90.2759,11077158,132.9,1353,0.1251
device,host,1,fp32,4,cmpeq,1024,92.6442,10793989,129.5,1315,0.1248
device,host,1,fp32,4,select,1024,110.8488,9021299,144.3,1269,0.1440
device,host,1,fp32,4,iand,1024,117.1760,8534172,102.4,1042,0.1250
device,host,1,fp32,4,ior,1024,117.1778,8534040,102.4,1042,0.1250
device,host,1,fp32,4,ixor,1024,117.1869,8533376,102.4,1044,0.1253
device,host,1,fp32,4,iadd,1024,117.1853,8533495,102.4,1043,0.1252
device,host,1,fp32,4,isub,1024,117.1823,8533709,102.4,1042,0.1250
device,host,1,fp32,4,ishl,1024,116.9255,8552455,102.6,1044,0.1250
device,host,1,fp32,4,ishr,1024,116.7668,8564078,102.8,1043,0.1247
device,host,1,fp32,4,icmplt,1024,116.7290,8566852,102.8,1044,0.1248
device,host,1,fp32,4,add,1024,116.9731,8548977,102.6,1042,0.1248
device,host,1,fp32,4,sub,1024,117.1958,8532731,102.4,1043,0.1252
device,host,1,fp32,4,mul,1024,117.1636,8535071,102.4,1042,0.1250
device,host,1,fp32,4,fma,1024,117.1527,8535869,136.6,1042,0.1250
device,resident,1,fp32,4,abs,1024,30.1171,33203780,265.6,3797,0.1171
device,resident,1,fp32,4,neg,1024,29.8981,33446938,267.6,4096,0.1254
device,resident,1,fp32,4,copysign,1024,32.4925,30776353,369.3,4096,0.1363
device,resident,1,fp32,4,min,1024,38.9018,25705740,308.5,3336,0.1329
device,resident,1,fp32,4,max,1024,40.6914,24575228,294.9,2993,0.1247
device,resident,1,fp32,4,minnum,1024,40.6888,24576758,294.9,2994,0.1247
device,resident,1,fp32,4,maxnum,1024,40.7018,24568910,294.8,2992,0.1247
device,resident,1,fp32,4,cmplt,1024,40.8951,24452833,293.4,2993,0.1253
device,resident,1,fp32,4,cmple,1024,40.8897,24456030,293.5,2986,0.1250
device,resident,1,fp32,4,cmpeq,1024,41.1152,24321910,291.9,2984,0.1256
device,resident,1,fp32,4,select,1024,42.5738,23488621,375.8,2867,0.1250
device,resident,1,fp32,4,iand,1024,42.0446,23784248,285.4,2895,0.1246
device,resident,1,fp32,4,ior,1024,42.6763,23432213,281.2,2857,0.1249
device,resident,1,fp32,4,ixor,1024,42.5928,23478133,281.7,2865,0.1250
device,resident,1,fp32,4,iadd,1024,42.5001,23529335,282.4,2869,0.1249
device,resident,1,fp32,4,isub,1024,42.1235,23739713,284.9,2879,0.1242
device,resident,1,fp32,4,ishl,1024,42.0533,23779333,285.4,2892,0.1245
device,resident,1,fp32,4,ishr,1024,42.4297,23568405,282.8,2870,0.1247
device,resident,1,fp32,4,icmplt,1024,42.3624,23605855,283.3,2886,0.1252
device,resident,1,fp32,4,add,1024,42.4141,23577080,282.9,2901,0.1260
device,resident,1,fp32,4,sub,1024,42.3467,23614614,283.4,2891,0.1254
device,resident,1,fp32,4,mul,1024,42.2824,23650477,283.8,2888,0.1250
device,resident,1,fp32,4,fma,1024,42.3487,23613503,377.8,2885,0.1251
device,host,4,fp32,4,abs,1024,234.9849,4255592,34.0,506,0.1218
device,host,4,fp32,4,neg,1024,234.3792,4266590,34.1,524,0.1258
device,host,4,fp32,4,copysign,1024,235.4750,4246736,51.0,523,0.1261
device,host,4,fp32,4,min,1024,234.4970,4264447,51.2,521,0.1251
device,host,4,fp32,4,max,1024,234.2572,4268813,51.2,521,0.1250
device,host,4,fp32,4,minnum,1024,244.0205,4098016,49.2,522,0.1304
device,host,4,fp32,4,maxnum,1024,271.2689,3686378,44.2,467,0.1297
device,host,4,fp32,4,cmplt,1024,272.4603,3670259,44.0,448,0.1250
device,host,4,fp32,4,cmple,1024,272.6572,3667610,44.0,448,0.1251
device,host,4,fp32,4,cmpeq,1024,303.6492,3293274,39.5,421,0.1309
device,host,4,fp32,4,select,1024,356.2918,2806688,44.9,402,0.1467
device,host,4,fp32,4,iand,1024,402.6607,2483480,29.8,324,0.1336
device,host,4,fp32,4,ior,1024,404.5753,2471728,29.7,302,0.1251
device,host,4,fp32,4,ixor,1024,403.4966,2478335,29.7,303,0.1252
device,host,4,fp32,4,iadd,1024,402.1501,2486633,29.8,303,0.1248
device,host,4,fp32,4,isub,1024,403.8645,2476078,29.7,302,0.1249
device,host,4,fp32,4,ishl,1024,405.8064,2464229,29.6,305,0.1267
device,host,4,fp32,4,ishr,1024,404.1540,2474304,29.7,302,0.1250
device,host,4,fp32,4,icmplt,1024,403.1597,2480407,29.8,301,0.1243
device,host,4,fp32,4,add,1024,404.6859,2471053,29.7,303,0.1256
device,host,4,fp32,4,sub,1024,403.2110,2480091,29.8,304,0.1255
device,host,4,fp32,4,mul,1024,405.0101,2469074,29.6,303,0.1257
device,host,4,fp32,4,fma,1024,400.4605,2497125,40.0,302,0.1238
device,resident,4,fp32,4,abs,1024,65.2004,15337332,122.7,1838,0.1227
device,resident,4,fp32,4,neg,1024,64.5005,15503748,124.0,1861,0.1229
device,resident,4,fp32,4,copysign,1024,63.2796,15802870,189.6,1927,0.1249
device,resident,4,fp32,4,min,1024,63.5624,15732577,188.8,1908,0.1242
device,resident,4,fp32,4,max,1024,67.0518,14913832,179.0,1924,0.1321
device,resident,4,fp32,4,minnum,1024,68.0468,14695761,176.3,1829,0.1274
device,resident,4,fp32,4,maxnum,1024,68.9119,14511283,174.1,1777,0.1254
device,resident,4,fp32,4,cmplt,1024,69.0336,14485693,173.8,1761,0.1245
device,resident,4,fp32,4,cmple,1024,68.9585,14501466,174.0,1759,0.1242
device,resident,4,fp32,4,cmpeq,1024,68.8951,14514820,174.2,1774,0.1252
device,resident,4,fp32,4,select,1024,70.1996,14245100,227.9,1771,0.1273
device,resident,4,fp32,4,iand,1024,71.1817,14048551,168.6,1715,0.1250
device,resident,4,fp32,4,ior,1024,65.1283,15354299,184.3,1710,0.1140
device,resident,4,fp32,4,ixor,1024,68.2377,14654650,175.9,1879,0.1313
device,resident,4,fp32,4,iadd,1024,68.6950,14557103,174.7,1776,0.1249
device,resident,4,fp32,4,isub,1024,68.4120,14617320,175.4,1756,0.1230
device,resident,4,fp32,4,ishl,1024,67.6402,14784102,177.4,1807,0.1252
device,resident,4,fp32,4,ishr,1024,67.6504,14781877,177.4,1807,0.1252
device,resident,4,fp32,4,icmplt,1024,69.0149,14489634,173.9,1777,0.1256
device,resident,4,fp32,4,add,1024,67.8228,14744306,176.9,1798,0.1249
device,resident,4,fp32,4,sub,1024,67.8060,14747962,177.0,1776,0.1233
device,resident,4,fp32,4,mul,1024,67.7809,14753420,177.0,1775,0.1232
device,resident,4,fp32,4,fma,1024,68.0114,14703417,235.3,1788,0.1245
software,host,0,fp32,4,abs,2048,34.3906,29077739,232.6,1691,0.1191
software,host,0,fp32,4,neg,2048,40.3001,24813808,198.5,1515,0.1250
software,host,0,fp32,4,copysign,2048,41.2135,24263868,291.2,1487,0.1255
software,host,0,fp32,4,min,2048,79.7722,12535702,150.4,769,0.1256
software,host,0,fp32,4,max,2048,79.7346,12541608,150.5,770,0.1257
software,host,0,fp32,4,minnum,2048,80.0852,12486698,149.8,766,0.1256
software,host,0,fp32,4,maxnum,2048,79.8945,12516511,150.2,764,0.1250
software,host,0,fp32,4,cmplt,2048,100.0506,9994938,119.9,612,0.1254
software,host,0,fp32,4,cmple,2048,100.9605,9904865,118.9,605,0.1251
software,host,0,fp32,4,cmpeq,2048,84.0009,11904632,142.9,730,0.1256
software,host,0,fp32,4,select,2048,38.0118,26307615,420.9,1610,0.1253
software,host,0,fp32,4,iand,2048,31.9037,31344355,376.1,1892,0.1236
software,host,0,fp32,4,ior,2048,32.4153,30849674,370.2,1885,0.1251
software,host,0,fp32,4,ixor,2048,32.0436,31207435,374.5,1917,0.1258
software,host,0,fp32,4,iadd,2048,38.0112,26308014,315.7,1611,0.1254
software,host,0,fp32,4,isub,2048,47.1379,21214341,254.6,1297,0.1252
software,host,0,fp32,4,ishl,2048,43.6620,22903225,274.8,1398,0.1250
software,host,0,fp32,4,ishr,2048,35.9061,27850431,334.2,1684,0.1238
software,host,0,fp32,4,icmplt,2048,45.3587,22046501,264.6,1354,0.1258
software,host,0,fp32,4,add,2048,294.0700,3400550,40.8,208,0.1253
software,host,0,fp32,4,sub,2048,310.3992,3221658,38.7,200,0.1271
software,host,0,fp32,4,mul,2048,227.5357,4394915,52.7,269,0.1254
software,host,0,fp32,4,fma,2048,265.5101,3766335,60.3,231,0.1256
device,host,1,fp32,4,abs,2048,48.6085,20572532,164.6,1193,0.1188
device,host,1,fp32,4,neg,2048,46.8352,21351442,170.8,1294,0.1241
device,host,1,fp32,4,copysign,2048,48.2457,20727234,248.7,1301,0.1285
device,host,1,fp32,4,min,2048,53.3848,18731911,224.8,1208,0.1321
device,host,1,fp32,4,max,2048,53.8370,18574588,222.9,1135,0.1251
device,host,1,fp32,4,minnum,2048,53.8013,18586905,223.0,1135,0.1251
device,host,1,fp32,4,maxnum,2048,53.8540,18568715,222.8,1133,0.1250
device,host,1,fp32,4,cmplt,2048,53.7874,18591730,223.1,1133,0.1248
device,host,1,fp32,4,cmple,2048,53.8280,18577702,222.9,1133,0.1249
device,host,1,fp32,4,cmpeq,2048,56.0783,17832201,214.0,1135,0.1304
device,host,1,fp32,4,select,2048,60.1567,16623245,266.0,973,0.1199
device,host,1,fp32,4,iand,2048,62.1571,16088280,193.1,1003,0.1277
device,host,1,fp32,4,ior,2048,62.1998,16077218,192.9,980,0.1248
device,host,1,fp32,4,ixor,2048,62.2526,16063583,192.8,979,0.1248
device,host,1,fp32,4,iadd,2048,62.3018,16050905,192.6,982,0.1253
device,host,1,fp32,4,isub,2048,62.2396,16066943,192.8,980,0.1249
device,host,1,fp32,4,ishl,2048,62.2476,16064881,192.8,979,0.1248
device,host,1,fp32,4,ishr,2048,62.4258,16019008,192.2,980,0.1253
device,host,1,fp32,4,icmplt,2048,62.2703,16059023,192.7,981,0.1251
device,host,1,fp32,4,add,2048,62.3495,16038620,192.5,979,0.1250
device,host,1,fp32,4,sub,2048,62.3836,16029855,192.4,979,0.1251
device,host,1,fp32,4,mul,2048,62.4172,16021213,192.3,977,0.1249
device,host,1,fp32,4,fma,2048,62.4090,16023325,256.4,979,0.1251
device,resident,1,fp32,4,abs,2048,15.0842,66294396,530.4,3728,0.1152
device,resident,1,fp32,4,neg,2048,14.3011,69924512,559.4,4096,0.1200
device,resident,1,fp32,4,copysign,2048,14.0962,70941248,851.3,4096,0.1182
device,resident,1,fp32,4,min,2048,13.9292,71791415,861.5,4096,0.1168
device,resident,1,fp32,4,max,2048,13.7728,72607006,871.3,4096,0.1155
device,resident,1,fp32,4,minnum,2048,13.7382,72789668,873.5,4096,0.1152
device,resident,1,fp32,4,maxnum,2048,13.6804,73097473,877.2,4096,0.1148
device,resident,1,fp32,4,cmplt,2048,13.7364,72799036,873.6,4096,0.1152
device,resident,1,fp32,4,cmple,2048,13.8714,72090764,865.1,4096,0.1164
device,resident,1,fp32,4,cmpeq,2048,14.0098,71378509,856.5,4096,0.1175
device,resident,1,fp32,4,select,2048,13.9108,71886360,1150.2,4096,0.1167
device,resident,1,fp32,4,iand,2048,13.9025,71929336,863.2,4096,0.1166
device,resident,1,fp32,4,ior,2048,13.8491,72206925,866.5,4096,0.1162
device,resident,1,fp32,4,ixor,2048,13.8411,72248400,867.0,4096,0.1161
device,resident,1,fp32,4,iadd,2048,13.8735,72079983,865.0,4096,0.1164
device,resident,1,fp32,4,isub,2048,13.7944,72492982,869.9,4096,0.1157
device,resident,1,fp32,4,ishl,2048,13.8417,72245306,866.9,4096,0.1161
device,resident,1,fp32,4,ishr,2048,16.3647,61107197,733.3,4096,0.1373
device,resident,1,fp32,4,icmplt,2048,16.9120,59129600,709.6,3425,0.1186
device,resident,1,fp32,4,add,2048,16.8694,59279095,711.3,3619,0.1250
device,resident,1,fp32,4,sub,2048,17.7437,56358048,676.3,3603,0.1309
device,resident,1,fp32,4,mul,2048,17.9002,55865449,670.4,3410,0.1250
device,resident,1,fp32,4,fma,2048,17.8857,55910481,894.6,3409,0.1249
device,host,4,fp32,4,abs,2048,104.8038,9541636,76.3,573,0.1230
device,host,4,fp32,4,neg,2048,104.8493,9537502,76.3,583,0.1252
device,host,4,fp32,4,copysign,2048,104.7678,9544914,114.5,587,0.1259
device,host,4,fp32,4,min,2048,104.9098,9531999,114.4,577,0.1240
device,host,4,fp32,4,max,2048,111.9257,8934502,107.2,586,0.1343
device,host,4,fp32,4,minnum,2048,112.6461,8877361,106.5,543,0.1253
device,host,4,fp32,4,maxnum,2048,112.6885,8874022,106.5,542,0.1251
device,host,4,fp32,4,cmplt,2048,112.5122,8887928,106.7,543,0.1251
device,host,4,fp32,4,cmple,2048,112.5041,8888568,106.7,544,0.1253
device,host,4,fp32,4,cmpeq,2048,112.5691,8883434,106.6,544,0.1254
device,host,4,fp32,4,select,2048,112.5272,8886743,142.2,543,0.1251
device,host,4,fp32,4,iand,2048,112.4199,8895222,106.7,543,0.1250
device,host,4,fp32,4,ior,2048,114.1056,8763813,105.2,542,0.1267
device,host,4,fp32,4,ixor,2048,135.8482,7361159,88.3,473,0.1316
device,host,4,fp32,4,iadd,2048,141.0227,7091059,85.1,434,0.1253
device,host,4,fp32,4,isub,2048,142.1600,7034327,84.4,433,0.1261
device,host,4,fp32,4,ishl,2048,198.0329,5049666,60.6,349,0.1415
device,host,4,fp32,4,ishr,2048,204.6036,4887499,58.6,299,0.1253
device,host,4,fp32,4,icmplt,2048,205.2745,4871525,58.5,299,0.1257
device,host,4,fp32,4,add,2048,204.0744,4900174,58.8,297,0.1241
device,host,4,fp32,4,sub,2048,204.3223,4894227,58.7,299,0.1251
device,host,4,fp32,4,mul,2048,194.9035,5130743,61.6,306,0.1221
device,host,4,fp32,4,fma,2048,192.1760,5203563,83.3,323,0.1271
device,resident,4,fp32,4,abs,2048,32.8549,30436876,243.5,1855,0.1248
device,resident,4,fp32,4,neg,2048,33.3565,29979190,239.8,1808,0.1235
device,resident,4,fp32,4,copysign,2048,33.8182,29569920,354.8,1802,0.1248
device,resident,4,fp32,4,min,2048,33.7521,29627816,355.5,1805,0.1248
device,resident,4,fp32,4,max,2048,33.5180,29834694,358.0,1808,0.1241
device,resident,4,fp32,4,minnum,2048,33.3761,29961601,359.5,1821,0.1245
device,resident,4,fp32,4,maxnum,2048,33.3399,29994048,359.9,1820,0.1243
device,resident,4,fp32,4,cmplt,2048,34.5967,28904515,346.9,1826,0.1294
device,resident,4,fp32,4,cmple,2048,35.2836,28341751,340.1,1727,0.1248
device,resident,4,fp32,4,cmpeq,2048,35.1315,28464445,341.6,1739,0.1251
device,resident,4,fp32,4,select,2048,33.0884,30222037,483.6,1741,0.1180
device,resident,4,fp32,4,iand,2048,32.2039,31052185,372.6,1882,0.1241
device,resident,4,fp32,4,ior,2048,31.5112,31734774,380.8,1927,0.1244
device,resident,4,fp32,4,ixor,2048,31.5783,31667350,380.0,1928,0.1247
device,resident,4,fp32,4,iadd,2048,31.6121,31633467,379.6,1924,0.1246
device,resident,4,fp32,4,isub,2048,32.4005,30863719,370.4,1930,0.1281
device,resident,4,fp32,4,ishl,2048,32.6136,30662068,367.9,1869,0.1248
device,resident,4,fp32,4,ishr,2048,32.5531,30719007,368.6,1879,0.1253
device,resident,4,fp32,4,icmplt,2048,32.5715,30701641,368.4,1870,0.1247
device,resident,4,fp32,4,add,2048,32.5460,30725713,368.7,1879,0.1252
device,resident,4,fp32,4,sub,2048,32.5761,30697340,368.4,1873,0.1250
device,resident,4,fp32,4,mul,2048,32.5828,30691032,368.3,1877,0.1253
device,resident,4,fp32,4,fma,2048,32.6114,30664091,490.6,1867,0.1247
software,host,0,fp32,4,abs,4096,34.5060,28980446,231.8,856,0.1210
software,host,0,fp32,4,neg,4096,40.3853,24761460,198.1,748,0.1237
software,host,0,fp32,4,copysign,4096,41.2107,24265522,291.2,739,0.1247
software,host,0,fp32,4,min,4096,79.7031,12546565,150.6,383,0.1250
software,host,0,fp32,4,max,4096,79.5372,12572729,150.9,381,0.1241
software,host,0,fp32,4,minnum,4096,80.3474,12445959,149.4,382,0.1257
software,host,0,fp32,4,maxnum,4096,80.3676,12442830,149.3,381,0.1254
software,host,0,fp32,4,cmplt,4096,100.3617,9963959,119.6,305,0.1254
software,host,0,fp32,4,cmple,4096,101.4348,9858550,118.3,293,0.1217
software,host,0,fp32,4,cmpeq,4096,84.1816,11879086,142.5,363,0.1252
software,host,0,fp32,4,select,4096,38.0368,26290319,420.6,806,0.1256
software,host,0,fp32,4,iand,4096,32.1164,31136708,373.6,960,0.1263
software,host,0,fp32,4,ior,4096,32.4653,30802101,369.6,945,0.1257
software,host,0,fp32,4,ixor,4096,31.8590,31388261,376.7,958,0.1250
software,host,0,fp32,4,iadd,4096,37.9301,26364252,316.4,807,0.1254
software,host,0,fp32,4,isub,4096,47.4138,21090892,253.1,636,0.1235
software,host,0,fp32,4,ishl,4096,43.7031,22881651,274.6,694,0.1242
software,host,0,fp32,4,ishr,4096,35.7465,27974752,335.7,856,0.1253
software,host,0,fp32,4,icmplt,4096,45.2744,22087558,265.1,676,0.1254
software,host,0,fp32,4,add,4096,295.9583,3378854,40.5,104,0.1261
software,host,0,fp32,4,sub,4096,310.8737,3216741,38.6,100,0.1273
software,host,0,fp32,4,mul,4096,228.8537,4369604,52.4,134,0.1256
software,host,0,fp32,4,fma,4096,265.9153,3760595,60.2,115,0.1253
device,host,1,fp32,4,abs,4096,27.2937,36638464,293.1,1072,0.1198
device,host,1,fp32,4,neg,4096,26.3370,37969405,303.8,1153,0.1244
device,host,1,fp32,4,copysign,4096,27.4348,36450034,437.4,1161,0.1305
device,host,1,fp32,4,min,4096,31.0135,32243984,386.9,982,0.1247
device,host,1,fp32,4,max,4096,30.5327,32751760,393.0,969,0.1212
device,host,1,fp32,4,minnum,4096,30.8388,32426692,389.1,1005,0.1269
device,host,1,fp32,4,maxnum,4096,33.3507,29984395,359.8,961,0.1313
device,host,1,fp32,4,cmplt,4096,34.0625,29357838,352.3,895,0.1249
device,host,1,fp32,4,cmple,4096,34.0800,29342685,352.1,897,0.1252
device,host,1,fp32,4,cmpeq,4096,34.0760,29346139,352.2,894,0.1248
device,host,1,fp32,4,select,4096,34.0912,29333066,469.3,895,0.1250
device,host,1,fp32,4,iand,4096,34.5778,28920284,347.0,896,0.1269
device,host,1,fp32,4,ior,4096,34.4060,29064721,348.8,885,0.1247
device,host,1,fp32,4,ixor,4096,34.2280,29215846,350.6,892,0.1251
device,host,1,fp32,4,iadd,4096,34.2284,29215503,350.6,891,0.1249
device,host,1,fp32,4,isub,4096,34.2630,29186013,350.2,893,0.1253
device,host,1,fp32,4,ishl,4096,34.2013,29238651,350.9,893,0.1251
device,host,1,fp32,4,ishr,4096,34.2456,29200859,350.4,893,0.1253
device,host,1,fp32,4,icmplt,4096,34.2431,29202950,350.4,893,0.1253
device,host,1,fp32,4,add,4096,34.2917,29161575,349.9,893,0.1254
device,host,1,fp32,4,sub,4096,34.2522,29195167,350.3,891,0.1250
device,host,1,fp32,4,mul,4096,34.1292,29300398,351.6,886,0.1239
device,host,1,fp32,4,fma,4096,34.0836,29339622,469.4,895,0.1249
device,resident,1,fp32,4,abs,4096,9.1026,109858592,878.9,3465,0.1292
device,resident,1,fp32,4,neg,4096,10.4379,95804608,766.4,3055,0.1306
device,resident,1,fp32,4,copysign,4096,11.1671,89548899,1074.6,2798,0.1280
device,resident,1,fp32,4,min,4096,11.3616,88015431,1056.2,2692,0.1253
device,resident,1,fp32,4,max,4096,11.3557,88061771,1056.7,2683,0.1248
device,resident,1,fp32,4,minnum,4096,11.3470,88128918,1057.5,2691,0.1251
device,resident,1,fp32,4,maxnum,4096,11.3493,88111383,1057.3,2677,0.1244
device,resident,1,fp32,4,cmplt,4096,11.3712,87941521,1055.3,2687,0.1252
device,resident,1,fp32,4,cmple,4096,11.3484,88117990,1057.4,2695,0.1253
device,resident,1,fp32,4,cmpeq,4096,11.3459,88137576,1057.7,2682,0.1246
device,resident,1,fp32,4,select,4096,11.3481,88120666,1409.9,2679,0.1245
device,resident,1,fp32,4,iand,4096,11.3482,88119876,1057.4,2686,0.1249
device,resident,1,fp32,4,ior,4096,11.3461,88136342,1057.6,2681,0.1246
device,resident,1,fp32,4,ixor,4096,11.3546,88070372,1056.8,2688,0.1250
device,resident,1,fp32,4,iadd,4096,11.3594,88032648,1056.4,2680,0.1247
device,resident,1,fp32,4,isub,4096,11.3552,88065391,1056.8,2689,0.1251
device,resident,1,fp32,4,ishl,4096,11.3561,88058043,1056.7,2687,0.1250
device,resident,1,fp32,4,ishr,4096,11.3584,88040198,1056.5,2682,0.1248
device,resident,1,fp32,4,icmplt,4096,11.3578,88045399,1056.5,2687,0.1250
device,resident,1,fp32,4,add,4096,11.3548,88068100,1056.8,2686,0.1249
device,resident,1,fp32,4,sub,4096,11.3605,88024642,1056.3,2685,0.1249
device,resident,1,fp32,4,mul,4096,11.3563,88056469,1056.7,2681,0.1247
device,resident,1,fp32,4,fma,4096,11.3748,87913521,1406.6,2685,0.1251
device,host,4,fp32,4,abs,4096,58.9857,16953274,135.6,503,0.1215
device,host,4,fp32,4,neg,4096,59.2878,16866873,134.9,526,0.1277
device,host,4,fp32,4,copysign,4096,58.4702,17102733,205.2,527,0.1262
device,host,4,fp32,4,min,4096,58.2726,17160733,205.9,527,0.1258
device,host,4,fp32,4,max,4096,61.0814,16371593,196.5,522,0.1306
device,host,4,fp32,4,minnum,4096,62.6644,15958014,191.5,487,0.1250
device,host,4,fp32,4,maxnum,4096,62.7897,15926176,191.1,487,0.1252
device,host,4,fp32,4,cmplt,4096,62.7364,15939717,191.3,487,0.1251
device,host,4,fp32,4,cmple,4096,65.0327,15376872,184.5,487,0.1297
device,host,4,fp32,4,cmpeq,4096,65.2039,15336502,184.0,471,0.1258
device,host,4,fp32,4,select,4096,67.7377,14762830,236.2,371,0.1029
device,host,4,fp32,4,iand,4096,70.6178,14160733,169.9,448,0.1296
device,host,4,fp32,4,ior,4096,71.6658,13953662,167.4,414,0.1215
device,host,4,fp32,4,ixor,4096,71.6648,13953843,167.4,428,0.1256
device,host,4,fp32,4,iadd,4096,73.1386,13672671,164.1,418,0.1252
device,host,4,fp32,4,isub,4096,73.0012,13698410,164.4,427,0.1277
device,host,4,fp32,4,ishl,4096,91.8720,10884708,130.6,333,0.1253
device,host,4,fp32,4,ishr,4096,75.5710,13232598,158.8,399,0.1235
device,host,4,fp32,4,icmplt,4096,89.1677,11214828,134.6,416,0.1519
device,host,4,fp32,4,add,4096,104.7652,9545152,114.5,295,0.1266
device,host,4,fp32,4,sub,4096,104.7952,9542424,114.5,291,0.1249
device,host,4,fp32,4,mul,4096,104.7318,9548199,114.6,291,0.1248
device,host,4,fp32,4,fma,4096,103.1916,9690715,155.1,290,0.1226
device,resident,4,fp32,4,abs,4096,16.3357,61215745,489.7,1855,0.1241
device,resident,4,fp32,4,neg,4096,16.2704,61461184,491.7,1851,0.1234
device,resident,4,fp32,4,copysign,4096,15.9014,62887450,754.6,1883,0.1226
device,resident,4,fp32,4,min,4096,15.8412,63126524,757.5,1935,0.1256
device,resident,4,fp32,4,max,4096,15.9124,62843967,754.1,1921,0.1252
device,resident,4,fp32,4,minnum,4096,15.9318,62767706,753.2,1912,0.1248
device,resident,4,fp32,4,maxnum,4096,15.8790,62976128,755.7,1926,0.1253
device,resident,4,fp32,4,cmplt,4096,16.5276,60505021,726.1,1928,0.1305
device,resident,4,fp32,4,cmple,4096,17.1487,58313336,699.8,1840,0.1292
device,resident,4,fp32,4,cmpeq,4096,17.0470,58661319,703.9,1794,0.1253
device,resident,4,fp32,4,select,4096,17.2242,58057781,928.9,1793,0.1265
device,resident,4,fp32,4,iand,4096,17.6137,56774006,681.3,1734,0.1251
device,resident,4,fp32,4,ior,4096,17.6068,56796083,681.6,1730,0.1248
device,resident,4,fp32,4,ixor,4096,17.5906,56848470,682.2,1734,0.1249
device,resident,4,fp32,4,iadd,4096,17.6151,56769391,681.2,1737,0.1253
device,resident,4,fp32,4,isub,4096,17.6041,56804881,681.7,1740,0.1255
device,resident,4,fp32,4,ishl,4096,17.5943,56836435,682.0,1731,0.1247
device,resident,4,fp32,4,ishr,4096,17.5987,56822446,681.9,1738,0.1253
device,resident,4,fp32,4,icmplt,4096,17.6198,56754173,681.1,1726,0.1246
device,resident,4,fp32,4,add,4096,17.6154,56768515,681.2,1734,0.1251
device,resident,4,fp32,4,sub,4096,17.6418,56683488,680.2,1725,0.1247
device,resident,4,fp32,4,mul,4096,17.6617,56619804,679.4,1727,0.1249
device,resident,4,fp32,4,fma,4096,17.6548,56641784,906.3,1725,0.1247
software,host,0,fp32,4,abs,8192,34.3633,29100855,232.8,439,0.1236
software,host,0,fp32,4,neg,8192,40.4548,24718928,197.8,380,0.1259
software,host,0,fp32,4,copysign,8192,41.6989,23981450,287.8,372,0.1271
software,host,0,fp32,4,min,8192,80.2097,12467326,149.6,190,0.1248
software,host,0,fp32,4,max,8192,79.6646,12552634,150.6,192,0.1253
software,host,0,fp32,4,minnum,8192,80.0348,12494564,149.9,191,0.1252
software,host,0,fp32,4,maxnum,8192,79.8720,12520036,150.2,191,0.1250
software,host,0,fp32,4,cmplt,8192,100.3858,9961567,119.5,153,0.1258
software,host,0,fp32,4,cmple,8192,101.4223,9859763,118.3,151,0.1255
software,host,0,fp32,4,cmpeq,8192,84.2988,11862563,142.4,181,0.1250
software,host,0,fp32,4,select,8192,38.0730,26265334,420.2,400,0.1248
software,host,0,fp32,4,iand,8192,31.8934,31354435,376.3,480,0.1254
software,host,0,fp32,4,ior,8192,32.3847,30878776,370.5,473,0.1255
software,host,0,fp32,4,ixor,8192,31.8189,31427836,377.1,479,0.1249
software,host,0,fp32,4,iadd,8192,37.9594,26343949,316.1,405,0.1259
software,host,0,fp32,4,isub,8192,47.4900,21057052,252.7,322,0.1253
software,host,0,fp32,4,ishl,8192,43.7674,22848046,274.2,343,0.1230
software,host,0,fp32,4,ishr,8192,36.2706,27570537,330.8,427,0.1269
software,host,0,fp32,4,icmplt,8192,44.6023,22420351,269.0,343,0.1253
software,host,0,fp32,4,add,8192,294.4328,3396361,40.8,52,0.1254
software,host,0,fp32,4,sub,8192,306.7678,3259794,39.1,50,0.1257
software,host,0,fp32,4,mul,8192,229.2052,4362902,52.4,64,0.1202
software,host,0,fp32,4,fma,8192,266.0133,3759211,60.1,58,0.1264
device,host,1,fp32,4,abs,8192,19.4338,51456729,411.7,934,0.1487
device,host,1,fp32,4,neg,8192,19.9220,50195842,401.6,749,0.1222
device,host,1,fp32,4,copysign,8192,19.8923,50270814,603.2,765,0.1247
device,host,1,fp32,4,min,8192,19.8176,50460306,605.5,772,0.1253
device,host,1,fp32,4,max,8192,19.7994,50506662,606.1,772,0.1252
device,host,1,fp32,4,minnum,8192,19.8119,50474634,605.7,770,0.1250
device,host,1,fp32,4,maxnum,8192,19.8517,50373609,604.5,770,0.1252
device,host,1,fp32,4,cmplt,8192,19.8170,50461630,605.5,769,0.1248
device,host,1,fp32,4,cmple,8192,19.7997,50505786,606.1,771,0.1251
device,host,1,fp32,4,cmpeq,8192,19.9032,50243290,602.9,771,0.1257
device,host,1,fp32,4,select,8192,19.8256,50439723,807.0,770,0.1251
device,host,1,fp32,4,iand,8192,19.8069,50487400,605.8,771,0.1251
device,host,1,fp32,4,ior,8192,19.8507,50376134,604.5,772,0.1255
device,host,1,fp32,4,ixor,8192,19.8507,50376142,604.5,767,0.1247
device,host,1,fp32,4,iadd,8192,19.8490,50380328,604.6,770,0.1252
device,host,1,fp32,4,isub,8192,19.8305,50427423,605.1,769,0.1249
device,host,1,fp32,4,ishl,8192,19.9035,50242512,602.9,770,0.1255
device,host,1,fp32,4,ishr,8192,19.8710,50324539,603.9,767,0.1249
device,host,1,fp32,4,icmplt,8192,19.8651,50339647,604.1,771,0.1255
device,host,1,fp32,4,add,8192,19.7939,50520550,606.2,770,0.1249
device,host,1,fp32,4,sub,8192,19.8004,50504139,606.0,771,0.1251
device,host,1,fp32,4,mul,8192,19.8253,50440583,605.3,773,0.1255
device,host,1,fp32,4,fma,8192,19.9044,50240063,803.8,772,0.1259
device,resident,1,fp32,4,abs,8192,4.8515,206122117,1649.0,3061,0.1217
device,resident,1,fp32,4,neg,8192,4.6818,213594578,1708.8,3163,0.1213
device,resident,1,fp32,4,copysign,8192,4.5301,220746653,2649.0,3252,0.1207
device,resident,1,fp32,4,min,8192,4.4134,226582065,2719.0,3383,0.1223
device,resident,1,fp32,4,max,8192,4.3976,227397673,2728.8,3469,0.1250
device,resident,1,fp32,4,minnum,8192,4.4207,226208662,2714.5,3394,0.1229
device,resident,1,fp32,4,maxnum,8192,4.4113,226688054,2720.3,3425,0.1238
device,resident,1,fp32,4,cmplt,8192,4.3826,228176424,2738.1,3414,0.1226
device,resident,1,fp32,4,cmple,8192,4.3815,228233918,2738.8,3479,0.1249
device,resident,1,fp32,4,cmpeq,8192,4.3738,228632865,2743.6,3395,0.1216
device,resident,1,fp32,4,select,8192,4.3632,229189548,3667.0,3485,0.1246
device,resident,1,fp32,4,iand,8192,4.5620,219201976,2630.4,3468,0.1296
device,resident,1,fp32,4,ior,8192,5.3628,186471451,2237.7,2690,0.1182
device,resident,1,fp32,4,ixor,8192,5.3389,187303687,2247.6,2838,0.1241
device,resident,1,fp32,4,iadd,8192,5.3375,187354406,2248.3,2852,0.1247
device,resident,1,fp32,4,isub,8192,5.3433,187149037,2245.8,2862,0.1253
device,resident,1,fp32,4,ishl,8192,5.3387,187312815,2247.8,2849,0.1246
device,resident,1,fp32,4,ishr,8192,5.3366,187386302,2248.6,2854,0.1248
device,resident,1,fp32,4,icmplt,8192,5.3312,187573567,2250.9,2858,0.1248
device,resident,1,fp32,4,add,8192,5.3395,187283679,2247.4,2854,0.1248
device,resident,1,fp32,4,sub,8192,5.3539,186779580,2241.4,2862,0.1255
device,resident,1,fp32,4,mul,8192,5.3425,187179588,2246.2,2841,0.1243
device,resident,1,fp32,4,fma,8192,5.3211,187931692,3006.9,2864,0.1248
device,host,4,fp32,4,abs,8192,32.4142,30850651,246.8,454,0.1206
device,host,4,fp32,4,neg,8192,32.0421,31208922,249.7,453,0.1189
device,host,4,fp32,4,copysign,8192,31.8850,31362742,376.4,479,0.1251
device,host,4,fp32,4,min,8192,32.6409,30636416,367.6,482,0.1289
device,host,4,fp32,4,max,8192,41.5946,24041599,288.5,388,0.1322
device,host,4,fp32,4,minnum,8192,42.9802,23266527,279.2,356,0.1253
device,host,4,fp32,4,maxnum,8192,52.3667,19096111,229.2,348,0.1493
device,host,4,fp32,4,cmplt,8192,54.4582,18362699,220.4,282,0.1258
device,host,4,fp32,4,cmple,8192,54.5076,18346055,220.2,282,0.1259
device,host,4,fp32,4,cmpeq,8192,54.5148,18343655,220.1,280,0.1250
device,host,4,fp32,4,select,8192,54.3438,18401349,294.4,280,0.1247
device,host,4,fp32,4,iand,8192,54.4376,18369644,220.4,281,0.1253
device,host,4,fp32,4,ior,8192,54.0579,18498670,222.0,282,0.1249
device,host,4,fp32,4,ixor,8192,54.1371,18471624,221.7,280,0.1242
device,host,4,fp32,4,iadd,8192,54.3343,18404564,220.9,281,0.1251
device,host,4,fp32,4,isub,8192,54.4493,18365707,220.4,282,0.1258
device,host,4,fp32,4,ishl,8192,54.3700,18392494,220.7,280,0.1247
device,host,4,fp32,4,ishr,8192,54.3500,18399248,220.8,282,0.1256
device,host,4,fp32,4,icmplt,8192,54.4059,18380359,220.6,280,0.1248
device,host,4,fp32,4,add,8192,51.3744,19464957,233.6,281,0.1183
device,host,4,fp32,4,sub,8192,31.3662,31881453,382.6,408,0.1048
device,host,4,fp32,4,mul,8192,30.5101,32776044,393.3,501,0.1252
device,host,4,fp32,4,fma,8192,30.5178,32767809,524.3,501,0.1253
device,resident,4,fp32,4,abs,8192,8.1984,121974741,975.8,1865,0.1253
device,resident,4,fp32,4,neg,8192,8.1269,123048219,984.4,1858,0.1237
device,resident,4,fp32,4,copysign,8192,8.0222,124654001,1495.8,1881,0.1236
device,resident,4,fp32,4,min,8192,7.9700,125470266,1505.6,1892,0.1235
device,resident,4,fp32,4,max,8192,7.8897,126746938,1521.0,1921,0.1242
device,resident,4,fp32,4,minnum,8192,7.8715,127041147,1524.5,1936,0.1248
device,resident,4,fp32,4,maxnum,8192,7.8788,126922946,1523.1,1945,0.1255
device,resident,4,fp32,4,cmplt,8192,7.9395,125952474,1511.4,1918,0.1247
device,resident,4,fp32,4,cmple,8192,7.9235,126206760,1514.5,1908,0.1238
device,resident,4,fp32,4,cmpeq,8192,7.9328,126058459,1512.7,1924,0.1250
device,resident,4,fp32,4,select,8192,7.9922,125122271,2002.0,1924,0.1260
device,resident,4,fp32,4,iand,8192,7.9257,126172040,1514.1,1912,0.1241
device,resident,4,fp32,4,ior,8192,8.1003,123452312,1481.4,1909,0.1267
device,resident,4,fp32,4,ixor,8192,8.2365,121410246,1456.9,1843,0.1244
device,resident,4,fp32,4,iadd,8192,8.2681,120947199,1451.4,1849,0.1252
device,resident,4,fp32,4,isub,8192,8.2196,121659891,1459.9,1847,0.1244
device,resident,4,fp32,4,ishl,8192,8.2208,121643374,1459.7,1857,0.1251
device,resident,4,fp32,4,ishr,8192,8.2337,121452522,1457.4,1853,0.1250
device,resident,4,fp32,4,icmplt,8192,8.2027,121911661,1462.9,1844,0.1239
device,resident,4,fp32,4,add,8192,8.1990,121966191,1463.6,1853,0.1245
device,resident,4,fp32,4,sub,8192,8.2036,121898015,1462.8,1831,0.1231
device,resident,4,fp32,4,mul,8192,8.2252,121578080,1458.9,1836,0.1237
device,resident,4,fp32,4,fma,8192,8.2686,120938908,1935.0,1851,0.1254
software,host,0,fp32,4,abs,16384,34.7149,28806100,230.4,192,0.1092
software,host,0,fp32,4,neg,16384,40.6660,24590572,196.7,189,0.1259
software,host,0,fp32,4,copysign,16384,41.1906,24277385,291.3,186,0.1255
software,host,0,fp32,4,min,16384,79.7208,12543777,150.5,96,0.1254
software,host,0,fp32,4,max,16384,79.6755,12550912,150.6,96,0.1253
software,host,0,fp32,4,minnum,16384,79.9841,12502488,150.0,96,0.1258
software,host,0,fp32,4,maxnum,16384,80.5328,12417304,149.0,96,0.1267
software,host,0,fp32,4,cmplt,16384,100.2235,9977701,119.7,64,0.1051
software,host,0,fp32,4,cmple,16384,101.2958,9872080,118.5,64,0.1062
software,host,0,fp32,4,cmpeq,16384,84.0356,11899715,142.8,91,0.1253
software,host,0,fp32,4,select,16384,38.2223,26162759,418.6,200,0.1252
software,host,0,fp32,4,iand,16384,32.4326,30833181,370.0,239,0.1270
software,host,0,fp32,4,ior,16384,32.4495,30817144,369.8,236,0.1255
software,host,0,fp32,4,ixor,16384,32.2664,30992038,371.9,239,0.1263
software,host,0,fp32,4,iadd,16384,37.8884,26393272,316.7,202,0.1254
software,host,0,fp32,4,isub,16384,47.4662,21067617,252.8,161,0.1252
software,host,0,fp32,4,ishl,16384,44.0662,22693133,272.3,175,0.1263
software,host,0,fp32,4,ishr,16384,35.8451,27897833,334.8,212,0.1245
software,host,0,fp32,4,icmplt,16384,45.1578,22144562,265.7,170,0.1258
software,host,0,fp32,4,add,16384,295.4713,3384424,40.6,26,0.1259
software,host,0,fp32,4,sub,16384,307.0752,3256532,39.1,25,0.1258
software,host,0,fp32,4,mul,16384,227.7269,4391224,52.7,34,0.1269
software,host,0,fp32,4,fma,16384,266.0906,3758118,60.1,29,0.1264
device,host,1,fp32,4,abs,16384,11.1122,89991439,719.9,713,0.1298
device,host,1,fp32,4,neg,16384,11.3625,88009105,704.1,672,0.1251
device,host,1,fp32,4,copysign,16384,11.3563,88056535,1056.7,673,0.1252
device,host,1,fp32,4,min,16384,11.3490,88113767,1057.4,673,0.1251
device,host,1,fp32,4,max,16384,11.3365,88210311,1058.5,673,0.1250
device,host,1,fp32,4,minnum,16384,11.3337,88232379,1058.8,673,0.1250
device,host,1,fp32,4,maxnum,16384,11.3161,88369572,1060.4,673,0.1248
device,host,1,fp32,4,cmplt,16384,11.3289,88269698,1059.2,674,0.1251
device,host,1,fp32,4,cmple,16384,11.6784,85627898,1027.5,675,0.1292
device,host,1,fp32,4,cmpeq,16384,13.0980,76347468,916.2,603,0.1294
device,host,1,fp32,4,select,16384,13.1408,76098963,1217.6,582,0.1253
device,host,1,fp32,4,iand,16384,13.1609,75982742,911.8,581,0.1253
device,host,1,fp32,4,ior,16384,13.1327,76145855,913.8,582,0.1252
device,host,1,fp32,4,ixor,16384,13.1169,76237468,914.8,581,0.1249
device,host,1,fp32,4,iadd,16384,13.1014,76327559,915.9,581,0.1247
device,host,1,fp32,4,isub,16384,13.1176,76233362,914.8,582,0.1251
device,host,1,fp32,4,ishl,16384,13.1226,76204217,914.5,581,0.1249
device,host,1,fp32,4,ishr,16384,13.1324,76147295,913.8,581,0.1250
device,host,1,fp32,4,icmplt,16384,13.1337,76140287,913.7,580,0.1248
device,host,1,fp32,4,add,16384,13.1623,75974688,911.7,579,0.1249
device,host,1,fp32,4,sub,16384,13.1555,76013978,912.2,578,0.1246
device,host,1,fp32,4,mul,16384,13.1734,75910500,910.9,579,0.1250
device,host,1,fp32,4,fma,16384,13.1688,75936999,1215.0,580,0.1251
device,resident,1,fp32,4,abs,16384,3.0198,331152206,2649.2,2372,0.1174
device,resident,1,fp32,4,neg,16384,2.8774,347536734,2780.3,2588,0.1220
device,resident,1,fp32,4,copysign,16384,3.4000,294114694,3529.4,2693,0.1500
device,resident,1,fp32,4,min,16384,3.4524,289653643,3475.8,2248,0.1272
device,resident,1,fp32,4,max,16384,3.4012,294017235,3528.2,2229,0.1242
device,resident,1,fp32,4,minnum,16384,3.5140,284573199,3414.9,2210,0.1272
device,resident,1,fp32,4,maxnum,16384,3.5366,282761036,3393.1,2156,0.1249
device,resident,1,fp32,4,cmplt,16384,3.5392,282548054,3390.6,2149,0.1246
device,resident,1,fp32,4,cmple,16384,3.5338,282985070,3395.8,2153,0.1247
device,resident,1,fp32,4,cmpeq,16384,3.5360,282807487,3393.7,2153,0.1247
device,resident,1,fp32,4,select,16384,3.5370,282724413,4523.6,2156,0.1249
device,resident,1,fp32,4,iand,16384,3.5511,281606716,3379.3,2155,0.1254
device,resident,1,fp32,4,ior,16384,3.5507,281633935,3379.6,2147,0.1249
device,resident,1,fp32,4,ixor,16384,3.5364,282770495,3393.2,2149,0.1245
device,resident,1,fp32,4,iadd,16384,3.5299,283293794,3399.5,2152,0.1245
device,resident,1,fp32,4,isub,16384,3.5294,283332315,3400.0,2163,0.1251
device,resident,1,fp32,4,ishl,16384,3.5276,283478759,3401.7,2171,0.1255
device,resident,1,fp32,4,ishr,16384,3.5300,283289308,3399.5,2159,0.1249
device,resident,1,fp32,4,icmplt,16384,3.5317,283149589,3397.8,2163,0.1252
device,resident,1,fp32,4,add,16384,3.5337,282990728,3395.9,2152,0.1246
device,resident,1,fp32,4,sub,16384,3.5317,283152965,3397.8,2162,0.1251
device,resident,1,fp32,4,mul,16384,3.5381,282640473,3391.7,2161,0.1253
device,resident,1,fp32,4,fma,16384,3.5342,282949828,4527.2,2150,0.1245
device,host,4,fp32,4,abs,16384,19.1677,52171026,417.4,428,0.1344
device,host,4,fp32,4,neg,16384,25.6965,38915838,311.3,336,0.1415
device,host,4,fp32,4,copysign,16384,29.8825,33464432,401.6,277,0.1356
device,host,4,fp32,4,min,16384,28.0538,35645809,427.7,277,0.1273
device,host,4,fp32,4,max,16384,29.8216,33532738,402.4,255,0.1246
device,host,4,fp32,4,minnum,16384,29.8170,33537929,402.5,256,0.1251
device,host,4,fp32,4,maxnum,16384,29.9631,33374335,400.5,256,0.1257
device,host,4,fp32,4,cmplt,16384,29.8087,33547283,402.6,258,0.1260
device,host,4,fp32,4,cmple,16384,29.8497,33501189,402.0,256,0.1252
device,host,4,fp32,4,cmpeq,16384,29.9157,33427266,401.1,255,0.1250
device,host,4,fp32,4,select,16384,29.8696,33478883,535.7,255,0.1248
device,host,4,fp32,4,iand,16384,29.9212,33421098,401.1,256,0.1255
device,host,4,fp32,4,ior,16384,29.9816,33353749,400.2,257,0.1262
device,host,4,fp32,4,ixor,16384,30.4971,32790016,393.5,257,0.1284
device,host,4,fp32,4,iadd,16384,30.9592,32300550,387.6,243,0.1233
device,host,4,fp32,4,isub,16384,31.3961,31851076,382.2,243,0.1250
device,host,4,fp32,4,ishl,16384,32.3300,30930988,371.2,237,0.1255
device,host,4,fp32,4,ishr,16384,32.2944,30965089,371.6,236,0.1249
device,host,4,fp32,4,icmplt,16384,32.4085,30856145,370.3,238,0.1264
device,host,4,fp32,4,add,16384,32.2253,31031540,372.4,236,0.1246
device,host,4,fp32,4,sub,16384,32.0155,31234832,374.8,238,0.1248
device,host,4,fp32,4,mul,16384,32.2006,31055298,372.7,238,0.1256
device,host,4,fp32,4,fma,16384,31.8540,31393260,502.3,238,0.1242
device,resident,4,fp32,4,abs,16384,4.1205,242690041,1941.5,1819,0.1228
device,resident,4,fp32,4,neg,16384,4.3945,227557843,1820.5,1782,0.1283
device,resident,4,fp32,4,copysign,16384,4.6029,217252427,2607.0,1680,0.1267
device,resident,4,fp32,4,min,16384,4.6081,217007870,2604.1,1654,0.1249
device,resident,4,fp32,4,max,16384,4.6056,217126985,2605.5,1659,0.1252
device,resident,4,fp32,4,minnum,16384,4.6117,216841696,2602.1,1652,0.1248
device,resident,4,fp32,4,maxnum,16384,4.6111,216866011,2602.4,1650,0.1247
device,resident,4,fp32,4,cmplt,16384,4.6741,213943819,2567.3,1653,0.1266
device,resident,4,fp32,4,cmple,16384,4.7450,210748667,2529.0,1649,0.1282
device,resident,4,fp32,4,cmpeq,16384,4.7752,209414280,2513.0,1589,0.1243
device,resident,4,fp32,4,select,16384,4.7781,209287527,3348.6,1596,0.1249
device,resident,4,fp32,4,iand,16384,4.7812,209152094,2509.8,1595,0.1249
device,resident,4,fp32,4,ior,16384,4.7778,209302427,2511.6,1589,0.1244
device,resident,4,fp32,4,ixor,16384,4.7798,209215851,2510.6,1596,0.1250
device,resident,4,fp32,4,iadd,16384,4.7788,209256050,2511.1,1593,0.1247
device,resident,4,fp32,4,isub,16384,5.2355,191001902,2292.0,1593,0.1366
device,resident,4,fp32,4,ishl,16384,5.5530,180082050,2161.0,1358,0.1236
device,resident,4,fp32,4,ishr,16384,5.5531,180079162,2160.9,1367,0.1244
device,resident,4,fp32,4,icmplt,16384,5.5480,180245704,2162.9,1365,0.1241
device,resident,4,fp32,4,add,16384,5.5487,180222818,2162.7,1359,0.1235
device,resident,4,fp32,4,sub,16384,5.5485,180227625,2162.7,1367,0.1243
device,resident,4,fp32,4,mul,16384,5.5523,180106397,2161.3,1367,0.1244
device,resident,4,fp32,4,fma,16384,5.5497,180188731,2883.0,1363,0.1239
software,host,0,fp32,4,abs,32768,34.5435,28948996,231.6,104,0.1177
software,host,0,fp32,4,neg,32768,40.4792,24704059,197.6,95,0.1260
software,host,0,fp32,4,copysign,32768,41.1727,24287961,291.5,93,0.1255
software,host,0,fp32,4,min,32768,79.6765,12550759,150.6,48,0.1253
software,host,0,fp32,4,max,32768,79.6482,12555205,150.7,48,0.1253
software,host,0,fp32,4,minnum,32768,80.3360,12447727,149.4,48,0.1264
software,host,0,fp32,4,maxnum,32768,79.9668,12505195,150.1,47,0.1232
software,host,0,fp32,4,cmplt,32768,100.4186,9958319,119.5,39,0.1283
software,host,0,fp32,4,cmple,32768,102.3489,9770501,117.2,38,0.1274
software,host,0,fp32,4,cmpeq,32768,84.1150,11888483,142.7,46,0.1268
software,host,0,fp32,4,select,32768,37.9840,26326848,421.2,101,0.1257
software,host,0,fp32,4,iand,32768,31.8880,31359800,376.3,120,0.1254
software,host,0,fp32,4,ior,32768,32.3992,30864972,370.4,118,0.1253
software,host,0,fp32,4,ixor,32768,32.0488,31202451,374.4,120,0.1260
software,host,0,fp32,4,iadd,32768,37.9251,26367788,316.4,101,0.1255
software,host,0,fp32,4,isub,32768,47.4489,21075313,252.9,81,0.1259
software,host,0,fp32,4,ishl,32768,43.7696,22846893,274.2,88,0.1262
software,host,0,fp32,4,ishr,32768,35.8033,27930368,335.2,104,0.1220
software,host,0,fp32,4,icmplt,32768,45.1093,22168361,266.0,85,0.1256
software,host,0,fp32,4,add,32768,294.1687,3399410,40.8,13,0.1253
software,host,0,fp32,4,sub,32768,306.5761,3261833,39.1,13,0.1306
software,host,0,fp32,4,mul,32768,227.7691,4390411,52.7,17,0.1269
software,host,0,fp32,4,fma,32768,266.1916,3756692,60.1,15,0.1308
device,host,1,fp32,4,abs,32768,6.2246,160652999,1285.2,580,0.1183
device,host,1,fp32,4,neg,32768,6.3456,157589889,1260.7,616,0.1281
device,host,1,fp32,4,copysign,32768,10.5884,94443174,1133.3,502,0.1742
device,host,1,fp32,4,min,32768,12.5623,79603503,955.2,303,0.1247
device,host,1,fp32,4,max,32768,12.6023,79350282,952.2,305,0.1260
device,host,1,fp32,4,minnum,32768,12.5489,79688389,956.3,304,0.1250
device,host,1,fp32,4,maxnum,32768,12.5634,79596123,955.2,307,0.1264
device,host,1,fp32,4,cmplt,32768,12.5938,79404093,952.8,303,0.1250
device,host,1,fp32,4,cmple,32768,12.5159,79898173,958.8,304,0.1247
device,host,1,fp32,4,cmpeq,32768,11.8680,84259942,1011.1,305,0.1186
device,host,1,fp32,4,select,32768,11.8546,84355552,1349.7,322,0.1251
device,host,1,fp32,4,iand,32768,11.8333,84507051,1014.1,324,0.1256
device,host,1,fp32,4,ior,32768,11.8401,84458694,1013.5,320,0.1242
device,host,1,fp32,4,ixor,32768,11.8305,84527571,1014.3,323,0.1252
device,host,1,fp32,4,iadd,32768,11.7979,84760653,1017.1,324,0.1253
device,host,1,fp32,4,isub,32768,12.0719,82836912,994.0,321,0.1270
device,host,1,fp32,4,ishl,32768,12.2184,81844097,982.1,307,0.1229
device,host,1,fp32,4,ishr,32768,12.2734,81476823,977.7,316,0.1271
device,host,1,fp32,4,icmplt,32768,12.2880,81380325,976.6,310,0.1248
device,host,1,fp32,4,add,32768,12.0034,83309716,999.7,314,0.1235
device,host,1,fp32,4,sub,32768,11.7721,84946552,1019.4,322,0.1242
device,host,1,fp32,4,mul,32768,11.8878,84119896,1009.4,320,0.1247
device,host,1,fp32,4,fma,32768,11.8724,84229219,1347.7,320,0.1245
device,resident,1,fp32,4,abs,32768,2.0560,486371635,3891.0,1823,0.1228
device,resident,1,fp32,4,neg,32768,1.9875,503137854,4025.1,1888,0.1230
device,resident,1,fp32,4,copysign,32768,2.2267,449087843,5389.1,1805,0.1317
device,resident,1,fp32,4,min,32768,2.2375,446924159,5363.1,1723,0.1263
device,resident,1,fp32,4,max,32768,2.1548,464074121,5568.9,1670,0.1179
device,resident,1,fp32,4,minnum,32768,2.2754,439492344,5273.9,1787,0.1332
device,resident,1,fp32,4,maxnum,32768,2.2429,445855309,5350.3,1673,0.1230
device,resident,1,fp32,4,cmplt,32768,2.2237,449706234,5396.5,1718,0.1252
device,resident,1,fp32,4,cmple,32768,2.2290,448623294,5383.5,1697,0.1240
device,resident,1,fp32,4,cmpeq,32768,2.2295,448524817,5382.3,1711,0.1250
device,resident,1,fp32,4,select,32768,2.2183,450800228,7212.8,1710,0.1243
device,resident,1,fp32,4,iand,32768,2.2124,452003413,5424.0,1726,0.1251
device,resident,1,fp32,4,ior,32768,2.2220,450051102,5400.6,1729,0.1259
device,resident,1,fp32,4,ixor,32768,2.2331,447807296,5373.7,1702,0.1245
device,resident,1,fp32,4,iadd,32768,2.2230,449841016,5398.1,1699,0.1238
device,resident,1,fp32,4,isub,32768,2.2192,450610981,5407.3,1726,0.1255
device,resident,1,fp32,4,ishl,32768,2.2227,449899631,5398.8,1709,0.1245
device,resident,1,fp32,4,ishr,32768,2.2247,449503397,5394.0,1716,0.1251
device,resident,1,fp32,4,icmplt,32768,2.2162,451225889,5414.7,1725,0.1253
device,resident,1,fp32,4,add,32768,2.2192,450616422,5407.4,1718,0.1249
device,resident,1,fp32,4,sub,32768,2.2286,448712066,5384.5,1710,0.1249
device,resident,1,fp32,4,mul,32768,2.2218,450086121,5401.0,1730,0.1260
device,resident,1,fp32,4,fma,32768,2.2187,450721361,7211.5,1725,0.1254
device,host,4,fp32,4,abs,32768,13.8119,72401565,579.2,277,0.1254
device,host,4,fp32,4,neg,32768,13.8173,72373176,579.0,277,0.1254
device,host,4,fp32,4,copysign,32768,13.7905,72513502,870.2,274,0.1238
device,host,4,fp32,4,min,32768,13.8745,72074614,864.9,276,0.1255
device,host,4,fp32,4,max,32768,13.5104,74017180,888.2,277,0.1226
device,host,4,fp32,4,minnum,32768,12.3353,81068335,972.8,309,0.1249
device,host,4,fp32,4,maxnum,32768,14.1668,70587426,847.0,296,0.1374
device,host,4,fp32,4,cmplt,32768,14.8442,67366508,808.4,262,0.1274
device,host,4,fp32,4,cmple,32768,15.1524,65996263,792.0,259,0.1286
device,host,4,fp32,4,cmpeq,32768,16.8021,59516462,714.2,226,0.1244
device,host,4,fp32,4,select,32768,17.6762,56573112,905.2,225,0.1303
device,host,4,fp32,4,iand,32768,18.5755,53834247,646.0,206,0.1254
device,host,4,fp32,4,ior,32768,18.4852,54097439,649.2,206,0.1248
device,host,4,fp32,4,ixor,32768,18.6026,53755881,645.1,206,0.1256
device,host,4,fp32,4,iadd,32768,18.6172,53713910,644.6,205,0.1251
device,host,4,fp32,4,isub,32768,18.5744,53837458,646.0,205,0.1248
device,host,4,fp32,4,ishl,32768,18.8110,53160526,637.9,206,0.1270
device,host,4,fp32,4,ishr,32768,19.0997,52356830,628.3,200,0.1252
device,host,4,fp32,4,icmplt,32768,19.1224,52294639,627.5,199,0.1247
device,host,4,fp32,4,add,32768,19.1068,52337473,628.0,200,0.1252
device,host,4,fp32,4,sub,32768,19.1117,52323970,627.9,200,0.1253
device,host,4,fp32,4,mul,32768,19.1184,52305629,627.7,200,0.1253
device,host,4,fp32,4,fma,32768,19.1021,52350137,837.6,200,0.1252
device,resident,4,fp32,4,abs,32768,2.5034,399455045,3195.6,1481,0.1215
device,resident,4,fp32,4,neg,32768,2.4455,408917857,3271.3,1531,0.1227
device,resident,4,fp32,4,copysign,32768,2.3446,426519129,5118.2,1590,0.1222
device,resident,4,fp32,4,min,32768,2.3102,432856527,5194.3,1606,0.1216
device,resident,4,fp32,4,max,32768,2.3730,421401576,5056.8,1651,0.1284
device,resident,4,fp32,4,minnum,32768,2.5275,395640937,4747.7,1540,0.1275
device,resident,4,fp32,4,maxnum,32768,2.5101,398394729,4780.7,1511,0.1243
device,resident,4,fp32,4,cmplt,32768,2.5148,397653794,4771.8,1538,0.1267
device,resident,4,fp32,4,cmple,32768,2.5313,395052609,4740.6,1430,0.1186
device,resident,4,fp32,4,cmpeq,32768,2.5312,395069332,4740.8,1514,0.1256
device,resident,4,fp32,4,select,32768,2.4987,400204623,6403.3,1526,0.1249
device,resident,4,fp32,4,iand,32768,2.4982,400296149,4803.6,1522,0.1246
device,resident,4,fp32,4,ior,32768,2.5001,399988950,4799.9,1516,0.1242
device,resident,4,fp32,4,ixor,32768,2.5031,399507747,4794.1,1524,0.1250
device,resident,4,fp32,4,iadd,32768,2.5007,399880142,4798.6,1530,0.1254
device,resident,4,fp32,4,isub,32768,2.4958,400671174,4808.1,1521,0.1244
device,resident,4,fp32,4,ishl,32768,2.4989,400176514,4802.1,1529,0.1252
device,resident,4,fp32,4,ishr,32768,2.4950,400795910,4809.6,1534,0.1254
device,resident,4,fp32,4,icmplt,32768,2.4978,400355254,4804.3,1523,0.1247
device,resident,4,fp32,4,add,32768,2.4970,400479282,4805.8,1523,0.1246
device,resident,4,fp32,4,sub,32768,2.5011,399819284,4797.8,1534,0.1257
device,resident,4,fp32,4,mul,32768,2.4954,400742053,4808.9,1531,0.1252
device,resident,4,fp32,4,fma,32768,2.4965,400564170,6409.0,1537,0.1257
software,host,0,fp32,4,abs,65536,35.4082,28242075,225.9,44,0.1021
software,host,0,fp32,4,neg,65536,40.2657,24835050,198.7,48,0.1267
software,host,0,fp32,4,copysign,65536,41.1178,24320358,291.8,47,0.1267
software,host,0,fp32,4,min,65536,79.5745,12566833,150.8,24,0.1252
software,host,0,fp32,4,max,65536,79.5758,12566627,150.8,25,0.1304
software,host,0,fp32,4,minnum,65536,80.0419,12493452,149.9,24,0.1259
software,host,0,fp32,4,maxnum,65536,80.0592,12490762,149.9,24,0.1259
software,host,0,fp32,4,cmplt,65536,100.3106,9969033,119.6,20,0.1315
software,host,0,fp32,4,cmple,65536,101.1557,9885747,118.6,19,0.1260
software,host,0,fp32,4,cmpeq,65536,85.2061,11736252,140.8,22,0.1228
software,host,0,fp32,4,select,65536,41.9249,23852147,381.6,51,0.1401
software,host,0,fp32,4,iand,65536,35.3665,28275365,339.3,49,0.1136
software,host,0,fp32,4,ior,65536,35.1100,28481927,341.8,57,0.1312
software,host,0,fp32,4,ixor,65536,32.0993,31153279,373.8,61,0.1283
software,host,0,fp32,4,iadd,65536,37.9232,26369099,316.4,51,0.1268
software,host,0,fp32,4,isub,65536,47.3498,21119398,253.4,41,0.1272
software,host,0,fp32,4,ishl,65536,43.8201,22820574,273.8,44,0.1264
software,host,0,fp32,4,ishr,65536,35.8262,27912498,334.9,54,0.1268
software,host,0,fp32,4,icmplt,65536,45.1460,22150363,265.8,43,0.1272
software,host,0,fp32,4,add,65536,297.0453,3366490,40.4,7,0.1363
software,host,0,fp32,4,sub,65536,308.2149,3244489,38.9,7,0.1414
software,host,0,fp32,4,mul,65536,227.6742,4392242,52.7,9,0.1343
software,host,0,fp32,4,fma,65536,266.6984,3749554,60.0,8,0.1398
device,host,1,fp32,4,abs,65536,9.4680,105619059,845.0,219,0.1359
device,host,1,fp32,4,neg,65536,9.4898,105375898,843.0,202,0.1256
device,host,1,fp32,4,copysign,65536,8.7080,114837399,1378.0,217,0.1238
device,host,1,fp32,4,min,65536,8.6954,115003259,1380.0,221,0.1259
device,host,1,fp32,4,max,65536,8.6741,115285936,1383.4,220,0.1251
device,host,1,fp32,4,minnum,65536,8.9635,111563786,1338.8,216,0.1269
device,host,1,fp32,4,maxnum,65536,9.1358,109459978,1313.5,214,0.1281
device,host,1,fp32,4,cmplt,65536,8.0796,123768660,1485.2,218,0.1154
device,host,1,fp32,4,cmple,65536,8.4576,118236867,1418.8,233,0.1291
device,host,1,fp32,4,cmpeq,65536,8.7549,114222330,1370.7,237,0.1360
device,host,1,fp32,4,select,65536,8.9601,111605568,1785.7,212,0.1245
device,host,1,fp32,4,iand,65536,8.9056,112288312,1347.5,215,0.1255
device,host,1,fp32,4,ior,65536,8.9040,112309098,1347.7,215,0.1255
device,host,1,fp32,4,ixor,65536,8.8523,112964724,1355.6,215,0.1247
device,host,1,fp32,4,iadd,65536,8.9300,111981761,1343.8,215,0.1258
device,host,1,fp32,4,isub,65536,8.9149,112171353,1346.1,214,0.1250
device,host,1,fp32,4,ishl,65536,8.8930,112447903,1349.4,215,0.1253
device,host,1,fp32,4,ishr,65536,8.9014,112342228,1348.1,215,0.1254
device,host,1,fp32,4,icmplt,65536,8.8893,112495363,1349.9,215,0.1253
device,host,1,fp32,4,add,65536,8.8843,112558295,1350.7,215,0.1252
device,host,1,fp32,4,sub,65536,8.8899,112487457,1349.8,214,0.1247
device,host,1,fp32,4,mul,65536,8.7596,114160668,1369.9,215,0.1234
device,host,1,fp32,4,fma,65536,6.8434,146126315,2338.0,256,0.1148
device,resident,1,fp32,4,abs,65536,1.7689,565319954,4522.6,1148,0.1331
device,resident,1,fp32,4,neg,65536,1.7805,561650884,4493.2,1037,0.1210
device,resident,1,fp32,4,copysign,65536,1.7103,584675782,7016.1,1096,0.1229
device,resident,1,fp32,4,min,65536,1.6983,588807623,7065.7,1115,0.1241
device,resident,1,fp32,4,max,65536,1.6944,590166053,7082.0,1120,0.1244
device,resident,1,fp32,4,minnum,65536,1.6953,589881639,7078.6,1129,0.1254
device,resident,1,fp32,4,maxnum,65536,1.6957,589732219,7076.8,1130,0.1256
device,resident,1,fp32,4,cmplt,65536,1.6953,589850546,7078.2,1130,0.1255
device,resident,1,fp32,4,cmple,65536,1.6954,589830699,7078.0,1127,0.1252
device,resident,1,fp32,4,cmpeq,65536,1.6957,589734956,7076.8,1123,0.1248
device,resident,1,fp32,4,select,65536,1.6972,589191759,9427.1,1116,0.1241
device,resident,1,fp32,4,iand,65536,1.6973,589182590,7070.2,1117,0.1242
device,resident,1,fp32,4,ior,65536,1.6956,589760474,7077.1,1121,0.1246
device,resident,1,fp32,4,ixor,65536,1.6971,589236055,7070.8,1130,0.1257
device,resident,1,fp32,4,iadd,65536,1.6957,589728172,7076.7,1119,0.1244
device,resident,1,fp32,4,isub,65536,1.6954,589822532,7077.9,1117,0.1241
device,resident,1,fp32,4,ishl,65536,1.7001,588192111,7058.3,1120,0.1248
device,resident,1,fp32,4,ishr,65536,1.6970,589282197,7071.4,1123,0.1249
device,resident,1,fp32,4,icmplt,65536,1.7048,586593376,7039.1,1122,0.1254
device,resident,1,fp32,4,add,65536,1.7182,582003905,6984.0,1118,0.1259
device,resident,1,fp32,4,sub,65536,1.6954,589828017,7077.9,1092,0.1213
device,resident,1,fp32,4,mul,65536,1.6964,589498474,7074.0,1127,0.1253
device,resident,1,fp32,4,fma,65536,1.6955,589811587,9437.0,1117,0.1241
device,host,4,fp32,4,abs,65536,9.6288,103854840,830.8,196,0.1237
device,host,4,fp32,4,neg,65536,9.5008,105254013,842.0,207,0.1289
device,host,4,fp32,4,copysign,65536,11.0788,90262272,1083.1,189,0.1372
device,host,4,fp32,4,min,65536,11.1593,89611671,1075.3,172,0.1258
device,host,4,fp32,4,max,65536,10.9253,91530517,1098.4,172,0.1232
device,host,4,fp32,4,minnum,65536,10.5303,94964190,1139.6,185,0.1277
device,host,4,fp32,4,maxnum,65536,10.3448,96667160,1160.0,182,0.1234
device,host,4,fp32,4,cmplt,65536,10.4442,95747218,1149.0,188,0.1287
device,host,4,fp32,4,cmple,65536,10.6168,94190635,1130.3,180,0.1252
device,host,4,fp32,4,cmpeq,65536,10.4203,95966412,1151.6,183,0.1250
device,host,4,fp32,4,select,65536,10.3791,96347759,1541.6,185,0.1258
device,host,4,fp32,4,iand,65536,10.3283,96820889,1161.9,184,0.1245
device,host,4,fp32,4,ior,65536,10.5677,94627570,1135.5,181,0.1254
device,host,4,fp32,4,ixor,65536,10.6141,94214105,1130.6,181,0.1259
device,host,4,fp32,4,iadd,65536,11.9259,83851187,1006.2,167,0.1305
device,host,4,fp32,4,isub,65536,12.1170,82528585,990.3,158,0.1255
device,host,4,fp32,4,ishl,65536,11.8598,84318373,1011.8,168,0.1306
device,host,4,fp32,4,ishr,65536,11.5421,86639349,1039.7,167,0.1263
device,host,4,fp32,4,icmplt,65536,11.3343,88227555,1058.7,162,0.1203
device,host,4,fp32,4,add,65536,11.0856,90207051,1082.5,174,0.1264
device,host,4,fp32,4,sub,65536,11.8505,84384448,1012.6,161,0.1250
device,host,4,fp32,4,mul,65536,11.8678,84261414,1011.1,161,0.1252
device,host,4,fp32,4,fma,65536,11.8739,84218277,1347.5,162,0.1261
device,resident,4,fp32,4,abs,65536,1.3089,764008841,6112.1,1454,0.1247
device,resident,4,fp32,4,neg,65536,1.3037,767074744,6136.6,1457,0.1245
device,resident,4,fp32,4,copysign,65536,1.3630,733683440,8804.2,1458,0.1302
device,resident,4,fp32,4,min,65536,1.4700,680249321,8163.0,1338,0.1289
device,resident,4,fp32,4,max,65536,1.5134,660778895,7929.3,1261,0.1251
device,resident,4,fp32,4,minnum,65536,1.5234,656441342,7877.3,1246,0.1244
device,resident,4,fp32,4,maxnum,65536,1.5322,652641763,7831.7,1256,0.1261
device,resident,4,fp32,4,cmplt,65536,1.5331,652263079,7827.2,1242,0.1248
device,resident,4,fp32,4,cmple,65536,1.5289,654070553,7848.8,1248,0.1250
device,resident,4,fp32,4,cmpeq,65536,1.5277,654569696,7854.8,1248,0.1250
device,resident,4,fp32,4,select,65536,1.5271,654846647,10477.5,1250,0.1251
device,resident,4,fp32,4,iand,65536,1.5272,654772805,7857.3,1247,0.1248
device,resident,4,fp32,4,ior,65536,1.5292,653923209,7847.1,1240,0.1243
device,resident,4,fp32,4,ixor,65536,1.5347,651584097,7819.0,1240,0.1247
device,resident,4,fp32,4,iadd,65536,1.5370,650612580,7807.4,1240,0.1249
device,resident,4,fp32,4,isub,65536,1.5364,650854874,7810.3,1242,0.1251
device,resident,4,fp32,4,ishl,65536,1.5362,650936092,7811.2,1237,0.1245
device,resident,4,fp32,4,ishr,65536,1.5352,651367912,7816.4,1241,0.1249
device,resident,4,fp32,4,icmplt,65536,1.5254,655579344,7867.0,1253,0.1253
device,resident,4,fp32,4,add,65536,1.5260,655305501,7863.7,1251,0.1251
device,resident,4,fp32,4,sub,65536,1.5260,655289660,7863.5,1245,0.1245
device,resident,4,fp32,4,mul,65536,1.5325,652547573,7830.6,1240,0.1245
device,resident,4,fp32,4,fma,65536,1.5280,654438447,10471.0,1243,0.1245
software,host,0,fp32,4,abs,131072,34.8443,28699137,229.6,25,0.1142
software,host,0,fp32,4,neg,131072,40.4119,24745163,198.0,24,0.1271
software,host,0,fp32,4,copysign,131072,41.2194,24260446,291.1,23,0.1243
software,host,0,fp32,4,min,131072,79.8224,12527820,150.3,12,0.1255
software,host,0,fp32,4,max,131072,79.9424,12509011,150.1,12,0.1257
software,host,0,fp32,4,minnum,131072,80.0942,12485293,149.8,12,0.1260
software,host,0,fp32,4,maxnum,131072,80.0786,12487738,149.9,12,0.1260
software,host,0,fp32,4,cmplt,131072,101.8534,9818030,117.8,10,0.1335
software,host,0,fp32,4,cmple,131072,114.2931,8749431,105.0,10,0.1498
software,host,0,fp32,4,cmpeq,131072,94.5963,10571240,126.9,10,0.1240
software,host,0,fp32,4,select,131072,38.5104,25966987,415.5,22,0.1110
software,host,0,fp32,4,iand,131072,32.3074,30952679,371.4,31,0.1313
software,host,0,fp32,4,ior,131072,32.4077,30856877,370.3,30,0.1274
software,host,0,fp32,4,ixor,131072,31.8933,31354536,376.3,31,0.1296
software,host,0,fp32,4,iadd,131072,37.9138,26375626,316.5,26,0.1292
software,host,0,fp32,4,isub,131072,47.5570,21027418,252.3,20,0.1247
software,host,0,fp32,4,ishl,131072,43.8469,22806647,273.7,22,0.1264
software,host,0,fp32,4,ishr,131072,36.2149,27612917,331.4,27,0.1282
software,host,0,fp32,4,icmplt,131072,45.4065,22023288,264.3,21,0.1250
software,host,0,fp32,4,add,131072,294.3297,3397550,40.8,4,0.1543
software,host,0,fp32,4,sub,131072,307.0344,3256964,39.1,4,0.1610
software,host,0,fp32,4,mul,131072,228.1277,4383510,52.6,5,0.1495
software,host,0,fp32,4,fma,131072,266.5280,3751951,60.0,4,0.1397
device,host,1,fp32,4,abs,131072,7.2990,137005961,1096.0,139,0.1330
device,host,1,fp32,4,neg,131072,7.3360,136314258,1090.5,131,0.1260
device,host,1,fp32,4,copysign,131072,7.3154,136697551,1640.4,130,0.1247
device,host,1,fp32,4,min,131072,7.3382,136273712,1635.3,131,0.1260
device,host,1,fp32,4,max,131072,7.3196,136619715,1639.4,130,0.1247
device,host,1,fp32,4,minnum,131072,7.3399,136241056,1634.9,130,0.1251
device,host,1,fp32,4,maxnum,131072,7.3375,136286157,1635.4,130,0.1250
device,host,1,fp32,4,cmplt,131072,7.3169,136670560,1640.0,131,0.1256
device,host,1,fp32,4,cmple,131072,7.3386,136265290,1635.2,130,0.1250
device,host,1,fp32,4,cmpeq,131072,7.3449,136148709,1633.8,130,0.1252
device,host,1,fp32,4,select,131072,7.6105,131397397,2102.4,126,0.1257
device,host,1,fp32,4,iand,131072,7.5753,132008447,1584.1,126,0.1251
device,host,1,fp32,4,ior,131072,7.3889,135338681,1624.1,129,0.1249
device,host,1,fp32,4,ixor,131072,7.3111,136777730,1641.3,131,0.1255
device,host,1,fp32,4,iadd,131072,7.3284,136455397,1637.5,131,0.1258
device,host,1,fp32,4,isub,131072,7.2603,137735312,1652.8,130,0.1237
device,host,1,fp32,4,ishl,131072,7.2468,137991412,1655.9,133,0.1263
device,host,1,fp32,4,ishr,131072,7.2730,137495188,1649.9,132,0.1258
device,host,1,fp32,4,icmplt,131072,7.2690,137569710,1650.8,132,0.1258
device,host,1,fp32,4,add,131072,7.2658,137631548,1651.6,132,0.1257
device,host,1,fp32,4,sub,131072,7.2646,137653566,1651.8,132,0.1257
device,host,1,fp32,4,mul,131072,7.2659,137628773,1651.5,132,0.1257
device,host,1,fp32,4,fma,131072,7.2708,137536072,2200.6,132,0.1258
device,resident,1,fp32,4,abs,131072,1.4783,676443780,5411.6,678,0.1314
device,resident,1,fp32,4,neg,131072,1.4616,684181119,5473.4,643,0.1232
device,resident,1,fp32,4,copysign,131072,1.4445,692294332,8307.5,661,0.1251
device,resident,1,fp32,4,min,131072,1.4442,692419623,8309.0,661,0.1251
device,resident,1,fp32,4,max,131072,1.4447,692176379,8306.1,660,0.1250
device,resident,1,fp32,4,minnum,131072,1.4442,692412764,8309.0,662,0.1253
device,resident,1,fp32,4,maxnum,131072,1.4427,693128299,8317.5,661,0.1250
device,resident,1,fp32,4,cmplt,131072,1.4462,691468109,8297.6,661,0.1253
device,resident,1,fp32,4,cmple,131072,1.4472,691001629,8292.0,661,0.1254
device,resident,1,fp32,4,cmpeq,131072,1.4451,691977386,8303.7,661,0.1252
device,resident,1,fp32,4,select,131072,1.4485,690369104,11045.9,659,0.1251
device,resident,1,fp32,4,iand,131072,1.4452,691962314,8303.5,658,0.1246
device,resident,1,fp32,4,ior,131072,1.4457,691728246,8300.7,661,0.1252
device,resident,1,fp32,4,ixor,131072,1.4405,694189227,8330.3,659,0.1244
device,resident,1,fp32,4,iadd,131072,1.3626,733867162,8806.4,699,0.1248
device,resident,1,fp32,4,isub,131072,1.3642,733055600,8796.7,700,0.1252
device,resident,1,fp32,4,ishl,131072,1.3626,733887321,8806.6,695,0.1241
device,resident,1,fp32,4,ishr,131072,1.3642,733041980,8796.5,694,0.1241
device,resident,1,fp32,4,icmplt,131072,1.3732,728203961,8738.4,699,0.1258
device,resident,1,fp32,4,add,131072,1.3634,733472914,8801.7,699,0.1249
device,resident,1,fp32,4,sub,131072,1.3630,733651511,8803.8,699,0.1249
device,resident,1,fp32,4,mul,131072,1.3637,733314746,8799.8,699,0.1249
device,resident,1,fp32,4,fma,131072,1.3854,721798586,11548.8,699,0.1269
device,host,4,fp32,4,abs,131072,5.8066,172217142,1377.7,164,0.1248
device,host,4,fp32,4,neg,131072,5.8366,171333390,1370.7,165,0.1262
device,host,4,fp32,4,copysign,131072,5.7178,174891166,2098.7,164,0.1229
device,host,4,fp32,4,min,131072,6.9363,144168698,1730.0,151,0.1373
device,host,4,fp32,4,max,131072,7.7048,129789931,1557.5,127,0.1283
device,host,4,fp32,4,minnum,131072,8.0477,124259461,1491.1,119,0.1255
device,host,4,fp32,4,maxnum,131072,8.2693,120928774,1451.1,116,0.1257
device,host,4,fp32,4,cmplt,131072,8.8695,112746272,1353.0,116,0.1349
device,host,4,fp32,4,cmple,131072,8.2631,121019427,1452.2,113,0.1224
device,host,4,fp32,4,cmpeq,131072,8.2444,121295107,1455.5,116,0.1254
device,host,4,fp32,4,select,131072,8.2484,121235658,1939.8,116,0.1254
device,host,4,fp32,4,iand,131072,8.2429,121316049,1455.8,116,0.1253
device,host,4,fp32,4,ior,131072,8.5937,116364677,1396.4,116,0.1307
device,host,4,fp32,4,ixor,131072,8.6922,115045550,1380.5,110,0.1253
device,host,4,fp32,4,iadd,131072,8.6731,115298715,1383.6,110,0.1250
device,host,4,fp32,4,isub,131072,8.6898,115077248,1380.9,110,0.1253
device,host,4,fp32,4,ishl,131072,8.6892,115085891,1381.0,110,0.1253
device,host,4,fp32,4,ishr,131072,8.6787,115224624,1382.7,110,0.1251
device,host,4,fp32,4,icmplt,131072,8.6682,115364006,1384.4,111,0.1261
device,host,4,fp32,4,add,131072,8.5906,116406145,1396.9,111,0.1250
device,host,4,fp32,4,sub,131072,8.6179,116037476,1392.4,111,0.1254
device,host,4,fp32,4,mul,131072,8.6038,116227846,1394.7,111,0.1252
device,host,4,fp32,4,fma,131072,8.5714,116666650,1866.7,111,0.1247
device,resident,4,fp32,4,abs,131072,0.7969,1254905082,10039.2,1201,0.1254
device,resident,4,fp32,4,neg,131072,0.8298,1205070347,9640.6,1199,0.1304
device,resident,4,fp32,4,copysign,131072,0.8786,1138224976,13658.7,1111,0.1279
device,resident,4,fp32,4,min,131072,0.8847,1130289877,13563.5,1078,0.1250
device,resident,4,fp32,4,max,131072,0.9003,1110714047,13328.6,1057,0.1247
device,resident,4,fp32,4,minnum,131072,0.9007,1110262897,13323.2,1055,0.1245
device,resident,4,fp32,4,maxnum,131072,0.8998,1111413816,13337.0,1058,0.1248
device,resident,4,fp32,4,cmplt,131072,0.8975,1114156359,13369.9,1062,0.1249
device,resident,4,fp32,4,cmple,131072,0.8976,1114132581,13369.6,1057,0.1244
device,resident,4,fp32,4,cmpeq,131072,0.8977,1114003668,13368.0,1063,0.1251
device,resident,4,fp32,4,select,131072,0.8976,1114092167,17825.5,1064,0.1252
device,resident,4,fp32,4,iand,131072,0.8978,1113863604,13366.4,1059,0.1246
device,resident,4,fp32,4,ior,131072,0.8978,1113784317,13365.4,1059,0.1246
device,resident,4,fp32,4,ixor,131072,0.8977,1113953839,13367.4,1061,0.1248
device,resident,4,fp32,4,iadd,131072,0.8987,1112711270,13352.5,1062,0.1251
device,resident,4,fp32,4,isub,131072,0.8966,1115350160,13384.2,1077,0.1266
device,resident,4,fp32,4,ishl,131072,0.8898,1123873461,13486.5,1060,0.1236
device,resident,4,fp32,4,ishr,131072,0.8605,1162087323,13945.0,1095,0.1235
device,resident,4,fp32,4,icmplt,131072,0.8598,1163018843,13956.2,1118,0.1260
device,resident,4,fp32,4,add,131072,0.8855,1129268571,13551.2,1099,0.1276
device,resident,4,fp32,4,sub,131072,0.8980,1113559597,13362.7,1062,0.1250
device,resident,4,fp32,4,mul,131072,0.8980,1113549610,13362.6,1066,0.1255
device,resident,4,fp32,4,fma,131072,0.8974,1114383250,17830.1,1065,0.1253
software,host,0,fp32,4,abs,262144,34.5906,28909621,231.3,14,0.1269
software,host,0,fp32,4,neg,262144,40.8567,24475790,195.8,12,0.1285
software,host,0,fp32,4,copysign,262144,41.3027,24211517,290.5,12,0.1299
software,host,0,fp32,4,min,262144,79.8221,12527861,150.3,6,0.1255
software,host,0,fp32,4,max,262144,79.7313,12542134,150.5,7,0.1463
software,host,0,fp32,4,minnum,262144,80.2211,12465556,149.6,6,0.1262
software,host,0,fp32,4,maxnum,262144,79.9825,12502733,150.0,6,0.1258
software,host,0,fp32,4,cmplt,262144,100.5627,9944041,119.3,5,0.1318
software,host,0,fp32,4,cmple,262144,101.3567,9866145,118.4,5,0.1329
software,host,0,fp32,4,cmpeq,262144,84.0200,11901928,142.8,6,0.1322
software,host,0,fp32,4,select,262144,38.1233,26230698,419.7,13,0.1299
software,host,0,fp32,4,iand,262144,32.0182,31232250,374.8,15,0.1259
software,host,0,fp32,4,ior,262144,32.3936,30870332,370.4,15,0.1274
software,host,0,fp32,4,ixor,262144,31.8696,31377865,376.5,15,0.1253
software,host,0,fp32,4,iadd,262144,37.8533,26417799,317.0,13,0.1290
software,host,0,fp32,4,isub,262144,47.4858,21058919,252.7,11,0.1369
software,host,0,fp32,4,ishl,262144,43.7943,22834029,274.0,11,0.1263
software,host,0,fp32,4,ishr,262144,36.0313,27753612,333.0,14,0.1322
software,host,0,fp32,4,icmplt,262144,45.1297,22158373,265.9,11,0.1301
software,host,0,fp32,4,add,262144,294.8384,3391688,40.7,2,0.1546
software,host,0,fp32,4,sub,262144,307.1581,3255652,39.1,2,0.1610
software,host,0,fp32,4,mul,262144,227.9837,4386278,52.6,3,0.1793
software,host,0,fp32,4,fma,262144,266.6656,3750015,60.0,2,0.1398
device,host,1,fp32,4,abs,262144,6.8252,146515049,1172.1,64,0.1145
device,host,1,fp32,4,neg,262144,7.0710,141422136,1131.4,64,0.1186
device,host,1,fp32,4,copysign,262144,7.0579,141685499,1700.2,64,0.1184
device,host,1,fp32,4,min,262144,7.0607,141629201,1699.6,64,0.1185
device,host,1,fp32,4,max,262144,7.0585,141674085,1700.1,64,0.1184
device,host,1,fp32,4,minnum,262144,7.0665,141512010,1698.1,64,0.1186
device,host,1,fp32,4,maxnum,262144,7.0874,141094985,1693.1,64,0.1189
device,host,1,fp32,4,cmplt,262144,7.0654,141534231,1698.4,64,0.1185
device,host,1,fp32,4,cmple,262144,7.0583,141677991,1700.1,64,0.1184
device,host,1,fp32,4,cmpeq,262144,7.0347,142153363,1705.8,64,0.1180
device,host,1,fp32,4,select,262144,7.0982,140880567,2254.1,64,0.1191
device,host,1,fp32,4,iand,262144,7.0253,142342623,1708.1,64,0.1179
device,host,1,fp32,4,ior,262144,7.0345,142156506,1705.9,64,0.1180
device,host,1,fp32,4,ixor,262144,7.0692,141458156,1697.5,64,0.1186
device,host,1,fp32,4,iadd,262144,7.0924,140995344,1691.9,64,0.1190
device,host,1,fp32,4,isub,262144,7.0530,141783277,1701.4,64,0.1183
device,host,1,fp32,4,ishl,262144,7.0574,141694622,1700.3,64,0.1184
device,host,1,fp32,4,ishr,262144,7.0568,141706711,1700.5,64,0.1184
device,host,1,fp32,4,icmplt,262144,7.0532,141779334,1701.4,64,0.1183
device,host,1,fp32,4,add,262144,7.0312,142222389,1706.7,64,0.1180
device,host,1,fp32,4,sub,262144,7.0114,142625124,1711.5,64,0.1176
device,host,1,fp32,4,mul,262144,7.0452,141940288,1703.3,64,0.1182
device,host,1,fp32,4,fma,262144,7.0849,141145593,2258.3,64,0.1189
device,resident,1,fp32,4,abs,262144,1.5448,647352503,5178.8,326,0.1320
device,resident,1,fp32,4,neg,262144,1.5663,638447760,5107.6,304,0.1248
device,resident,1,fp32,4,copysign,262144,1.5632,639699301,7676.4,305,0.1250
device,resident,1,fp32,4,min,262144,1.5322,652656187,7831.9,310,0.1245
device,resident,1,fp32,4,max,262144,1.5571,642213887,7706.6,312,0.1274
device,resident,1,fp32,4,minnum,262144,1.5702,636851167,7642.2,304,0.1251
device,resident,1,fp32,4,maxnum,262144,1.5533,643787339,7725.4,309,0.1258
device,resident,1,fp32,4,cmplt,262144,1.5561,642624111,7711.5,307,0.1252
device,resident,1,fp32,4,cmple,262144,1.5523,644205276,7730.5,307,0.1249
device,resident,1,fp32,4,cmpeq,262144,1.5460,646841019,7762.1,306,0.1240
device,resident,1,fp32,4,select,262144,1.5504,645000039,10320.0,307,0.1248
device,resident,1,fp32,4,iand,262144,1.5534,643746700,7725.0,308,0.1254
device,resident,1,fp32,4,ior,262144,1.5528,643987114,7727.8,305,0.1242
device,resident,1,fp32,4,ixor,262144,1.5531,643857911,7726.3,309,0.1258
device,resident,1,fp32,4,iadd,262144,1.5494,645420264,7745.0,306,0.1243
device,resident,1,fp32,4,isub,262144,1.5523,644208705,7730.5,308,0.1253
device,resident,1,fp32,4,ishl,262144,1.5624,640027444,7680.3,307,0.1257
device,resident,1,fp32,4,ishr,262144,1.5574,642089776,7705.1,309,0.1262
device,resident,1,fp32,4,icmplt,262144,1.5533,643791924,7725.5,307,0.1250
device,resident,1,fp32,4,add,262144,1.5521,644268422,7731.2,308,0.1253
device,resident,1,fp32,4,sub,262144,1.5550,643081292,7717.0,308,0.1256
device,resident,1,fp32,4,mul,262144,1.5463,646706685,7760.5,307,0.1244
device,resident,1,fp32,4,fma,262144,1.5532,643828180,10301.3,308,0.1254
device,host,4,fp32,4,abs,262144,6.0384,165606753,1324.9,95,0.1504
device,host,4,fp32,4,neg,262144,6.8380,146241870,1169.9,64,0.1147
device,host,4,fp32,4,copysign,262144,6.8673,145617168,1747.4,64,0.1152
device,host,4,fp32,4,min,262144,6.8573,145830941,1750.0,64,0.1150
device,host,4,fp32,4,max,262144,6.8645,145676488,1748.1,64,0.1152
device,host,4,fp32,4,minnum,262144,6.8485,146018264,1752.2,64,0.1149
device,host,4,fp32,4,maxnum,262144,6.8549,145881656,1750.6,64,0.1150
device,host,4,fp32,4,cmplt,262144,6.8545,145888839,1750.7,64,0.1150
device,host,4,fp32,4,cmple,262144,6.8630,145707995,1748.5,64,0.1151
device,host,4,fp32,4,cmpeq,262144,6.8645,145677849,1748.1,64,0.1152
device,host,4,fp32,4,select,262144,6.8981,144967160,2319.5,64,0.1157
device,host,4,fp32,4,iand,262144,7.0301,142245802,1706.9,64,0.1179
device,host,4,fp32,4,ior,262144,7.0308,142230984,1706.8,64,0.1180
device,host,4,fp32,4,ixor,262144,7.0266,142315610,1707.8,64,0.1179
device,host,4,fp32,4,iadd,262144,7.0721,141399724,1696.8,64,0.1187
device,host,4,fp32,4,isub,262144,7.0942,140960439,1691.5,64,0.1190
device,host,4,fp32,4,ishl,262144,7.0339,142169606,1706.0,64,0.1180
device,host,4,fp32,4,ishr,262144,6.8183,146663114,1760.0,64,0.1144
device,host,4,fp32,4,icmplt,262144,6.1854,161669795,1940.0,64,0.1038
device,host,4,fp32,4,add,262144,6.0222,166050900,1992.6,64,0.1010
device,host,4,fp32,4,sub,262144,6.1414,162828488,1953.9,64,0.1030
device,host,4,fp32,4,mul,262144,6.0938,164100628,1969.2,64,0.1022
device,host,4,fp32,4,fma,262144,6.4395,155292496,2484.7,64,0.1080
device,resident,4,fp32,4,abs,262144,0.5669,1763897218,14111.2,867,0.1289
device,resident,4,fp32,4,neg,262144,0.5758,1736749212,13894.0,827,0.1248
device,resident,4,fp32,4,copysign,262144,0.5756,1737228250,20846.7,828,0.1249
device,resident,4,fp32,4,min,262144,0.5731,1744988046,20939.9,831,0.1248
device,resident,4,fp32,4,max,262144,0.5729,1745543511,20946.5,831,0.1248
device,resident,4,fp32,4,minnum,262144,0.5729,1745459868,20945.5,829,0.1245
device,resident,4,fp32,4,maxnum,262144,0.5722,1747696561,20972.4,832,0.1248
device,resident,4,fp32,4,cmplt,262144,0.5743,1741110102,20893.3,832,0.1253
device,resident,4,fp32,4,cmple,262144,0.5752,1738391629,20860.7,832,0.1255
device,resident,4,fp32,4,cmpeq,262144,0.5747,1739974000,20879.7,829,0.1249
device,resident,4,fp32,4,select,262144,0.5748,1739884594,27838.2,827,0.1246
device,resident,4,fp32,4,iand,262144,0.5743,1741271564,20895.3,829,0.1248
device,resident,4,fp32,4,ior,262144,0.5752,1738442406,20861.3,829,0.1250
device,resident,4,fp32,4,ixor,262144,0.5752,1738409758,20860.9,830,0.1252
device,resident,4,fp32,4,iadd,262144,0.5761,1735865571,20830.4,830,0.1253
device,resident,4,fp32,4,isub,262144,0.5753,1738169541,20858.0,828,0.1249
device,resident,4,fp32,4,ishl,262144,0.5721,1747793571,20973.5,833,0.1249
device,resident,4,fp32,4,ishr,262144,0.5725,1746839996,20962.1,835,0.1253
device,resident,4,fp32,4,icmplt,262144,0.5731,1744912359,20938.9,831,0.1248
device,resident,4,fp32,4,add,262144,0.5735,1743799535,20925.6,829,0.1246
device,resident,4,fp32,4,sub,262144,0.5772,1732472725,20789.7,836,0.1265
device,resident,4,fp32,4,mul,262144,0.5775,1731707938,20780.5,826,0.1250
device,resident,4,fp32,4,fma,262144,0.5758,1736593861,27785.5,818,0.1235
software,host,0,fp32,4,abs,524288,34.6119,28891795,231.1,7,0.1270
software,host,0,fp32,4,neg,524288,40.3264,24797667,198.4,6,0.1269
software,host,0,fp32,4,copysign,524288,41.2530,24240677,290.9,6,0.1298
software,host,0,fp32,4,min,524288,79.7507,12539074,150.5,3,0.1254
software,host,0,fp32,4,max,524288,79.7652,12536800,150.4,3,0.1255
software,host,0,fp32,4,minnum,524288,80.1465,12477144,149.7,3,0.1261
software,host,0,fp32,4,maxnum,524288,80.0663,12489655,149.9,3,0.1259
software,host,0,fp32,4,cmplt,524288,100.4108,9959089,119.5,3,0.1579
software,host,0,fp32,4,cmple,524288,101.2549,9876063,118.5,3,0.1593
software,host,0,fp32,4,cmpeq,524288,84.1273,11886742,142.6,3,0.1323
software,host,0,fp32,4,select,524288,38.0883,26254810,420.1,7,0.1398
software,host,0,fp32,4,iand,524288,31.8987,31349243,376.2,8,0.1338
software,host,0,fp32,4,ior,524288,32.4737,30794146,369.5,8,0.1362
software,host,0,fp32,4,ixor,524288,31.8669,31380486,376.6,8,0.1337
software,host,0,fp32,4,iadd,524288,38.2143,26168201,314.0,7,0.1402
software,host,0,fp32,4,isub,524288,47.4827,21060300,252.7,6,0.1494
software,host,0,fp32,4,ishl,524288,43.7446,22859952,274.3,6,0.1376
software,host,0,fp32,4,ishr,524288,35.8920,27861386,334.3,7,0.1317
software,host,0,fp32,4,icmplt,524288,44.9996,22222422,266.7,6,0.1416
software,host,0,fp32,4,add,524288,295.8772,3379781,40.6,1,0.1551
software,host,0,fp32,4,sub,524288,306.9807,3257533,39.1,1,0.1609
software,host,0,fp32,4,mul,524288,227.7475,4390828,52.7,1,0.1194
software,host,0,fp32,4,fma,524288,266.4033,3753708,60.1,1,0.1397
device,host,1,fp32,4,abs,524288,6.1651,162202884,1297.6,48,0.1552
device,host,1,fp32,4,neg,524288,6.4659,154657278,1237.3,37,0.1254
device,host,1,fp32,4,copysign,524288,6.4501,155037472,1860.4,37,0.1251
device,host,1,fp32,4,min,524288,6.4349,155403549,1864.8,37,0.1248
device,host,1,fp32,4,max,524288,6.4521,154988045,1859.9,37,0.1252
device,host,1,fp32,4,minnum,524288,6.4558,154899733,1858.8,37,0.1252
device,host,1,fp32,4,maxnum,524288,6.4450,155160116,1861.9,37,0.1250
device,host,1,fp32,4,cmplt,524288,6.4541,154940275,1859.3,37,0.1252
device,host,1,fp32,4,cmple,524288,6.4605,154787375,1857.4,38,0.1287
device,host,1,fp32,4,cmpeq,524288,6.4531,154963468,1859.6,37,0.1252
device,host,1,fp32,4,select,524288,6.4767,154400452,2470.4,37,0.1256
device,host,1,fp32,4,iand,524288,6.5784,152011733,1824.1,37,0.1276
device,host,1,fp32,4,ior,524288,6.5648,152326514,1827.9,37,0.1273
device,host,1,fp32,4,ixor,524288,6.5575,152496178,1830.0,37,0.1272
device,host,1,fp32,4,iadd,524288,6.5466,152750047,1833.0,37,0.1270
device,host,1,fp32,4,isub,524288,6.5696,152216285,1826.6,36,0.1240
device,host,1,fp32,4,ishl,524288,6.5913,151716224,1820.6,36,0.1244
device,host,1,fp32,4,ishr,524288,6.5749,152093119,1825.1,37,0.1275
device,host,1,fp32,4,icmplt,524288,6.5701,152205327,1826.5,37,0.1275
device,host,1,fp32,4,add,524288,6.5809,151954960,1823.5,37,0.1277
device,host,1,fp32,4,sub,524288,6.5486,152704855,1832.5,36,0.1236
device,host,1,fp32,4,mul,524288,6.5791,151995432,1823.9,37,0.1276
device,host,1,fp32,4,fma,524288,6.5518,152629162,2442.1,37,0.1271
device,resident,1,fp32,4,abs,524288,1.3666,731764401,5854.1,182,0.1304
device,resident,1,fp32,4,neg,524288,1.3691,730396936,5843.2,174,0.1249
device,resident,1,fp32,4,copysign,524288,1.3858,721605335,8659.3,173,0.1257
device,resident,1,fp32,4,min,524288,1.3823,723448996,8681.4,173,0.1254
device,resident,1,fp32,4,max,524288,1.3791,725115028,8701.4,173,0.1251
device,resident,1,fp32,4,minnum,524288,1.3707,729556925,8754.7,174,0.1250
device,resident,1,fp32,4,maxnum,524288,1.3689,730498118,8766.0,174,0.1249
device,resident,1,fp32,4,cmplt,524288,1.3697,730081262,8761.0,175,0.1257
device,resident,1,fp32,4,cmple,524288,1.3711,729364523,8752.4,175,0.1258
device,resident,1,fp32,4,cmpeq,524288,1.3723,728705403,8744.5,174,0.1252
device,resident,1,fp32,4,select,524288,1.3668,731654345,11706.5,174,0.1247
device,resident,1,fp32,4,iand,524288,1.3690,730446950,8765.4,174,0.1249
device,resident,1,fp32,4,ior,524288,1.3677,731162598,8774.0,175,0.1255
device,resident,1,fp32,4,ixor,524288,1.3692,730343022,8764.1,174,0.1249
device,resident,1,fp32,4,iadd,524288,1.3682,730886321,8770.6,175,0.1255
device,resident,1,fp32,4,isub,524288,1.3703,729783110,8757.4,175,0.1257
device,resident,1,fp32,4,ishl,524288,1.3702,729843152,8758.1,175,0.1257
device,resident,1,fp32,4,ishr,524288,1.3691,730385885,8764.6,175,0.1256
device,resident,1,fp32,4,icmplt,524288,1.3695,730185637,8762.2,174,0.1249
device,resident,1,fp32,4,add,524288,1.3695,730215031,8762.6,175,0.1256
device,resident,1,fp32,4,sub,524288,1.3669,731563383,8778.8,175,0.1254
device,resident,1,fp32,4,mul,524288,1.3675,731258494,8775.1,175,0.1255
device,resident,1,fp32,4,fma,524288,1.3698,730040541,11680.6,174,0.1250
device,host,4,fp32,4,abs,524288,4.6338,215805879,1726.4,63,0.1531
device,host,4,fp32,4,neg,524288,5.4945,182000957,1456.0,46,0.1325
device,host,4,fp32,4,copysign,524288,5.7069,175227657,2102.7,42,0.1257
device,host,4,fp32,4,min,524288,5.7141,175004310,2100.1,42,0.1258
device,host,4,fp32,4,max,524288,5.7222,174757382,2097.1,42,0.1260
device,host,4,fp32,4,minnum,524288,5.7225,174747701,2097.0,42,0.1260
device,host,4,fp32,4,maxnum,524288,5.7212,174789619,2097.5,42,0.1260
device,host,4,fp32,4,cmplt,524288,5.7201,174821404,2097.9,42,0.1260
device,host,4,fp32,4,cmple,524288,5.7169,174919860,2099.0,42,0.1259
device,host,4,fp32,4,cmpeq,524288,5.7144,174996995,2100.0,42,0.1258
device,host,4,fp32,4,select,524288,5.7133,175031208,2800.5,42,0.1258
device,host,4,fp32,4,iand,524288,5.7116,175082449,2101.0,42,0.1258
device,host,4,fp32,4,ior,524288,5.7120,175070150,2100.8,42,0.1258
device,host,4,fp32,4,ixor,524288,5.7194,174842121,2098.1,42,0.1259
device,host,4,fp32,4,iadd,524288,5.7224,174750677,2097.0,42,0.1260
device,host,4,fp32,4,isub,524288,5.7213,174785146,2097.4,42,0.1260
device,host,4,fp32,4,ishl,524288,5.7224,174753229,2097.0,42,0.1260
device,host,4,fp32,4,ishr,524288,5.7222,174758830,2097.1,42,0.1260
device,host,4,fp32,4,icmplt,524288,5.7128,175044886,2100.5,42,0.1258
device,host,4,fp32,4,add,524288,5.8036,172305548,2067.7,43,0.1308
device,host,4,fp32,4,sub,524288,5.6083,178307708,2139.7,41,0.1206
device,host,4,fp32,4,mul,524288,5.2311,191165510,2294.0,44,0.1207
device,host,4,fp32,4,fma,524288,5.7263,174631372,2794.1,46,0.1381
device,resident,4,fp32,4,abs,524288,0.4248,2354032276,18832.3,569,0.1267
device,resident,4,fp32,4,neg,524288,0.4318,2315659174,18525.3,553,0.1252
device,resident,4,fp32,4,copysign,524288,0.4288,2332054174,27984.7,553,0.1243
device,resident,4,fp32,4,min,524288,0.4280,2336535339,28038.4,558,0.1252
device,resident,4,fp32,4,max,524288,0.4296,2327607609,27931.3,556,0.1252
device,resident,4,fp32,4,minnum,524288,0.4306,2322457682,27869.5,558,0.1260
device,resident,4,fp32,4,maxnum,524288,0.4309,2320479392,27845.8,552,0.1247
device,resident,4,fp32,4,cmplt,524288,0.4308,2321326712,27855.9,555,0.1254
device,resident,4,fp32,4,cmple,524288,0.4316,2316785813,27801.4,552,0.1249
device,resident,4,fp32,4,cmpeq,524288,0.4319,2315445026,27785.3,552,0.1250
device,resident,4,fp32,4,select,524288,0.4303,2323948415,37183.2,552,0.1245
device,resident,4,fp32,4,iand,524288,0.4320,2314793046,27777.5,555,0.1257
device,resident,4,fp32,4,ior,524288,0.4305,2322630569,27871.6,552,0.1246
device,resident,4,fp32,4,ixor,524288,0.4310,2320101676,27841.2,554,0.1252
device,resident,4,fp32,4,iadd,524288,0.4315,2317441903,27809.3,554,0.1253
device,resident,4,fp32,4,isub,524288,0.4309,2320551129,27846.6,553,0.1249
device,resident,4,fp32,4,ishl,524288,0.4310,2320149609,27841.8,553,0.1250
device,resident,4,fp32,4,ishr,524288,0.4314,2318032589,27816.4,553,0.1251
device,resident,4,fp32,4,icmplt,524288,0.4314,2318190312,27818.3,556,0.1257
device,resident,4,fp32,4,add,524288,0.4316,2316924738,27803.1,553,0.1251
device,resident,4,fp32,4,sub,524288,0.4316,2317084785,27805.0,552,0.1249
device,resident,4,fp32,4,mul,524288,0.4313,2318606362,27823.3,554,0.1253
device,resident,4,fp32,4,fma,524288,0.4314,2317912774,37086.6,554,0.1253
software,host,0,fp32,4,abs,1048576,34.7631,28766128,230.1,4,0.1458
software,host,0,fp32,4,neg,1048576,40.3843,24762082,198.1,3,0.1270
software,host,0,fp32,4,copysign,1048576,41.1213,24318325,291.8,3,0.1294
software,host,0,fp32,4,min,1048576,79.7190,12544055,150.5,2,0.1672
software,host,0,fp32,4,max,1048576,79.5863,12564979,150.8,2,0.1669
software,host,0,fp32,4,minnum,1048576,80.0025,12499606,150.0,2,0.1678
software,host,0,fp32,4,maxnum,1048576,80.2881,12455148,149.5,2,0.1684
software,host,0,fp32,4,cmplt,1048576,104.5757,9562447,114.7,1,0.1097
software,host,0,fp32,4,cmple,1048576,113.5249,8808641,105.7,1,0.1190
software,host,0,fp32,4,cmpeq,1048576,84.1106,11889107,142.7,2,0.1764
software,host,0,fp32,4,select,1048576,37.9770,26331712,421.3,4,0.1593
software,host,0,fp32,4,iand,1048576,31.9198,31328558,375.9,4,0.1339
software,host,0,fp32,4,ior,1048576,32.7503,30534109,366.4,4,0.1374
software,host,0,fp32,4,ixor,1048576,31.8443,31402798,376.8,4,0.1336
software,host,0,fp32,4,iadd,1048576,38.1431,26217054,314.6,4,0.1600
software,host,0,fp32,4,isub,1048576,47.7770,20930585,251.2,3,0.1503
software,host,0,fp32,4,ishl,1048576,43.8781,22790419,273.5,3,0.1380
software,host,0,fp32,4,ishr,1048576,35.8172,27919527,335.0,4,0.1502
software,host,0,fp32,4,icmplt,1048576,45.1002,22172862,266.1,3,0.1419
software,host,0,fp32,4,add,1048576,295.8581,3379999,40.6,1,0.3102
software,host,0,fp32,4,sub,1048576,307.0252,3257061,39.1,1,0.3219
software,host,0,fp32,4,mul,1048576,227.9275,4387360,52.6,1,0.2390
software,host,0,fp32,4,fma,1048576,266.3684,3754200,60.1,1,0.2793
device,host,1,fp32,4,abs,1048576,5.9547,167934697,1343.5,24,0.1499
device,host,1,fp32,4,neg,1048576,6.1976,161353881,1290.8,20,0.1300
device,host,1,fp32,4,copysign,1048576,6.1972,161364014,1936.4,20,0.1300
device,host,1,fp32,4,min,1048576,6.1935,161460234,1937.5,19,0.1234
device,host,1,fp32,4,max,1048576,6.1995,161303048,1935.6,20,0.1300
device,host,1,fp32,4,minnum,1048576,6.1926,161482606,1937.8,20,0.1299
device,host,1,fp32,4,maxnum,1048576,6.1826,161744001,1940.9,20,0.1297
device,host,1,fp32,4,cmplt,1048576,6.1889,161580494,1939.0,20,0.1298
device,host,1,fp32,4,cmple,1048576,6.1927,161480893,1937.8,20,0.1299
device,host,1,fp32,4,cmpeq,1048576,6.2058,161139414,1933.7,20,0.1301
device,host,1,fp32,4,select,1048576,6.1866,161638983,2586.2,20,0.1297
device,host,1,fp32,4,iand,1048576,6.2077,161089981,1933.1,20,0.1302
device,host,1,fp32,4,ior,1048576,6.1900,161549767,1938.6,20,0.1298
device,host,1,fp32,4,ixor,1048576,6.1951,161417256,1937.0,20,0.1299
device,host,1,fp32,4,iadd,1048576,6.1978,161347639,1936.2,20,0.1300
device,host,1,fp32,4,isub,1048576,6.1983,161334905,1936.0,20,0.1300
device,host,1,fp32,4,ishl,1048576,6.1947,161428684,1937.1,20,0.1299
device,host,1,fp32,4,ishr,1048576,6.1830,161734043,1940.8,20,0.1297
device,host,1,fp32,4,icmplt,1048576,6.1957,161401502,1936.8,20,0.1299
device,host,1,fp32,4,add,1048576,6.1881,161601491,1939.2,20,0.1298
device,host,1,fp32,4,sub,1048576,6.1948,161424549,1937.1,20,0.1299
device,host,1,fp32,4,mul,1048576,6.1951,161419007,1937.0,20,0.1299
device,host,1,fp32,4,fma,1048576,6.1981,161339820,2581.4,20,0.1300
device,resident,1,fp32,4,abs,1048576,1.2715,786451686,6291.6,95,0.1267
device,resident,1,fp32,4,neg,1048576,1.2744,784696885,6277.6,95,0.1269
device,resident,1,fp32,4,copysign,1048576,1.2726,785798001,9429.6,94,0.1254
device,resident,1,fp32,4,min,1048576,1.2705,787094606,9445.1,94,0.1252
device,resident,1,fp32,4,max,1048576,1.2679,788674952,9464.1,95,0.1263
device,resident,1,fp32,4,minnum,1048576,1.2677,788824520,9465.9,94,0.1250
device,resident,1,fp32,4,maxnum,1048576,1.2712,786642908,9439.7,94,0.1253
device,resident,1,fp32,4,cmplt,1048576,1.2693,787856165,9454.3,94,0.1251
device,resident,1,fp32,4,cmple,1048576,1.2681,788570303,9462.8,94,0.1250
device,resident,1,fp32,4,cmpeq,1048576,1.2701,787348571,9448.2,95,0.1265
device,resident,1,fp32,4,select,1048576,1.2688,788161925,12610.6,94,0.1251
device,resident,1,fp32,4,iand,1048576,1.2682,788528180,9462.3,94,0.1250
device,resident,1,fp32,4,ior,1048576,1.2714,786506120,9438.1,94,0.1253
device,resident,1,fp32,4,ixor,1048576,1.2706,787013968,9444.2,94,0.1252
device,resident,1,fp32,4,iadd,1048576,1.2716,786386454,9436.6,95,0.1267
device,resident,1,fp32,4,isub,1048576,1.2705,787069673,9444.8,94,0.1252
device,resident,1,fp32,4,ishl,1048576,1.2713,786625380,9439.5,94,0.1253
device,resident,1,fp32,4,ishr,1048576,1.2719,786214994,9434.6,94,0.1254
device,resident,1,fp32,4,icmplt,1048576,1.2719,786224219,9434.7,94,0.1254
device,resident,1,fp32,4,add,1048576,1.2710,786752388,9441.0,94,0.1253
device,resident,1,fp32,4,sub,1048576,1.2718,786274500,9435.3,94,0.1254
device,resident,1,fp32,4,mul,1048576,1.2693,787858294,9454.3,94,0.1251
device,resident,1,fp32,4,fma,1048576,1.2692,787923554,12606.8,94,0.1251
device,host,4,fp32,4,abs,1048576,4.8076,208005906,1664.0,32,0.1613
device,host,4,fp32,4,neg,1048576,5.9568,167876106,1343.0,21,0.1312
device,host,4,fp32,4,copysign,1048576,5.9588,167817950,2013.8,21,0.1312
device,host,4,fp32,4,min,1048576,5.9565,167884917,2014.6,21,0.1312
device,host,4,fp32,4,max,1048576,5.9616,167740446,2012.9,20,0.1250
device,host,4,fp32,4,minnum,1048576,5.9672,167582897,2011.0,20,0.1251
device,host,4,fp32,4,maxnum,1048576,5.9464,168167816,2018.0,20,0.1247
device,host,4,fp32,4,cmplt,1048576,5.9420,168292177,2019.5,21,0.1308
device,host,4,fp32,4,cmple,1048576,5.9346,168503425,2022.0,21,0.1307
device,host,4,fp32,4,cmpeq,1048576,5.9567,167879376,2014.6,21,0.1312
device,host,4,fp32,4,select,1048576,5.9538,167960390,2687.4,21,0.1311
device,host,4,fp32,4,iand,1048576,5.9610,167756445,2013.1,21,0.1313
device,host,4,fp32,4,ior,1048576,5.9316,168588342,2023.1,21,0.1306
device,host,4,fp32,4,ixor,1048576,5.9510,168038896,2016.5,20,0.1248
device,host,4,fp32,4,iadd,1048576,5.9538,167959787,2015.5,21,0.1311
device,host,4,fp32,4,isub,1048576,5.9449,168211373,2018.5,21,0.1309
device,host,4,fp32,4,ishl,1048576,5.9545,167940283,2015.3,21,0.1311
device,host,4,fp32,4,ishr,1048576,5.9383,168399694,2020.8,20,0.1245
device,host,4,fp32,4,icmplt,1048576,5.9343,168512359,2022.1,21,0.1307
device,host,4,fp32,4,add,1048576,5.9466,168164299,2018.0,20,0.1247
device,host,4,fp32,4,sub,1048576,5.9323,168567333,2022.8,21,0.1306
device,host,4,fp32,4,mul,1048576,5.9081,169260187,2031.1,21,0.1301
device,host,4,fp32,4,fma,1048576,5.9122,169141240,2706.3,21,0.1302
device,resident,4,fp32,4,abs,1048576,0.3945,2534577320,20276.6,322,0.1332
device,resident,4,fp32,4,neg,1048576,0.4092,2443688064,19549.5,297,0.1274
device,resident,4,fp32,4,copysign,1048576,0.4087,2446754407,29361.1,293,0.1256
device,resident,4,fp32,4,min,1048576,0.4047,2470932388,29651.2,291,0.1235
device,resident,4,fp32,4,max,1048576,0.4019,2488021172,29856.3,295,0.1243
device,resident,4,fp32,4,minnum,1048576,0.3972,2517640786,30211.7,297,0.1237
device,resident,4,fp32,4,maxnum,1048576,0.4004,2497362205,29968.3,303,0.1272
device,resident,4,fp32,4,cmplt,1048576,0.4068,2458498857,29502.0,302,0.1288
device,resident,4,fp32,4,cmple,1048576,0.4080,2451171947,29414.1,301,0.1288
device,resident,4,fp32,4,cmpeq,1048576,0.4070,2457185125,29486.2,299,0.1276
device,resident,4,fp32,4,select,1048576,0.4082,2450017444,39200.3,300,0.1284
device,resident,4,fp32,4,iand,1048576,0.4076,2453266477,29439.2,300,0.1282
device,resident,4,fp32,4,ior,1048576,0.4098,2440286680,29283.4,300,0.1289
device,resident,4,fp32,4,ixor,1048576,0.4065,2459873237,29518.5,301,0.1283
device,resident,4,fp32,4,iadd,1048576,0.4073,2455022124,29460.3,298,0.1273
device,resident,4,fp32,4,isub,1048576,0.4056,2465628107,29587.5,298,0.1267
device,resident,4,fp32,4,ishl,1048576,0.4113,2431052301,29172.6,300,0.1294
device,resident,4,fp32,4,ishr,1048576,0.4078,2452463438,29429.6,298,0.1274
device,resident,4,fp32,4,icmplt,1048576,0.4066,2459241445,29510.9,301,0.1283
device,resident,4,fp32,4,add,1048576,0.4080,2451010041,29412.1,299,0.1279
device,resident,4,fp32,4,sub,1048576,0.4044,2472690494,29672.3,302,0.1281
device,resident,4,fp32,4,mul,1048576,0.4087,2446528990,29358.3,299,0.1282
device,resident,4,fp32,4,fma,1048576,0.4090,2444858017,39117.7,301,0.1291
software,host,0,fp32,4,abs,2097152,34.4956,28989170,231.9,2,0.1447
software,host,0,fp32,4,neg,2097152,40.3383,24790334,198.3,2,0.1692
software,host,0,fp32,4,copysign,2097152,41.5363,24075341,288.9,2,0.1742
software,host,0,fp32,4,min,2097152,79.8960,12516276,150.2,1,0.1676
software,host,0,fp32,4,max,2097152,79.6536,12554364,150.7,1,0.1670
software,host,0,fp32,4,minnum,2097152,80.0151,12497647,150.0,1,0.1678
software,host,0,fp32,4,maxnum,2097152,80.0603,12490582,149.9,1,0.1679
software,host,0,fp32,4,cmplt,2097152,100.5036,9949889,119.4,1,0.2108
software,host,0,fp32,4,cmple,2097152,101.1458,9886715,118.6,1,0.2121
software,host,0,fp32,4,cmpeq,2097152,84.0967,11891077,142.7,1,0.1764
software,host,0,fp32,4,select,2097152,38.1086,26240800,419.9,2,0.1598
software,host,0,fp32,4,iand,2097152,31.8884,31359320,376.3,2,0.1337
software,host,0,fp32,4,ior,2097152,32.4611,30806118,369.7,2,0.1362
software,host,0,fp32,4,ixor,2097152,31.8414,31405630,376.9,2,0.1336
software,host,0,fp32,4,iadd,2097152,38.0665,26269802,315.2,2,0.1597
software,host,0,fp32,4,isub,2097152,47.5555,21028063,252.3,2,0.1995
software,host,0,fp32,4,ishl,2097152,43.8256,22817729,273.8,2,0.1838
software,host,0,fp32,4,ishr,2097152,36.7161,27236040,326.8,2,0.1540
software,host,0,fp32,4,icmplt,2097152,51.0716,19580366,235.0,1,0.1071
software,host,0,fp32,4,add,2097152,295.1199,3388453,40.7,1,0.6189
software,host,0,fp32,4,sub,2097152,307.4501,3252561,39.0,1,0.6448
software,host,0,fp32,4,mul,2097152,227.8685,4388495,52.7,1,0.4779
software,host,0,fp32,4,fma,2097152,266.2005,3756567,60.1,1,0.5583
device,host,1,fp32,4,abs,2097152,4.6752,213896040,1711.2,16,0.1569
device,host,1,fp32,4,neg,2097152,5.5172,181251331,1450.0,11,0.1273
device,host,1,fp32,4,copysign,2097152,5.5138,181362730,2176.4,11,0.1272
device,host,1,fp32,4,min,2097152,5.5165,181275745,2175.3,11,0.1273
device,host,1,fp32,4,max,2097152,5.5099,181491847,2177.9,11,0.1271
device,host,1,fp32,4,minnum,2097152,5.5131,181386880,2176.6,11,0.1272
device,host,1,fp32,4,maxnum,2097152,5.5131,181384658,2176.6,11,0.1272
device,host,1,fp32,4,cmplt,2097152,5.5123,181412758,2177.0,11,0.1272
device,host,1,fp32,4,cmple,2097152,5.5180,181226098,2174.7,11,0.1273
device,host,1,fp32,4,cmpeq,2097152,5.5160,181291330,2175.5,11,0.1272
device,host,1,fp32,4,select,2097152,5.5188,181199428,2899.2,11,0.1273
device,host,1,fp32,4,iand,2097152,5.5134,181376221,2176.5,11,0.1272
device,host,1,fp32,4,ior,2097152,5.5208,181131766,2173.6,11,0.1274
device,host,1,fp32,4,ixor,2097152,5.5185,181207690,2174.5,11,0.1273
device,host,1,fp32,4,iadd,2097152,5.5285,180882089,2170.6,11,0.1275
device,host,1,fp32,4,isub,2097152,5.5073,181577410,2178.9,11,0.1270
device,host,1,fp32,4,ishl,2097152,5.5188,181200435,2174.4,11,0.1273
device,host,1,fp32,4,ishr,2097152,5.5173,181249495,2175.0,11,0.1273
device,host,1,fp32,4,icmplt,2097152,5.5166,181271845,2175.3,11,0.1273
device,host,1,fp32,4,add,2097152,5.5116,181433886,2177.2,11,0.1271
device,host,1,fp32,4,sub,2097152,5.5170,181258772,2175.1,11,0.1273
device,host,1,fp32,4,mul,2097152,5.5148,181331700,2176.0,11,0.1272
device,host,1,fp32,4,fma,2097152,5.5171,181253221,2900.1,11,0.1273
device,resident,1,fp32,4,abs,2097152,1.2063,828951343,6631.6,50,0.1265
device,resident,1,fp32,4,neg,2097152,1.2125,824716334,6597.7,50,0.1271
device,resident,1,fp32,4,copysign,2097152,1.2140,823739661,9884.9,50,0.1273
device,resident,1,fp32,4,min,2097152,1.2153,822837772,9874.1,50,0.1274
device,resident,1,fp32,4,max,2097152,1.2149,823094620,9877.1,50,0.1274
device,resident,1,fp32,4,minnum,2097152,1.2114,825483321,9905.8,50,0.1270
device,resident,1,fp32,4,maxnum,2097152,1.2122,824973591,9899.7,50,0.1271
device,resident,1,fp32,4,cmplt,2097152,1.2117,825289034,9903.5,50,0.1271
device,resident,1,fp32,4,cmple,2097152,1.2114,825469096,9905.6,50,0.1270
device,resident,1,fp32,4,cmpeq,2097152,1.2112,825607937,9907.3,50,0.1270
device,resident,1,fp32,4,select,2097152,1.2110,825761143,13212.2,50,0.1270
device,resident,1,fp32,4,iand,2097152,1.2114,825509043,9906.1,50,0.1270
device,resident,1,fp32,4,ior,2097152,1.2112,825642007,9907.7,50,0.1270
device,resident,1,fp32,4,ixor,2097152,1.2109,825857274,9910.3,50,0.1270
device,resident,1,fp32,4,iadd,2097152,1.2117,825292802,9903.5,50,0.1271
device,resident,1,fp32,4,isub,2097152,1.2112,825653313,9907.8,50,0.1270
device,resident,1,fp32,4,ishl,2097152,1.2116,825326954,9903.9,49,0.1245
device,resident,1,fp32,4,ishr,2097152,1.2117,825281051,9903.4,50,0.1271
device,resident,1,fp32,4,icmplt,2097152,1.2118,825245607,9902.9,50,0.1271
device,resident,1,fp32,4,add,2097152,1.2118,825230429,9902.8,50,0.1271
device,resident,1,fp32,4,sub,2097152,1.2121,825045960,9900.6,50,0.1271
device,resident,1,fp32,4,mul,2097152,1.2120,825070012,9900.8,50,0.1271
device,resident,1,fp32,4,fma,2097152,1.2112,825653384,13210.5,50,0.1270
device,host,4,fp32,4,abs,2097152,5.0778,196935619,1575.5,13,0.1384
device,host,4,fp32,4,neg,2097152,6.2955,158843385,1270.7,11,0.1452
device,host,4,fp32,4,copysign,2097152,6.9080,144759815,1737.1,10,0.1449
device,host,4,fp32,4,min,2097152,6.7312,148561124,1782.7,9,0.1270
device,host,4,fp32,4,max,2097152,6.8631,145705715,1748.5,9,0.1295
device,host,4,fp32,4,minnum,2097152,6.8282,146451006,1757.4,9,0.1289
device,host,4,fp32,4,maxnum,2097152,6.9863,143136804,1717.6,10,0.1465
device,host,4,fp32,4,cmplt,2097152,7.0556,141731509,1700.8,9,0.1332
device,host,4,fp32,4,cmple,2097152,6.9678,143516487,1722.2,9,0.1315
device,host,4,fp32,4,cmpeq,2097152,6.9489,143908417,1726.9,9,0.1312
device,host,4,fp32,4,select,2097152,6.0433,165472017,2647.6,10,0.1267
device,host,4,fp32,4,iand,2097152,6.1606,162322730,1947.9,10,0.1292
device,host,4,fp32,4,ior,2097152,6.6955,149353024,1792.2,10,0.1404
device,host,4,fp32,4,ixor,2097152,6.8594,145785984,1749.4,9,0.1295
device,host,4,fp32,4,iadd,2097152,7.2288,138335960,1660.0,9,0.1364
device,host,4,fp32,4,isub,2097152,7.1667,139533788,1674.4,9,0.1353
device,host,4,fp32,4,ishl,2097152,7.0017,142821828,1713.9,9,0.1322
device,host,4,fp32,4,ishr,2097152,7.0530,141784091,1701.4,9,0.1331
device,host,4,fp32,4,icmplt,2097152,7.0682,141479159,1697.7,9,0.1334
device,host,4,fp32,4,add,2097152,7.0658,141526982,1698.3,9,0.1334
device,host,4,fp32,4,sub,2097152,7.0568,141706637,1700.5,9,0.1332
device,host,4,fp32,4,mul,2097152,7.0541,141761331,1701.1,9,0.1331
device,host,4,fp32,4,fma,2097152,6.9209,144489527,2311.8,9,0.1306
device,resident,4,fp32,4,abs,2097152,0.3452,2896983642,23175.9,180,0.1303
device,resident,4,fp32,4,neg,2097152,0.3480,2873327070,22986.6,170,0.1241
device,resident,4,fp32,4,copysign,2097152,0.3485,2869764087,34437.2,173,0.1264
device,resident,4,fp32,4,min,2097152,0.3520,2841122151,34093.5,172,0.1270
device,resident,4,fp32,4,max,2097152,0.3521,2839760250,34077.1,171,0.1263
device,resident,4,fp32,4,minnum,2097152,0.3519,2841725379,34100.7,171,0.1262
device,resident,4,fp32,4,maxnum,2097152,0.3524,2837751509,34053.0,171,0.1264
device,resident,4,fp32,4,cmplt,2097152,0.3517,2843408875,34120.9,170,0.1254
device,resident,4,fp32,4,cmple,2097152,0.3521,2840350844,34084.2,171,0.1263
device,resident,4,fp32,4,cmpeq,2097152,0.3521,2839715972,34076.6,171,0.1263
device,resident,4,fp32,4,select,2097152,0.3525,2836857298,45389.7,171,0.1264
device,resident,4,fp32,4,iand,2097152,0.3525,2837189738,34046.3,171,0.1264
device,resident,4,fp32,4,ior,2097152,0.3522,2839462997,34073.6,171,0.1263
device,resident,4,fp32,4,ixor,2097152,0.3521,2840249409,34083.0,171,0.1263
device,resident,4,fp32,4,iadd,2097152,0.3523,2838790051,34065.5,171,0.1263
device,resident,4,fp32,4,isub,2097152,0.3525,2836695012,34040.3,171,0.1264
device,resident,4,fp32,4,ishl,2097152,0.3525,2837144127,34045.7,171,0.1264
device,resident,4,fp32,4,ishr,2097152,0.3521,2840491905,34085.9,171,0.1263
device,resident,4,fp32,4,icmplt,2097152,0.3522,2839214543,34070.6,171,0.1263
device,resident,4,fp32,4,add,2097152,0.3519,2842009139,34104.1,171,0.1262
device,resident,4,fp32,4,sub,2097152,0.3525,2837015698,34044.2,171,0.1264
device,resident,4,fp32,4,mul,2097152,0.3524,2837470484,34049.6,171,0.1264
device,resident,4,fp32,4,fma,2097152,0.3528,2834381285,45350.1,171,0.1265
software,host,0,fp32,4,abs,4194304,34.9033,28650600,229.2,1,0.1464
software,host,0,fp32,4,neg,4194304,40.8703,24467620,195.7,1,0.1714
software,host,0,fp32,4,copysign,4194304,47.1753,21197547,254.4,1,0.1979
software,host,0,fp32,4,min,4194304,79.9110,12513927,150.2,1,0.3352
software,host,0,fp32,4,max,4194304,80.2433,12462097,149.5,1,0.3366
software,host,0,fp32,4,minnum,4194304,80.0824,12487133,149.8,1,0.3359
software,host,0,fp32,4,maxnum,4194304,80.0842,12486857,149.8,1,0.3359
software,host,0,fp32,4,cmplt,4194304,100.3310,9967011,119.6,1,0.4208
software,host,0,fp32,4,cmple,4194304,101.3226,9869470,118.4,1,0.4250
software,host,0,fp32,4,cmpeq,4194304,84.1645,11881488,142.6,1,0.3530
software,host,0,fp32,4,select,4194304,38.0757,26263446,420.2,1,0.1597
software,host,0,fp32,4,iand,4194304,32.0370,31213893,374.6,1,0.1344
software,host,0,fp32,4,ior,4194304,32.4337,30832165,370.0,1,0.1360
software,host,0,fp32,4,ixor,4194304,31.8980,31349967,376.2,1,0.1338
software,host,0,fp32,4,iadd,4194304,38.0350,26291569,315.5,1,0.1595
software,host,0,fp32,4,isub,4194304,47.4678,21066931,252.8,1,0.1991
software,host,0,fp32,4,ishl,4194304,43.8538,22803049,273.6,1,0.1839
software,host,0,fp32,4,ishr,4194304,35.9953,27781418,333.4,1,0.1510
software,host,0,fp32,4,icmplt,4194304,45.1201,22163056,266.0,1,0.1892
software,host,0,fp32,4,add,4194304,294.7855,3392297,40.7,1,1.2364
software,host,0,fp32,4,sub,4194304,307.9557,3247220,39.0,1,1.2917
software,host,0,fp32,4,mul,4194304,228.3076,4380056,52.6,1,0.9576
software,host,0,fp32,4,fma,4194304,278.3248,3592925,57.5,1,1.1674
device,host,1,fp32,4,abs,4194304,4.6671,214264186,1714.1,7,0.1370
device,host,1,fp32,4,neg,4194304,5.7429,174127941,1393.0,6,0.1445
device,host,1,fp32,4,copysign,4194304,5.7218,174768853,2097.2,6,0.1440
device,host,1,fp32,4,min,4194304,5.7459,174036803,2088.4,6,0.1446
device,host,1,fp32,4,max,4194304,5.7326,174440965,2093.3,6,0.1443
device,host,1,fp32,4,minnum,4194304,5.7220,174764573,2097.2,6,0.1440
device,host,1,fp32,4,maxnum,4194304,5.7168,174923919,2099.1,6,0.1439
device,host,1,fp32,4,cmplt,4194304,5.7312,174483676,2093.8,6,0.1442
device,host,1,fp32,4,cmple,4194304,5.7382,174269940,2091.2,6,0.1444
device,host,1,fp32,4,cmpeq,4194304,5.7161,174944869,2099.3,6,0.1439
device,host,1,fp32,4,select,4194304,5.7396,174227590,2787.6,6,0.1444
device,host,1,fp32,4,iand,4194304,5.7169,174919325,2099.0,6,0.1439
device,host,1,fp32,4,ior,4194304,5.7466,174014546,2088.2,6,0.1446
device,host,1,fp32,4,ixor,4194304,5.7289,174554530,2094.7,6,0.1442
device,host,1,fp32,4,iadd,4194304,5.7442,174088752,2089.1,6,0.1446
device,host,1,fp32,4,isub,4194304,5.7248,174678811,2096.1,6,0.1441
device,host,1,fp32,4,ishl,4194304,5.7387,174254980,2091.1,6,0.1444
device,host,1,fp32,4,ishr,4194304,5.7533,173811803,2085.7,6,0.1448
device,host,1,fp32,4,icmplt,4194304,5.7099,175134553,2101.6,6,0.1437
device,host,1,fp32,4,add,4194304,5.7376,174289208,2091.5,6,0.1444
device,host,1,fp32,4,sub,4194304,5.7197,174835379,2098.0,6,0.1439
device,host,1,fp32,4,mul,4194304,5.7380,174275416,2091.3,6,0.1444
device,host,1,fp32,4,fma,4194304,5.7281,174579132,2793.3,6,0.1442
device,resident,1,fp32,4,abs,4194304,1.1813,846550638,6772.4,26,0.1288
device,resident,1,fp32,4,neg,4194304,1.1838,844720810,6757.8,26,0.1291
device,resident,1,fp32,4,copysign,4194304,1.1856,843482859,10121.8,26,0.1293
device,resident,1,fp32,4,min,4194304,1.1847,844101266,10129.2,26,0.1292
device,resident,1,fp32,4,max,4194304,1.1851,843817122,10125.8,26,0.1292
device,resident,1,fp32,4,minnum,4194304,1.1850,843867002,10126.4,26,0.1292
device,resident,1,fp32,4,maxnum,4194304,1.1848,844020159,10128.2,26,0.1292
device,resident,1,fp32,4,cmplt,4194304,1.1852,843765022,10125.2,26,0.1292
device,resident,1,fp32,4,cmple,4194304,1.1850,843861863,10126.3,26,0.1292
device,resident,1,fp32,4,cmpeq,4194304,1.1848,844014933,10128.2,26,0.1292
device,resident,1,fp32,4,select,4194304,1.1850,843890445,13502.2,26,0.1292
device,resident,1,fp32,4,iand,4194304,1.1850,843864442,10126.4,26,0.1292
device,resident,1,fp32,4,ior,4194304,1.1853,843681707,10124.2,26,0.1293
device,resident,1,fp32,4,ixor,4194304,1.1853,843636614,10123.6,26,0.1293
device,resident,1,fp32,4,iadd,4194304,1.1851,843814002,10125.8,25,0.1243
device,resident,1,fp32,4,isub,4194304,1.1857,843353271,10120.2,26,0.1293
device,resident,1,fp32,4,ishl,4194304,1.1854,843630329,10123.6,26,0.1293
device,resident,1,fp32,4,ishr,4194304,1.1844,844324338,10131.9,26,0.1292
device,resident,1,fp32,4,icmplt,4194304,1.1852,843725474,10124.7,26,0.1293
device,resident,1,fp32,4,add,4194304,1.1865,842822448,10113.9,26,0.1294
device,resident,1,fp32,4,sub,4194304,1.1850,843879997,10126.6,26,0.1292
device,resident,1,fp32,4,mul,4194304,1.1848,844017938,10128.2,26,0.1292
device,resident,1,fp32,4,fma,4194304,1.1849,843931367,13502.9,26,0.1292
device,host,4,fp32,4,abs,4194304,5.1996,192320888,1538.6,6,0.1309
device,host,4,fp32,4,neg,4194304,6.4385,155314755,1242.5,6,0.1620
device,host,4,fp32,4,copysign,4194304,6.6901,149475029,1793.7,5,0.1403
device,host,4,fp32,4,min,4194304,6.7110,149008680,1788.1,5,0.1407
device,host,4,fp32,4,max,4194304,6.7060,149119271,1789.4,5,0.1406
device,host,4,fp32,4,minnum,4194304,6.7619,147887648,1774.7,5,0.1418
device,host,4,fp32,4,maxnum,4194304,6.7157,148903977,1786.8,5,0.1408
device,host,4,fp32,4,cmplt,4194304,6.6682,149965223,1799.6,5,0.1398
device,host,4,fp32,4,cmple,4194304,6.6996,149262091,1791.1,5,0.1405
device,host,4,fp32,4,cmpeq,4194304,6.7297,148596010,1783.2,5,0.1411
device,host,4,fp32,4,select,4194304,6.7140,148942112,2383.1,5,0.1408
device,host,4,fp32,4,iand,4194304,6.7551,148036966,1776.4,5,0.1417
device,host,4,fp32,4,ior,4194304,6.7291,148608815,1783.3,5,0.1411
device,host,4,fp32,4,ixor,4194304,6.7229,148745870,1785.0,5,0.1410
device,host,4,fp32,4,iadd,4194304,6.6964,149333608,1792.0,5,0.1404
device,host,4,fp32,4,isub,4194304,6.7166,148885568,1786.6,5,0.1409
device,host,4,fp32,4,ishl,4194304,6.7220,148766182,1785.2,5,0.1410
device,host,4,fp32,4,ishr,4194304,6.7099,149033526,1788.4,5,0.1407
device,host,4,fp32,4,icmplt,4194304,6.7454,148249261,1779.0,5,0.1415
device,host,4,fp32,4,add,4194304,6.2456,160113688,1921.4,5,0.1310
device,host,4,fp32,4,sub,4194304,6.1331,163049148,1956.6,5,0.1286
device,host,4,fp32,4,mul,4194304,6.8611,145750060,1749.0,5,0.1439
device,host,4,fp32,4,fma,4194304,6.8361,146282140,2340.5,5,0.1434
device,resident,4,fp32,4,abs,4194304,0.3194,3131078253,25048.6,95,0.1273
device,resident,4,fp32,4,neg,4194304,0.3207,3118457446,24947.7,94,0.1264
device,resident,4,fp32,4,copysign,4194304,0.3220,3105615469,37267.4,93,0.1256
device,resident,4,fp32,4,min,4194304,0.3222,3103931083,37247.2,94,0.1270
device,resident,4,fp32,4,max,4194304,0.3221,3104848182,37258.2,94,0.1270
device,resident,4,fp32,4,minnum,4194304,0.3220,3105230807,37262.8,93,0.1256
device,resident,4,fp32,4,maxnum,4194304,0.3221,3104548419,37254.6,93,0.1256
device,resident,4,fp32,4,cmplt,4194304,0.3219,3106485844,37277.8,93,0.1256
device,resident,4,fp32,4,cmple,4194304,0.3219,3106555933,37278.7,93,0.1256
device,resident,4,fp32,4,cmpeq,4194304,0.3221,3104974621,37259.7,94,0.1270
device,resident,4,fp32,4,select,4194304,0.3222,3103990561,49663.8,94,0.1270
device,resident,4,fp32,4,iand,4194304,0.3220,3105277256,37263.3,93,0.1256
device,resident,4,fp32,4,ior,4194304,0.3218,3107500496,37290.0,94,0.1269
device,resident,4,fp32,4,ixor,4194304,0.3207,3117877049,37414.5,94,0.1265
device,resident,4,fp32,4,iadd,4194304,0.3205,3119811288,37437.7,94,0.1264
device,resident,4,fp32,4,isub,4194304,0.3221,3104980787,37259.8,93,0.1256
device,resident,4,fp32,4,ishl,4194304,0.3217,3108320441,37299.8,93,0.1255
device,resident,4,fp32,4,ishr,4194304,0.3220,3105986391,37271.8,94,0.1269
device,resident,4,fp32,4,icmplt,4194304,0.3220,3105579569,37267.0,93,0.1256
device,resident,4,fp32,4,add,4194304,0.3220,3105935376,37271.2,94,0.1269
device,resident,4,fp32,4,sub,4194304,0.3221,3104625289,37255.5,93,0.1256
device,resident,4,fp32,4,mul,4194304,0.3222,3104060371,37248.7,93,0.1257
device,resident,4,fp32,4,fma,4194304,0.3228,3097986603,49567.8,93,0.1259
software,host,0,fp32,4,abs,8388608,34.5884,28911425,231.3,1,0.2901
software,host,0,fp32,4,neg,8388608,40.3029,24812121,198.5,1,0.3381
software,host,0,fp32,4,copysign,8388608,41.6124,24031313,288.4,1,0.3491
software,host,0,fp32,4,min,8388608,79.8439,12524443,150.3,1,0.6698
software,host,0,fp32,4,max,8388608,79.6107,12561131,150.7,1,0.6678
software,host,0,fp32,4,minnum,8388608,80.1001,12484384,149.8,1,0.6719
software,host,0,fp32,4,maxnum,8388608,80.1414,12477940,149.7,1,0.6723
software,host,0,fp32,4,cmplt,8388608,100.4086,9959306,119.5,1,0.8423
software,host,0,fp32,4,cmple,8388608,105.7832,9453298,113.4,1,0.8874
software,host,0,fp32,4,cmpeq,8388608,84.2727,11866235,142.4,1,0.7069
software,host,0,fp32,4,select,8388608,38.1195,26233308,419.7,1,0.3198
software,host,0,fp32,4,iand,8388608,32.0504,31200881,374.4,1,0.2689
software,host,0,fp32,4,ior,8388608,32.4863,30782165,369.4,1,0.2725
software,host,0,fp32,4,ixor,8388608,31.9926,31257201,375.1,1,0.2684
software,host,0,fp32,4,iadd,8388608,38.2048,26174692,314.1,1,0.3205
software,host,0,fp32,4,isub,8388608,47.4839,21059750,252.7,1,0.3983
software,host,0,fp32,4,ishl,8388608,43.8409,22809733,273.7,1,0.3678
software,host,0,fp32,4,ishr,8388608,35.9856,27788885,333.5,1,0.3019
software,host,0,fp32,4,icmplt,8388608,50.2267,19909732,238.9,1,0.4213
software,host,0,fp32,4,add,8388608,295.0640,3389096,40.7,1,2.4752
software,host,0,fp32,4,sub,8388608,307.6523,3250423,39.0,1,2.5808
software,host,0,fp32,4,mul,8388608,228.2134,4381863,52.6,1,1.9144
software,host,0,fp32,4,fma,8388608,266.3246,3754817,60.1,1,2.2341
device,host,1,fp32,4,abs,8388608,5.0124,199504626,1596.0,4,0.1682
device,host,1,fp32,4,neg,8388608,5.8749,170215949,1361.7,3,0.1478
device,host,1,fp32,4,copysign,8388608,5.8527,170861906,2050.3,3,0.1473
device,host,1,fp32,4,min,8388608,5.8319,171469809,2057.6,3,0.1468
device,host,1,fp32,4,max,8388608,5.8586,170689094,2048.3,3,0.1474
device,host,1,fp32,4,minnum,8388608,5.8481,170995423,2051.9,3,0.1472
device,host,1,fp32,4,maxnum,8388608,5.8718,170306130,2043.7,3,0.1478
device,host,1,fp32,4,cmplt,8388608,5.7932,172617156,2071.4,3,0.1458
device,host,1,fp32,4,cmple,8388608,5.7175,174902551,2098.8,3,0.1439
device,host,1,fp32,4,cmpeq,8388608,5.8495,170953906,2051.4,3,0.1472
device,host,1,fp32,4,select,8388608,5.8755,170197339,2723.2,3,0.1479
device,host,1,fp32,4,iand,8388608,5.7994,172432940,2069.2,3,0.1459
device,host,1,fp32,4,ior,8388608,5.8671,170441912,2045.3,3,0.1477
device,host,1,fp32,4,ixor,8388608,5.8556,170775648,2049.3,3,0.1474
device,host,1,fp32,4,iadd,8388608,5.8126,172041479,2064.5,3,0.1463
device,host,1,fp32,4,isub,8388608,5.8702,170351999,2044.2,3,0.1477
device,host,1,fp32,4,ishl,8388608,5.8540,170822798,2049.9,3,0.1473
device,host,1,fp32,4,ishr,8388608,5.8432,171139276,2053.7,3,0.1470
device,host,1,fp32,4,icmplt,8388608,5.8272,171609523,2059.3,3,0.1466
device,host,1,fp32,4,add,8388608,5.9000,169492599,2033.9,3,0.1485
device,host,1,fp32,4,sub,8388608,5.8565,170749281,2049.0,3,0.1474
device,host,1,fp32,4,mul,8388608,5.8156,171950156,2063.4,3,0.1464
device,host,1,fp32,4,fma,8388608,5.8323,171458346,2743.3,3,0.1468
device,resident,1,fp32,4,abs,8388608,1.1692,855316679,6842.5,13,0.1275
device,resident,1,fp32,4,neg,8388608,1.1709,854022679,6832.2,13,0.1277
device,resident,1,fp32,4,copysign,8388608,1.1712,853840913,10246.1,13,0.1277
device,resident,1,fp32,4,min,8388608,1.1722,853061011,10236.7,13,0.1278
device,resident,1,fp32,4,max,8388608,1.1712,853832677,10246.0,13,0.1277
device,resident,1,fp32,4,minnum,8388608,1.1709,854053960,10248.6,13,0.1277
device,resident,1,fp32,4,maxnum,8388608,1.1708,854096702,10249.2,13,0.1277
device,resident,1,fp32,4,cmplt,8388608,1.1711,853884303,10246.6,13,0.1277
device,resident,1,fp32,4,cmple,8388608,1.1716,853555480,10242.7,13,0.1278
device,resident,1,fp32,4,cmpeq,8388608,1.1712,853819140,10245.8,13,0.1277
device,resident,1,fp32,4,select,8388608,1.1712,853800195,13660.8,13,0.1277
device,resident,1,fp32,4,iand,8388608,1.1712,853797956,10245.6,13,0.1277
device,resident,1,fp32,4,ior,8388608,1.1711,853890662,10246.7,13,0.1277
device,resident,1,fp32,4,ixor,8388608,1.1713,853736843,10244.8,13,0.1277
device,resident,1,fp32,4,iadd,8388608,1.1710,854002421,10248.0,13,0.1277
device,resident,1,fp32,4,isub,8388608,1.1721,853138019,10237.7,13,0.1278
device,resident,1,fp32,4,ishl,8388608,1.1724,852957971,10235.5,13,0.1279
device,resident,1,fp32,4,ishr,8388608,1.1712,853806185,10245.7,13,0.1277
device,resident,1,fp32,4,icmplt,8388608,1.1709,854025922,10248.3,13,0.1277
device,resident,1,fp32,4,add,8388608,1.1713,853738768,10244.9,13,0.1277
device,resident,1,fp32,4,sub,8388608,1.1717,853436785,10241.2,13,0.1278
device,resident,1,fp32,4,mul,8388608,1.1710,853937955,10247.3,13,0.1277
device,resident,1,fp32,4,fma,8388608,1.1715,853601527,13657.6,13,0.1278
device,host,4,fp32,4,abs,8388608,4.1434,241348752,1930.8,5,0.1738
device,host,4,fp32,4,neg,8388608,5.1078,195780090,1566.2,4,0.1714
device,host,4,fp32,4,copysign,8388608,5.1275,195028490,2340.3,3,0.1290
device,host,4,fp32,4,min,8388608,5.1278,195016445,2340.2,3,0.1290
device,host,4,fp32,4,max,8388608,5.1397,194564318,2334.8,3,0.1293
device,host,4,fp32,4,minnum,8388608,5.1446,194378419,2332.5,3,0.1295
device,host,4,fp32,4,maxnum,8388608,5.0933,196338078,2356.1,3,0.1282
device,host,4,fp32,4,cmplt,8388608,5.1320,194856719,2338.3,3,0.1292
device,host,4,fp32,4,cmple,8388608,5.1272,195036548,2340.4,3,0.1290
device,host,4,fp32,4,cmpeq,8388608,5.1437,194411879,2332.9,3,0.1294
device,host,4,fp32,4,select,8388608,5.1394,194576737,3113.2,3,0.1293
device,host,4,fp32,4,iand,8388608,5.1275,195025901,2340.3,3,0.1290
device,host,4,fp32,4,ior,8388608,5.1352,194735882,2336.8,3,0.1292
device,host,4,fp32,4,ixor,8388608,5.1432,194432828,2333.2,3,0.1294
device,host,4,fp32,4,iadd,8388608,5.1312,194887983,2338.7,3,0.1291
device,host,4,fp32,4,isub,8388608,5.1293,194957848,2339.5,3,0.1291
device,host,4,fp32,4,ishl,8388608,5.1274,195030724,2340.4,3,0.1290
device,host,4,fp32,4,ishr,8388608,5.1288,194978010,2339.7,3,0.1291
device,host,4,fp32,4,icmplt,8388608,5.1344,194764700,2337.2,3,0.1292
device,host,4,fp32,4,add,8388608,5.1301,194928384,2339.1,3,0.1291
device,host,4,fp32,4,sub,8388608,5.1429,194443359,2333.3,3,0.1294
device,host,4,fp32,4,mul,8388608,5.1315,194874592,2338.5,3,0.1291
device,host,4,fp32,4,fma,8388608,5.1326,194833068,3117.3,3,0.1292
device,resident,4,fp32,4,abs,8388608,0.3021,3309683750,26477.5,50,0.1267
device,resident,4,fp32,4,neg,8388608,0.3044,3285534620,26284.3,50,0.1277
device,resident,4,fp32,4,copysign,8388608,0.3036,3293847333,39526.2,50,0.1273
device,resident,4,fp32,4,min,8388608,0.3031,3299116019,39589.4,50,0.1271
device,resident,4,fp32,4,max,8388608,0.3031,3299572204,39594.9,50,0.1271
device,resident,4,fp32,4,minnum,8388608,0.3030,3299820324,39597.8,49,0.1246
device,resident,4,fp32,4,maxnum,8388608,0.3032,3297970320,39575.6,49,0.1246
device,resident,4,fp32,4,cmplt,8388608,0.3033,3297495908,39570.0,50,0.1272
device,resident,4,fp32,4,cmple,8388608,0.3008,3324027287,39888.3,50,0.1262
device,resident,4,fp32,4,cmpeq,8388608,0.3030,3300337440,39604.0,50,0.1271
device,resident,4,fp32,4,select,8388608,0.3032,3298554314,52776.9,49,0.1246
device,resident,4,fp32,4,iand,8388608,0.3032,3297864957,39574.4,50,0.1272
device,resident,4,fp32,4,ior,8388608,0.3032,3298100460,39577.2,49,0.1246
device,resident,4,fp32,4,ixor,8388608,0.3031,3298918995,39587.0,50,0.1271
device,resident,4,fp32,4,iadd,8388608,0.3033,3297566554,39570.8,50,0.1272
device,resident,4,fp32,4,isub,8388608,0.3031,3298888457,39586.7,49,0.1246
device,resident,4,fp32,4,ishl,8388608,0.3032,3297922369,39575.1,50,0.1272
device,resident,4,fp32,4,ishr,8388608,0.3033,3297430073,39569.2,49,0.1247
device,resident,4,fp32,4,icmplt,8388608,0.3032,3298221823,39578.7,50,0.1272
device,resident,4,fp32,4,add,8388608,0.3035,3295255905,39543.1,50,0.1273
device,resident,4,fp32,4,sub,8388608,0.3032,3298371946,39580.5,50,0.1272
device,resident,4,fp32,4,mul,8388608,0.3032,3298204549,39578.5,50,0.1272
device,resident,4,fp32,4,fma,8388608,0.3033,3297382363,52758.1,50,0.1272
software,host,0,fp32,4,abs,16777216,34.9347,28624797,229.0,1,0.5861
software,host,0,fp32,4,neg,16777216,40.4333,24732088,197.9,1,0.6784
software,host,0,fp32,4,copysign,16777216,41.2352,24251154,291.0,1,0.6918
software,host,0,fp32,4,min,16777216,79.9321,12510625,150.1,1,1.3410
software,host,0,fp32,4,max,16777216,79.7060,12546109,150.6,1,1.3372
software,host,0,fp32,4,minnum,16777216,80.2334,12463632,149.6,1,1.3461
software,host,0,fp32,4,maxnum,16777216,79.9788,12503320,150.0,1,1.3418
software,host,0,fp32,4,cmplt,16777216,100.4219,9957985,119.5,1,1.6848
software,host,0,fp32,4,cmple,16777216,104.5223,9567337,114.8,1,1.7536
software,host,0,fp32,4,cmpeq,16777216,84.3246,11858932,142.3,1,1.4147
software,host,0,fp32,4,select,16777216,38.1625,26203723,419.3,1,0.6403
software,host,0,fp32,4,iand,16777216,32.0623,31189308,374.3,1,0.5379
software,host,0,fp32,4,ior,16777216,32.4728,30794966,369.5,1,0.5448
software,host,0,fp32,4,ixor,16777216,31.9054,31342613,376.1,1,0.5353
software,host,0,fp32,4,iadd,16777216,37.9241,26368489,316.4,1,0.6363
software,host,0,fp32,4,isub,16777216,47.5413,21034345,252.4,1,0.7976
software,host,0,fp32,4,ishl,16777216,43.9100,22773853,273.3,1,0.7367
software,host,0,fp32,4,ishr,16777216,35.9806,27792779,333.5,1,0.6037
software,host,0,fp32,4,icmplt,16777216,45.1697,22138754,265.7,1,0.7578
software,host,0,fp32,4,add,16777216,300.0944,3332285,40.0,1,5.0347
software,host,0,fp32,4,sub,16777216,307.9314,3247476,39.0,1,5.1662
software,host,0,fp32,4,mul,16777216,228.2008,4382106,52.6,1,3.8286
software,host,0,fp32,4,fma,16777216,272.7785,3665978,58.7,1,4.5765
device,host,1,fp32,4,abs,16777216,5.4244,184351096,1474.8,2,0.1820
device,host,1,fp32,4,neg,16777216,5.8206,171802833,1374.4,2,0.1953
device,host,1,fp32,4,copysign,16777216,5.8167,171919924,2063.0,2,0.1952
device,host,1,fp32,4,min,16777216,5.8499,170944236,2051.3,2,0.1963
device,host,1,fp32,4,max,16777216,5.8169,171912324,2062.9,2,0.1952
device,host,1,fp32,4,minnum,16777216,5.8310,171498177,2058.0,2,0.1957
device,host,1,fp32,4,maxnum,16777216,5.8263,171635023,2059.6,2,0.1955
device,host,1,fp32,4,cmplt,16777216,5.8199,171824050,2061.9,2,0.1953
device,host,1,fp32,4,cmple,16777216,5.8628,170567517,2046.8,2,0.1967
device,host,1,fp32,4,cmpeq,16777216,5.8523,170873723,2050.5,2,0.1964
device,host,1,fp32,4,select,16777216,5.8507,170920935,2734.7,2,0.1963
device,host,1,fp32,4,iand,16777216,5.8303,171517906,2058.2,2,0.1956
device,host,1,fp32,4,ior,16777216,5.8293,171547958,2058.6,2,0.1956
device,host,1,fp32,4,ixor,16777216,5.8506,170921996,2051.1,2,0.1963
device,host,1,fp32,4,iadd,16777216,5.8189,171854260,2062.3,2,0.1952
device,host,1,fp32,4,isub,16777216,5.8530,170851505,2050.2,2,0.1964
device,host,1,fp32,4,ishl,16777216,5.8260,171643421,2059.7,2,0.1955
device,host,1,fp32,4,ishr,16777216,5.8517,170891706,2050.7,2,0.1963
device,host,1,fp32,4,icmplt,16777216,5.8456,171069160,2052.8,2,0.1961
device,host,1,fp32,4,add,16777216,5.8524,170869299,2050.4,2,0.1964
device,host,1,fp32,4,sub,16777216,5.8290,171556349,2058.7,2,0.1956
device,host,1,fp32,4,mul,16777216,5.8137,172007757,2064.1,2,0.1951
device,host,1,fp32,4,fma,16777216,5.8642,170526826,2728.4,2,0.1968
device,resident,1,fp32,4,abs,16777216,1.1632,859682469,6877.5,7,0.1366
device,resident,1,fp32,4,neg,16777216,1.1644,858806049,6870.4,7,0.1367
device,resident,1,fp32,4,copysign,16777216,1.1643,858861098,10306.3,7,0.1367
device,resident,1,fp32,4,min,16777216,1.1648,858532421,10302.4,7,0.1368
device,resident,1,fp32,4,max,16777216,1.1643,858900714,10306.8,7,0.1367
device,resident,1,fp32,4,minnum,16777216,1.1645,858752960,10305.0,7,0.1368
device,resident,1,fp32,4,maxnum,16777216,1.1643,858851671,10306.2,7,0.1367
device,resident,1,fp32,4,cmplt,16777216,1.1643,858917160,10307.0,7,0.1367
device,resident,1,fp32,4,cmple,16777216,1.1644,858835611,10306.0,7,0.1367
device,resident,1,fp32,4,cmpeq,16777216,1.1647,858585156,10303.0,7,0.1368
device,resident,1,fp32,4,select,16777216,1.1644,858829173,13741.3,7,0.1367
device,resident,1,fp32,4,iand,16777216,1.1643,858869785,10306.4,7,0.1367
device,resident,1,fp32,4,ior,16777216,1.1643,858870501,10306.4,7,0.1367
device,resident,1,fp32,4,ixor,16777216,1.1641,859003908,10308.0,7,0.1367
device,resident,1,fp32,4,iadd,16777216,1.1646,858679133,10304.1,7,0.1368
device,resident,1,fp32,4,isub,16777216,1.1647,858608966,10303.3,7,0.1368
device,resident,1,fp32,4,ishl,16777216,1.1642,858927085,10307.1,7,0.1367
device,resident,1,fp32,4,ishr,16777216,1.1642,858939291,10307.3,7,0.1367
device,resident,1,fp32,4,icmplt,16777216,1.1643,858918159,10307.0,7,0.1367
device,resident,1,fp32,4,add,16777216,1.1641,859040603,10308.5,7,0.1367
device,resident,1,fp32,4,sub,16777216,1.1645,858730210,10304.8,7,0.1368
device,resident,1,fp32,4,mul,16777216,1.1647,858581554,10303.0,7,0.1368
device,resident,1,fp32,4,fma,16777216,1.1645,858736671,13739.8,7,0.1368
device,host,4,fp32,4,abs,16777216,4.0106,249338254,1994.7,3,0.2019
device,host,4,fp32,4,neg,16777216,4.8574,205869972,1647.0,2,0.1630
device,host,4,fp32,4,copysign,16777216,4.8908,204467142,2453.6,2,0.1641
device,host,4,fp32,4,min,16777216,4.9224,203150955,2437.8,2,0.1652
device,host,4,fp32,4,max,16777216,4.9210,203212290,2438.5,2,0.1651
device,host,4,fp32,4,minnum,16777216,4.9169,203381784,2440.6,2,0.1650
device,host,4,fp32,4,maxnum,16777216,4.9089,203712482,2444.5,2,0.1647
device,host,4,fp32,4,cmplt,16777216,4.9318,202763702,2433.2,2,0.1655
device,host,4,fp32,4,cmple,16777216,4.9202,203242588,2438.9,2,0.1651
device,host,4,fp32,4,cmpeq,16777216,4.9168,203384143,2440.6,2,0.1650
device,host,4,fp32,4,select,16777216,4.9576,201710025,3227.4,2,0.1663
device,host,4,fp32,4,iand,16777216,4.9043,203903971,2446.8,2,0.1646
device,host,4,fp32,4,ior,16777216,4.9199,203256894,2439.1,2,0.1651
device,host,4,fp32,4,ixor,16777216,4.9160,203418056,2441.0,2,0.1650
device,host,4,fp32,4,iadd,16777216,4.9229,203130841,2437.6,2,0.1652
device,host,4,fp32,4,isub,16777216,4.9383,202500625,2430.0,2,0.1657
device,host,4,fp32,4,ishl,16777216,4.9187,203303751,2439.6,2,0.1650
device,host,4,fp32,4,ishr,16777216,4.9890,200441415,2405.3,2,0.1674
device,host,4,fp32,4,icmplt,16777216,4.9870,200520315,2406.2,2,0.1673
device,host,4,fp32,4,add,16777216,4.9933,200267327,2403.2,2,0.1675
device,host,4,fp32,4,sub,16777216,4.9857,200574354,2406.9,2,0.1673
device,host,4,fp32,4,mul,16777216,4.9551,201812295,2421.7,2,0.1663
device,host,4,fp32,4,fma,16777216,4.9765,200942850,3215.1,2,0.1670
device,resident,4,fp32,4,abs,16777216,0.2961,3377383985,27019.1,26,0.1292
device,resident,4,fp32,4,neg,16777216,0.2973,3363901212,26911.2,26,0.1297
device,resident,4,fp32,4,copysign,16777216,0.2972,3365181829,40382.2,26,0.1296
device,resident,4,fp32,4,min,16777216,0.2971,3365935651,40391.2,26,0.1296
device,resident,4,fp32,4,max,16777216,0.2970,3367487095,40409.8,26,0.1295
device,resident,4,fp32,4,minnum,16777216,0.2971,3365744163,40388.9,26,0.1296
device,resident,4,fp32,4,maxnum,16777216,0.2968,3369123110,40429.5,26,0.1295
device,resident,4,fp32,4,cmplt,16777216,0.2969,3368444151,40421.3,26,0.1295
device,resident,4,fp32,4,cmple,16777216,0.2970,3367247579,40407.0,26,0.1295
device,resident,4,fp32,4,cmpeq,16777216,0.2968,3369057067,40428.7,26,0.1295
device,resident,4,fp32,4,select,16777216,0.2968,3369576266,53913.2,26,0.1295
device,resident,4,fp32,4,iand,16777216,0.2970,3366990553,40403.9,26,0.1296
device,resident,4,fp32,4,ior,16777216,0.2968,3369476473,40433.7,26,0.1295
device,resident,4,fp32,4,ixor,16777216,0.2968,3369066006,40428.8,25,0.1245
device,resident,4,fp32,4,iadd,16777216,0.2972,3364618437,40375.4,26,0.1296
device,resident,4,fp32,4,isub,16777216,0.2968,3369398471,40432.8,26,0.1295
device,resident,4,fp32,4,ishl,16777216,0.2969,3367826491,40413.9,26,0.1295
device,resident,4,fp32,4,ishr,16777216,0.2967,3370177357,40442.1,26,0.1294
device,resident,4,fp32,4,icmplt,16777216,0.2968,3368726926,40424.7,25,0.1245
device,resident,4,fp32,4,add,16777216,0.2970,3366914719,40403.0,26,0.1296
device,resident,4,fp32,4,sub,16777216,0.2971,3365908586,40390.9,26,0.1296
device,resident,4,fp32,4,mul,16777216,0.2968,3369015539,40428.2,26,0.1295
device,resident,4,fp32,4,fma,16777216,0.2969,3368269623,53892.3,26,0.1295
software,host,0,fp32,4,abs,33554432,35.4659,28196063,225.6,1,1.1900
software,host,0,fp32,4,neg,33554432,40.3853,24761474,198.1,1,1.3551
software,host,0,fp32,4,copysign,33554432,41.2020,24270649,291.2,1,1.3825
software,host,0,fp32,4,min,33554432,79.9157,12513189,150.2,1,2.6815
software,host,0,fp32,4,max,33554432,79.7889,12533075,150.4,1,2.6773
software,host,0,fp32,4,minnum,33554432,80.1511,12476437,149.7,1,2.6894
software,host,0,fp32,4,maxnum,33554432,80.1073,12483249,149.8,1,2.6880
software,host,0,fp32,4,cmplt,33554432,101.4963,9852575,118.2,1,3.4057
software,host,0,fp32,4,cmple,33554432,102.5527,9751080,117.0,1,3.4411
software,host,0,fp32,4,cmpeq,33554432,84.2579,11868320,142.4,1,2.8272
software,host,0,fp32,4,select,33554432,39.7652,25147616,402.4,1,1.3343
software,host,0,fp32,4,iand,33554432,31.9891,31260664,375.1,1,1.0734
software,host,0,fp32,4,ior,33554432,32.4745,30793417,369.5,1,1.0897
software,host,0,fp32,4,ixor,33554432,32.0184,31232017,374.8,1,1.0744
software,host,0,fp32,4,iadd,33554432,37.9755,26332751,316.0,1,1.2742
software,host,0,fp32,4,isub,33554432,47.5667,21023121,252.3,1,1.5961
software,host,0,fp32,4,ishl,33554432,43.9297,22763619,273.2,1,1.4740
software,host,0,fp32,4,ishr,33554432,35.9345,27828433,333.9,1,1.2058
software,host,0,fp32,4,icmplt,33554432,45.2036,22122129,265.5,1,1.5168
software,host,0,fp32,4,add,33554432,296.1851,3376267,40.5,1,9.9383
software,host,0,fp32,4,sub,33554432,307.4981,3252052,39.0,1,10.3179
software,host,0,fp32,4,mul,33554432,233.9446,4274517,51.3,1,7.8499
software,host,0,fp32,4,fma,33554432,266.7144,3749329,60.0,1,8.9495
device,host,1,fp32,4,abs,33554432,4.6551,214819880,1718.6,1,0.1562
device,host,1,fp32,4,neg,33554432,5.5575,179937863,1439.5,1,0.1865
device,host,1,fp32,4,copysign,33554432,5.5664,179648278,2155.8,1,0.1868
device,host,1,fp32,4,min,33554432,5.5550,180016608,2160.2,1,0.1864
device,host,1,fp32,4,max,33554432,5.5437,180386474,2164.6,1,0.1860
device,host,1,fp32,4,minnum,33554432,5.5583,179911540,2158.9,1,0.1865
device,host,1,fp32,4,maxnum,33554432,5.5263,180951656,2171.4,1,0.1854
device,host,1,fp32,4,cmplt,33554432,5.5649,179696735,2156.4,1,0.1867
device,host,1,fp32,4,cmple,33554432,5.5476,180256620,2163.1,1,0.1861
device,host,1,fp32,4,cmpeq,33554432,5.5450,180343210,2164.1,1,0.1861
device,host,1,fp32,4,select,33554432,5.5377,180580230,2889.3,1,0.1858
device,host,1,fp32,4,iand,33554432,5.5409,180477479,2165.7,1,0.1859
device,host,1,fp32,4,ior,33554432,5.5478,180250550,2163.0,1,0.1862
device,host,1,fp32,4,ixor,33554432,5.5536,180062873,2160.8,1,0.1863
device,host,1,fp32,4,iadd,33554432,5.5491,180209739,2162.5,1,0.1862
device,host,1,fp32,4,isub,33554432,5.5498,180185264,2162.2,1,0.1862
device,host,1,fp32,4,ishl,33554432,5.5438,180380854,2164.6,1,0.1860
device,host,1,fp32,4,ishr,33554432,5.5876,178966405,2147.6,1,0.1875
device,host,1,fp32,4,icmplt,33554432,5.5634,179745863,2157.0,1,0.1867
device,host,1,fp32,4,add,33554432,5.5715,179484964,2153.8,1,0.1869
device,host,1,fp32,4,sub,33554432,5.5566,179966008,2159.6,1,0.1864
device,host,1,fp32,4,mul,33554432,5.5538,180057183,2160.7,1,0.1864
device,host,1,fp32,4,fma,33554432,5.5227,181070284,2897.1,1,0.1853
device,resident,1,fp32,4,abs,33554432,1.1601,862005741,6896.0,4,0.1557
device,resident,1,fp32,4,neg,33554432,1.1609,861415694,6891.3,4,0.1558
device,resident,1,fp32,4,copysign,33554432,1.1609,861407783,10336.9,4,0.1558
device,resident,1,fp32,4,min,33554432,1.1612,861196386,10334.4,4,0.1559
device,resident,1,fp32,4,max,33554432,1.1615,860984656,10331.8,4,0.1559
device,resident,1,fp32,4,minnum,33554432,1.1609,861401137,10336.8,4,0.1558
device,resident,1,fp32,4,maxnum,33554432,1.1608,861475042,10337.7,4,0.1558
device,resident,1,fp32,4,cmplt,33554432,1.1608,861482778,10337.8,4,0.1558
device,resident,1,fp32,4,cmple,33554432,1.1607,861555452,10338.7,4,0.1558
device,resident,1,fp32,4,cmpeq,33554432,1.1617,860796797,10329.6,4,0.1559
device,resident,1,fp32,4,select,33554432,1.1608,861487948,13783.8,4,0.1558
device,resident,1,fp32,4,iand,33554432,1.1608,861480229,10337.8,4,0.1558
device,resident,1,fp32,4,ior,33554432,1.1609,861385647,10336.6,4,0.1558
device,resident,1,fp32,4,ixor,33554432,1.1608,861489253,10337.9,4,0.1558
device,resident,1,fp32,4,iadd,33554432,1.1610,861294839,10335.5,4,0.1558
device,resident,1,fp32,4,isub,33554432,1.1607,861530461,10338.4,4,0.1558
device,resident,1,fp32,4,ishl,33554432,1.1610,861297967,10335.6,4,0.1558
device,resident,1,fp32,4,ishr,33554432,1.1609,861419669,10337.0,4,0.1558
device,resident,1,fp32,4,icmplt,33554432,1.1608,861495357,10337.9,4,0.1558
device,resident,1,fp32,4,add,33554432,1.1608,861488893,10337.9,4,0.1558
device,resident,1,fp32,4,sub,33554432,1.1609,861410304,10336.9,4,0.1558
device,resident,1,fp32,4,mul,33554432,1.1608,861454816,10337.5,4,0.1558
device,resident,1,fp32,4,fma,33554432,1.1608,861471608,13783.5,4,0.1558
device,host,4,fp32,4,abs,33554432,3.3968,294394323,2355.2,1,0.1140
device,host,4,fp32,4,neg,33554432,4.3228,231333965,1850.7,1,0.1450
device,host,4,fp32,4,copysign,33554432,4.6250,216214603,2594.6,1,0.1552
device,host,4,fp32,4,min,33554432,4.6840,213494649,2561.9,1,0.1572
device,host,4,fp32,4,max,33554432,4.7147,212102563,2545.2,1,0.1582
device,host,4,fp32,4,minnum,33554432,4.6508,215014622,2580.2,1,0.1561
device,host,4,fp32,4,maxnum,33554432,4.7158,212053459,2544.6,1,0.1582
device,host,4,fp32,4,cmplt,33554432,4.7135,212158007,2545.9,1,0.1582
device,host,4,fp32,4,cmple,33554432,4.7149,212095732,2545.1,1,0.1582
device,host,4,fp32,4,cmpeq,33554432,4.7058,212504326,2550.1,1,0.1579
device,host,4,fp32,4,select,33554432,4.7185,211933230,3390.9,1,0.1583
device,host,4,fp32,4,iand,33554432,4.7161,212038675,2544.5,1,0.1582
device,host,4,fp32,4,ior,33554432,4.6547,214837492,2578.0,1,0.1562
device,host,4,fp32,4,ixor,33554432,4.7531,210390953,2524.7,1,0.1595
device,host,4,fp32,4,iadd,33554432,4.7146,212106956,2545.3,1,0.1582
device,host,4,fp32,4,isub,33554432,4.7487,210583915,2527.0,1,0.1593
device,host,4,fp32,4,ishl,33554432,4.7129,212182000,2546.2,1,0.1581
device,host,4,fp32,4,ishr,33554432,4.7214,211800399,2541.6,1,0.1584
device,host,4,fp32,4,icmplt,33554432,4.7920,208680998,2504.2,1,0.1608
device,host,4,fp32,4,add,33554432,4.7225,211752449,2541.0,1,0.1585
device,host,4,fp32,4,sub,33554432,4.7520,210439167,2525.3,1,0.1594
device,host,4,fp32,4,mul,33554432,4.7691,209684408,2516.2,1,0.1600
device,host,4,fp32,4,fma,33554432,4.7001,212760470,3404.2,1,0.1577
device,resident,4,fp32,4,abs,33554432,0.2928,3415234660,27321.9,13,0.1277
device,resident,4,fp32,4,neg,33554432,0.2931,3411623479,27293.0,13,0.1279
device,resident,4,fp32,4,copysign,33554432,0.2931,3411702570,40940.4,13,0.1279
device,resident,4,fp32,4,min,33554432,0.2933,3409414840,40913.0,13,0.1279
device,resident,4,fp32,4,max,33554432,0.2932,3411082548,40933.0,13,0.1279
device,resident,4,fp32,4,minnum,33554432,0.2932,3410166349,40922.0,13,0.1279
device,resident,4,fp32,4,maxnum,33554432,0.2933,3409796804,40917.6,13,0.1279
device,resident,4,fp32,4,cmplt,33554432,0.2932,3410871808,40930.5,13,0.1279
device,resident,4,fp32,4,cmple,33554432,0.2931,3412017227,40944.2,13,0.1278
device,resident,4,fp32,4,cmpeq,33554432,0.2931,3411832390,40942.0,13,0.1279
device,resident,4,fp32,4,select,33554432,0.2930,3412944783,54607.1,13,0.1278
device,resident,4,fp32,4,iand,33554432,0.2932,3410802439,40929.6,13,0.1279
device,resident,4,fp32,4,ior,33554432,0.2933,3409933412,40919.2,13,0.1279
device,resident,4,fp32,4,ixor,33554432,0.2932,3411095912,40933.2,13,0.1279
device,resident,4,fp32,4,iadd,33554432,0.2931,3411901375,40942.8,13,0.1278
device,resident,4,fp32,4,isub,33554432,0.2932,3410469526,40925.6,13,0.1279
device,resident,4,fp32,4,ishl,33554432,0.2931,3411552933,40938.6,13,0.1279
device,resident,4,fp32,4,ishr,33554432,0.2931,3411677700,40940.1,13,0.1279
device,resident,4,fp32,4,icmplt,33554432,0.2929,3413761887,40965.1,13,0.1278
device,resident,4,fp32,4,add,33554432,0.2931,3412008101,40944.1,13,0.1278
device,resident,4,fp32,4,sub,33554432,0.2933,3409909288,40918.9,13,0.1279
device,resident,4,fp32,4,mul,33554432,0.2932,3410491471,40925.9,13,0.1279
device,resident,4,fp32,4,fma,33554432,0.2930,3412446171,54599.1,13,0.1278
software,host,0,fp64,8,abs,1,77.3319,12931275,206.9,1333130,0.1031
software,host,0,fp64,8,neg,1,71.4798,13989970,223.8,1754238,0.1254
software,host,0,fp64,8,copysign,1,71.9486,13898816,333.6,1728555,0.1244
software,host,0,fp64,8,min,1,117.9337,8479343,203.5,1059474,0.1249
software,host,0,fp64,8,max,1,117.9960,8474866,203.4,1062179,0.1253
software,host,0,fp64,8,minnum,1,118.0685,8469662,203.3,1060834,0.1253
software,host,0,fp64,8,maxnum,1,119.0100,8402658,201.7,1053540,0.1254
software,host,0,fp64,8,cmplt,1,150.5152,6643848,159.5,826791,0.1244
software,host,0,fp64,8,cmple,1,151.7054,6591725,158.2,824804,0.1251
software,host,0,fp64,8,cmpeq,1,118.7177,8423346,202.2,1055784,0.1253
software,host,0,fp64,8,select,1,76.4348,13083040,418.7,1648774,0.1260
software,host,0,fp64,8,iand,1,68.6289,14571130,349.7,1823958,0.1252
software,host,0,fp64,8,ior,1,69.1949,14451933,346.8,1805459,0.1249
software,host,0,fp64,8,ixor,1,71.0514,14074326,337.8,1773481,0.1260
software,host,0,fp64,8,iadd,1,71.7725,13932911,334.4,1746358,0.1253
software,host,0,fp64,8,isub,1,80.9670,12350715,296.4,1551888,0.1257
software,host,0,fp64,8,ishl,1,90.0086,11110053,266.6,1389771,0.1251
software,host,0,fp64,8,ishr,1,75.0434,13325623,319.8,1666024,0.1250
software,host,0,fp64,8,icmplt,1,63.0290,15865709,380.8,1986789,0.1252
software,host,0,fp64,8,add,1,355.8798,2809938,67.4,351604,0.1251
software,host,0,fp64,8,sub,1,358.0246,2793104,67.0,348513,0.1248
software,host,0,fp64,8,mul,1,266.0780,3758296,90.2,469721,0.1250
software,host,0,fp64,8,fma,1,310.2004,3223723,103.2,398182,0.1235
device,host,1,fp64,8,abs,1,98701.8012,10132,0.2,1313,0.1296
device,host,1,fp64,8,neg,1,100847.9903,9916,0.2,1241,0.1252
device,host,1,fp64,8,copysign,1,100227.5273,9977,0.2,1244,0.1247
device,host,1,fp64,8,min,1,99989.5878,10001,0.2,1242,0.1242
device,host,1,fp64,8,max,1,107150.9690,9333,0.2,1260,0.1350
device,host,1,fp64,8,minnum,1,105678.7160,9463,0.2,1141,0.1206
device,host,1,fp64,8,maxnum,1,112447.0399,8893,0.2,1177,0.1324
device,host,1,fp64,8,cmplt,1,114424.7016,8739,0.2,1079,0.1235
device,host,1,fp64,8,cmple,1,111837.6847,8942,0.2,1094,0.1224
device,host,1,fp64,8,cmpeq,1,115328.3616,8671,0.2,1084,0.1250
device,host,1,fp64,8,select,1,115175.3668,8682,0.3,1085,0.1250
device,host,1,fp64,8,iand,1,114993.7327,8696,0.2,1085,0.1248
device,host,1,fp64,8,ior,1,114643.7354,8723,0.2,1058,0.1213
device,host,1,fp64,8,ixor,1,114855.7068,8707,0.2,1088,0.1250
device,host,1,fp64,8,iadd,1,115392.2484,8666,0.2,1087,0.1254
device,host,1,fp64,8,isub,1,115301.4779,8673,0.2,1084,0.1250
device,host,1,fp64,8,ishl,1,113759.2969,8790,0.2,1088,0.1238
device,host,1,fp64,8,ishr,1,105740.9073,9457,0.2,1154,0.1220
device,host,1,fp64,8,icmplt,1,102082.0684,9796,0.2,1243,0.1269
device,host,1,fp64,8,add,1,105114.1961,9513,0.2,1188,0.1249
device,host,1,fp64,8,sub,1,102743.7330,9733,0.2,1172,0.1204
device,host,1,fp64,8,mul,1,103639.0272,9649,0.2,1175,0.1218
device,host,1,fp64,8,fma,1,102148.4981,9790,0.3,1271,0.1298
device,resident,1,fp64,8,abs,1,30515.3024,32770,0.5,4087,0.1247
device,resident,1,fp64,8,neg,1,30541.1025,32743,0.5,4019,0.1227
device,resident,1,fp64,8,copysign,1,30564.3598,32718,0.8,4080,0.1247
device,resident,1,fp64,8,min,1,30533.7502,32751,0.8,4035,0.1232
device,resident,1,fp64,8,max,1,30554.2891,32729,0.8,4096,0.1252
device,resident,1,fp64,8,minnum,1,30505.9998,32780,0.8,4096,0.1250
device,resident,1,fp64,8,maxnum,1,33009.8706,30294,0.7,4096,0.1352
device,resident,1,fp64,8,cmplt,1,30873.0199,32391,0.8,4026,0.1243
device,resident,1,fp64,8,cmple,1,30840.3351,32425,0.8,3969,0.1224
device,resident,1,fp64,8,cmpeq,1,30745.9602,32525,0.8,4070,0.1251
device,resident,1,fp64,8,select,1,30914.4057,32347,1.0,4067,0.1257
device,resident,1,fp64,8,iand,1,30715.1850,32557,0.8,4049,0.1244
device,resident,1,fp64,8,ior,1,30742.5687,32528,0.8,4071,0.1252
device,resident,1,fp64,8,ixor,1,30441.4848,32850,0.8,4068,0.1238
device,resident,1,fp64,8,iadd,1,36129.8560,27678,0.7,3396,0.1227
device,resident,1,fp64,8,isub,1,36129.7372,27678,0.7,3444,0.1244
device,resident,1,fp64,8,ishl,1,36393.8074,27477,0.7,3463,0.1260
device,resident,1,fp64,8,ishr,1,36526.3268,27378,0.7,3446,0.1259
device,resident,1,fp64,8,icmplt,1,36100.4336,27700,0.7,3457,0.1248
device,resident,1,fp64,8,add,1,36062.8142,27729,0.7,3472,0.1252
device,resident,1,fp64,8,sub,1,36053.3680,27737,0.7,3465,0.1249
device,resident,1,fp64,8,mul,1,36534.4417,27371,0.7,3484,0.1273
device,resident,1,fp64,8,fma,1,36955.5474,27060,0.9,3387,0.1252
device,host,4,fp64,8,abs,1,75275.7428,13284,0.2,1707,0.1285
device,host,4,fp64,8,neg,1,75610.4978,13226,0.2,1629,0.1232
device,host,4,fp64,8,copysign,1,75203.8388,13297,0.3,1632,0.1227
device,host,4,fp64,8,min,1,76069.3029,13146,0.3,1644,0.1251
device,host,4,fp64,8,max,1,75421.2021,13259,0.3,1643,0.1239
device,host,4,fp64,8,minnum,1,83425.1340,11987,0.3,1679,0.1401
device,host,4,fp64,8,maxnum,1,86465.1336,11565,0.3,1444,0.1249
device,host,4,fp64,8,cmplt,1,86035.9440,11623,0.3,1447,0.1245
device,host,4,fp64,8,cmple,1,83428.5492,11986,0.3,1455,0.1214
device,host,4,fp64,8,cmpeq,1,100309.7818,9969,0.2,1398,0.1402
device,host,4,fp64,8,select,1,102588.8556,9748,0.3,1219,0.1251
device,host,4,fp64,8,iand,1,101139.8575,9887,0.2,1249,0.1263
device,host,4,fp64,8,ior,1,101600.3935,9842,0.2,1174,0.1193
device,host,4,fp64,8,ixor,1,101384.5886,9863,0.2,1230,0.1247
device,host,4,fp64,8,iadd,1,101591.7160,9843,0.2,1215,0.1234
device,host,4,fp64,8,isub,1,101419.5272,9860,0.2,1195,0.1212
device,host,4,fp64,8,ishl,1,75811.4873,13191,0.3,1609,0.1220
device,host,4,fp64,8,ishr,1,86193.3550,11602,0.3,1648,0.1420
device,host,4,fp64,8,icmplt,1,101816.9621,9822,0.2,1320,0.1344
device,host,4,fp64,8,add,1,100837.8089,9917,0.2,1256,0.1267
device,host,4,fp64,8,sub,1,105176.3428,9508,0.2,1266,0.1332
device,host,4,fp64,8,mul,1,105956.0691,9438,0.2,1157,0.1226
device,host,4,fp64,8,fma,1,107129.4948,9334,0.3,1158,0.1241
device,resident,4,fp64,8,abs,1,34162.0486,29272,0.5,3869,0.1322
device,resident,4,fp64,8,neg,1,35016.3352,28558,0.5,3610,0.1264
device,resident,4,fp64,8,copysign,1,35281.4813,28343,0.7,3505,0.1237
device,resident,4,fp64,8,min,1,35591.7561,28096,0.7,3571,0.1271
device,resident,4,fp64,8,max,1,34408.7115,29062,0.7,3442,0.1184
device,resident,4,fp64,8,minnum,1,32786.1258,30501,0.7,3824,0.1254
device,resident,4,fp64,8,maxnum,1,32431.2308,30834,0.7,3844,0.1247
device,resident,4,fp64,8,cmplt,1,32034.2903,31217,0.7,3962,0.1269
device,resident,4,fp64,8,cmple,1,32184.8872,31070,0.7,3991,0.1284
device,resident,4,fp64,8,cmpeq,1,32661.9109,30617,0.7,3997,0.1305
device,resident,4,fp64,8,select,1,32452.0394,30815,1.0,3811,0.1237
device,resident,4,fp64,8,iand,1,31363.8270,31884,0.8,3925,0.1231
device,resident,4,fp64,8,ior,1,30226.9320,33083,0.8,3955,0.1195
device,resident,4,fp64,8,ixor,1,30632.5133,32645,0.8,4091,0.1253
device,resident,4,fp64,8,iadd,1,31016.4801,32241,0.8,4095,0.1270
device,resident,4,fp64,8,isub,1,30788.4671,32480,0.8,4023,0.1239
device,resident,4,fp64,8,ishl,1,30545.4791,32738,0.8,3939,0.1203
device,resident,4,fp64,8,ishr,1,30547.4180,32736,0.8,4055,0.1239
device,resident,4,fp64,8,icmplt,1,30519.3335,32766,0.8,4096,0.1250
device,resident,4,fp64,8,add,1,31983.5751,31266,0.8,4050,0.1295
device,resident,4,fp64,8,sub,1,32238.2994,31019,0.7,3945,0.1272
device,resident,4,fp64,8,mul,1,32079.2056,31173,0.7,3857,0.1237
device,resident,4,fp64,8,fma,1,32036.0041,31215,1.0,3868,0.1239
software,host,0,fp64,8,abs,2,72.3691,13818054,221.1,795440,0.1151
software,host,0,fp64,8,neg,2,73.0164,13695547,219.1,856418,0.1251
software,host,0,fp64,8,copysign,2,73.4234,13619633,326.9,853306,0.1253
software,host,0,fp64,8,min,2,131.1106,7627151,183.1,474419,0.1244
software,host,0,fp64,8,max,2,130.3548,7671371,184.1,480197,0.1252
software,host,0,fp64,8,minnum,2,125.9063,7942414,190.6,485965,0.1224
software,host,0,fp64,8,maxnum,2,131.1766,7623310,183.0,480161,0.1260
software,host,0,fp64,8,cmplt,2,147.2215,6792488,163.0,433788,0.1277
software,host,0,fp64,8,cmple,2,143.3749,6974721,167.4,431924,0.1239
software,host,0,fp64,8,cmpeq,2,127.3654,7851426,188.4,486170,0.1238
software,host,0,fp64,8,select,2,77.1983,12953657,414.5,827459,0.1278
software,host,0,fp64,8,iand,2,68.3915,14621700,350.9,895673,0.1225
software,host,0,fp64,8,ior,2,69.5750,14372989,345.0,900964,0.1254
software,host,0,fp64,8,ixor,2,70.4440,14195682,340.7,897759,0.1265
software,host,0,fp64,8,iadd,2,72.3002,13831216,331.9,884517,0.1279
software,host,0,fp64,8,isub,2,83.3859,11992430,287.8,737135,0.1229
software,host,0,fp64,8,ishl,2,93.6573,10677223,256.3,642292,0.1203
software,host,0,fp64,8,ishr,2,69.2004,14450777,346.8,876545,0.1213
software,host,0,fp64,8,icmplt,2,61.3199,16307914,391.4,1031503,0.1265
software,host,0,fp64,8,add,2,393.0172,2544418,61.1,162663,0.1279
software,host,0,fp64,8,sub,2,401.1934,2492563,59.8,149148,0.1197
software,host,0,fp64,8,mul,2,289.5180,3454016,82.9,208757,0.1209
software,host,0,fp64,8,fma,2,358.7304,2787609,89.2,182822,0.1312
device,host,1,fp64,8,abs,2,47101.2558,21231,0.3,1337,0.1259
device,host,1,fp64,8,neg,2,47394.3879,21100,0.3,1325,0.1256
device,host,1,fp64,8,copysign,2,47299.7742,21142,0.5,1331,0.1259
device,host,1,fp64,8,min,2,46973.7306,21288,0.5,1325,0.1245
device,host,1,fp64,8,max,2,47717.2192,20957,0.5,1293,0.1234
device,host,1,fp64,8,minnum,2,47710.9561,20960,0.5,1323,0.1262
device,host,1,fp64,8,maxnum,2,47828.6433,20908,0.5,1326,0.1268
device,host,1,fp64,8,cmplt,2,44482.0096,22481,0.5,1306,0.1162
device,host,1,fp64,8,cmple,2,35461.2125,28200,0.7,1689,0.1198
device,host,1,fp64,8,cmpeq,2,35320.7170,28312,0.7,1786,0.1262
device,host,1,fp64,8,select,2,41063.3677,24353,0.8,1742,0.1431
device,host,1,fp64,8,iand,2,44108.1692,22672,0.5,1495,0.1319
device,host,1,fp64,8,ior,2,52226.3102,19147,0.5,1299,0.1357
device,host,1,fp64,8,ixor,2,53904.2304,18551,0.4,1135,0.1224
device,host,1,fp64,8,iadd,2,53933.8798,18541,0.4,1173,0.1265
device,host,1,fp64,8,isub,2,52685.3695,18981,0.5,1199,0.1263
device,host,1,fp64,8,ishl,2,51743.5457,19326,0.5,1204,0.1246
device,host,1,fp64,8,ishr,2,51006.3294,19605,0.5,1228,0.1253
device,host,1,fp64,8,icmplt,2,52889.3539,18907,0.5,1222,0.1293
device,host,1,fp64,8,add,2,57093.9964,17515,0.4,1117,0.1275
device,host,1,fp64,8,sub,2,57119.4904,17507,0.4,1095,0.1251
device,host,1,fp64,8,mul,2,57107.7194,17511,0.4,1096,0.1252
device,host,1,fp64,8,fma,2,55458.8839,18031,0.6,1085,0.1203
device,resident,1,fp64,8,abs,2,15018.8530,66583,1.1,3946,0.1185
device,resident,1,fp64,8,neg,2,14820.5783,67474,1.1,4096,0.1214
device,resident,1,fp64,8,copysign,2,14686.3037,68091,1.6,4096,0.1203
device,resident,1,fp64,8,min,2,14526.9101,68838,1.7,4096,0.1190
device,resident,1,fp64,8,max,2,14151.5998,70663,1.7,4096,0.1159
device,resident,1,fp64,8,minnum,2,14014.0145,71357,1.7,4096,0.1148
device,resident,1,fp64,8,maxnum,2,13822.4646,72346,1.7,4096,0.1132
device,resident,1,fp64,8,cmplt,2,13738.2787,72789,1.7,4096,0.1125
device,resident,1,fp64,8,cmple,2,13480.1852,74183,1.8,4096,0.1104
device,resident,1,fp64,8,cmpeq,2,13286.4757,75265,1.8,4096,0.1088
device,resident,1,fp64,8,select,2,13184.2694,75848,2.4,4096,0.1080
device,resident,1,fp64,8,iand,2,13160.8938,75983,1.8,4096,0.1078
device,resident,1,fp64,8,ior,2,13109.4597,76281,1.8,4096,0.1074
device,resident,1,fp64,8,ixor,2,13096.4961,76356,1.8,4096,0.1073
device,resident,1,fp64,8,iadd,2,13141.8180,76093,1.8,4096,0.1077
device,resident,1,fp64,8,isub,2,13124.8190,76192,1.8,4096,0.1075
device,resident,1,fp64,8,ishl,2,13070.1270,76510,1.8,4096,0.1071
device,resident,1,fp64,8,ishr,2,13226.4742,75606,1.8,4096,0.1084
device,resident,1,fp64,8,icmplt,2,13633.4644,73349,1.8,4096,0.1117
device,resident,1,fp64,8,add,2,13612.6366,73461,1.8,4096,0.1115
device,resident,1,fp64,8,sub,2,13202.2416,75745,1.8,4096,0.1082
device,resident,1,fp64,8,mul,2,12963.9772,77137,1.9,4096,0.1062
device,resident,1,fp64,8,fma,2,12812.4906,78049,2.5,4096,0.1050
device,host,4,fp64,8,abs,2,36936.0395,27074,0.4,1682,0.1243
device,host,4,fp64,8,neg,2,42756.3212,23388,0.4,1658,0.1418
device,host,4,fp64,8,copysign,2,43125.1969,23188,0.6,1442,0.1244
device,host,4,fp64,8,min,2,43396.1411,23044,0.6,1446,0.1255
device,host,4,fp64,8,max,2,45065.9517,22190,0.5,1357,0.1223
device,host,4,fp64,8,minnum,2,45144.5323,22151,0.5,1393,0.1258
device,host,4,fp64,8,maxnum,2,45157.9784,22144,0.5,1390,0.1255
device,host,4,fp64,8,cmplt,2,45230.1596,22109,0.5,1338,0.1210
device,host,4,fp64,8,cmple,2,46844.2197,21347,0.5,1388,0.1300
device,host,4,fp64,8,cmpeq,2,51072.8810,19580,0.5,1244,0.1271
device,host,4,fp64,8,select,2,52514.8764,19042,0.6,1218,0.1279
device,host,4,fp64,8,iand,2,52159.4715,19172,0.5,1175,0.1226
device,host,4,fp64,8,ior,2,54687.6210,18286,0.4,1198,0.1310
device,host,4,fp64,8,ixor,2,53379.8566,18734,0.4,1175,0.1254
device,host,4,fp64,8,iadd,2,54835.6194,18236,0.4,1164,0.1277
device,host,4,fp64,8,isub,2,55882.8016,17895,0.4,1129,0.1262
device,host,4,fp64,8,ishl,2,53422.1263,18719,0.4,1128,0.1205
device,host,4,fp64,8,ishr,2,35520.4954,28153,0.7,1739,0.1235
device,host,4,fp64,8,icmplt,2,35241.2849,28376,0.7,1767,0.1245
device,host,4,fp64,8,add,2,35377.3065,28267,0.7,1757,0.1243
device,host,4,fp64,8,sub,2,35463.9154,28198,0.7,1720,0.1220
device,host,4,fp64,8,mul,2,36362.6405,27501,0.7,1729,0.1257
device,host,4,fp64,8,fma,2,38743.1327,25811,0.8,1703,0.1320
device,resident,4,fp64,8,abs,2,14523.7477,68853,1.1,4060,0.1179
device,resident,4,fp64,8,neg,2,13934.2592,71766,1.1,4096,0.1141
device,resident,4,fp64,8,copysign,2,16109.4127,62076,1.5,4096,0.1320
device,resident,4,fp64,8,min,2,16819.5161,59455,1.4,3687,0.1240
device,resident,4,fp64,8,max,2,16723.9606,59794,1.4,3752,0.1255
device,resident,4,fp64,8,minnum,2,16691.5212,59911,1.4,3744,0.1250
device,resident,4,fp64,8,maxnum,2,16623.2922,60157,1.4,3748,0.1246
device,resident,4,fp64,8,cmplt,2,16588.3246,60283,1.4,3796,0.1259
device,resident,4,fp64,8,cmple,2,18064.2210,55358,1.3,3740,0.1351
device,resident,4,fp64,8,cmpeq,2,18217.9896,54891,1.3,3455,0.1259
device,resident,4,fp64,8,select,2,18133.8450,55146,1.8,3448,0.1251
device,resident,4,fp64,8,iand,2,18169.2054,55038,1.3,3444,0.1251
device,resident,4,fp64,8,ior,2,18831.4526,53103,1.3,3432,0.1293
device,resident,4,fp64,8,ixor,2,20325.6013,49199,1.2,3175,0.1291
device,resident,4,fp64,8,iadd,2,20590.5157,48566,1.2,3056,0.1258
device,resident,4,fp64,8,isub,2,21011.9774,47592,1.1,3009,0.1265
device,resident,4,fp64,8,ishl,2,20410.7029,48994,1.2,2915,0.1190
device,resident,4,fp64,8,ishr,2,18829.8788,53107,1.3,3177,0.1196
device,resident,4,fp64,8,icmplt,2,18288.4157,54679,1.3,3383,0.1237
device,resident,4,fp64,8,add,2,18276.8734,54714,1.3,3417,0.1249
device,resident,4,fp64,8,sub,2,18262.4510,54757,1.3,3440,0.1256
device,resident,4,fp64,8,mul,2,18297.6514,54652,1.3,3417,0.1250
device,resident,4,fp64,8,fma,2,18306.3241,54626,1.7,3391,0.1242
software,host,0,fp64,8,abs,4,68.0499,14695104,235.1,432679,0.1178
software,host,0,fp64,8,neg,4,69.1112,14469425,231.5,450807,0.1246
software,host,0,fp64,8,copysign,4,70.2881,14227158,341.5,448689,0.1262
software,host,0,fp64,8,min,4,121.8234,8208602,197.0,256491,0.1250
software,host,0,fp64,8,max,4,121.7933,8210635,197.1,252425,0.1230
software,host,0,fp64,8,minnum,4,122.3854,8170909,196.1,261735,0.1281
software,host,0,fp64,8,maxnum,4,122.5919,8157149,195.8,232453,0.1140
software,host,0,fp64,8,cmplt,4,156.2560,6399756,153.6,206651,0.1292
software,host,0,fp64,8,cmple,4,156.6876,6382127,153.2,209217,0.1311
software,host,0,fp64,8,cmpeq,4,122.9783,8131517,195.2,242629,0.1194
software,host,0,fp64,8,select,4,73.3109,13640538,436.5,425929,0.1249
software,host,0,fp64,8,iand,4,65.2716,15320594,367.7,476432,0.1244
software,host,0,fp64,8,ior,4,66.8321,14962871,359.1,458874,0.1227
software,host,0,fp64,8,ixor,4,65.7025,15220128,365.3,465988,0.1225
software,host,0,fp64,8,iadd,4,68.7436,14546815,349.1,459978,0.1265
software,host,0,fp64,8,isub,4,79.6498,12554967,301.3,389660,0.1241
software,host,0,fp64,8,ishl,4,90.6682,11029230,264.7,341334,0.1238
software,host,0,fp64,8,ishr,4,68.8621,14521782,348.5,455061,0.1253
software,host,0,fp64,8,icmplt,4,82.8422,12071137,289.7,375918,0.1246
software,host,0,fp64,8,add,4,394.4222,2535354,60.8,78435,0.1237
software,host,0,fp64,8,sub,4,400.6621,2495869,59.9,74961,0.1201
software,host,0,fp64,8,mul,4,283.4478,3527986,84.7,107459,0.1218
software,host,0,fp64,8,fma,4,362.8316,2756099,88.2,89671,0.1301
device,host,1,fp64,8,abs,4,22481.4367,44481,0.7,1374,0.1236
device,host,1,fp64,8,neg,4,22146.8463,45153,0.7,1418,0.1256
device,host,1,fp64,8,copysign,4,22042.2828,45367,1.1,1401,0.1235
device,host,1,fp64,8,min,4,26343.6611,37960,0.9,1386,0.1460
device,host,1,fp64,8,max,4,26636.4876,37542,0.9,1153,0.1228
device,host,1,fp64,8,minnum,4,18665.3354,53575,1.3,1657,0.1237
device,host,1,fp64,8,maxnum,4,21945.0349,45568,1.1,1482,0.1301
device,host,1,fp64,8,cmplt,4,18725.1014,53404,1.3,1341,0.1004
device,host,1,fp64,8,cmple,4,19778.3425,50560,1.2,1792,0.1418
device,host,1,fp64,8,cmpeq,4,21430.8007,46662,1.1,1499,0.1285
device,host,1,fp64,8,select,4,21639.8718,46211,1.5,1433,0.1240
device,host,1,fp64,8,iand,4,21682.5152,46120,1.1,1446,0.1254
device,host,1,fp64,8,ior,4,21702.5983,46077,1.1,1447,0.1256
device,host,1,fp64,8,ixor,4,23356.1995,42815,1.0,1451,0.1356
device,host,1,fp64,8,iadd,4,23938.4957,41774,1.0,1266,0.1212
device,host,1,fp64,8,isub,4,25152.9133,39757,1.0,1332,0.1340
device,host,1,fp64,8,ishl,4,25766.8397,38810,0.9,1184,0.1220
device,host,1,fp64,8,ishr,4,25832.7168,38711,0.9,1189,0.1229
device,host,1,fp64,8,icmplt,4,25935.0115,38558,0.9,1198,0.1243
device,host,1,fp64,8,add,4,26166.7281,38216,0.9,1178,0.1233
device,host,1,fp64,8,sub,4,26186.9494,38187,0.9,1215,0.1273
device,host,1,fp64,8,mul,4,26018.7159,38434,0.9,1269,0.1321
device,host,1,fp64,8,fma,4,25941.3397,38549,1.2,1190,0.1235
device,resident,1,fp64,8,abs,4,8145.6306,122765,2.0,3854,0.1256
device,resident,1,fp64,8,neg,4,8613.4171,116098,1.9,3619,0.1247
device,resident,1,fp64,8,copysign,4,8712.5492,114777,2.8,3651,0.1272
device,resident,1,fp64,8,min,4,9290.3468,107639,2.6,3306,0.1229
device,resident,1,fp64,8,max,4,9278.1909,107780,2.6,3321,0.1233
device,resident,1,fp64,8,minnum,4,9286.7678,107680,2.6,3364,0.1250
device,resident,1,fp64,8,maxnum,4,9315.8945,107343,2.6,3345,0.1246
device,resident,1,fp64,8,cmplt,4,9358.6049,106854,2.6,3341,0.1251
device,resident,1,fp64,8,cmple,4,9533.6004,104892,2.5,3363,0.1282
device,resident,1,fp64,8,cmpeq,4,9479.6802,105489,2.5,3266,0.1238
device,resident,1,fp64,8,select,4,9490.2538,105371,3.4,3262,0.1238
device,resident,1,fp64,8,iand,4,7086.3193,141117,3.4,4226,0.1198
device,resident,1,fp64,8,ior,4,7090.7953,141028,3.4,4096,0.1162
device,resident,1,fp64,8,ixor,4,7086.7508,141108,3.4,4096,0.1161
device,resident,1,fp64,8,iadd,4,7088.3459,141077,3.4,4096,0.1161
device,resident,1,fp64,8,isub,4,7103.1520,140783,3.4,4096,0.1164
device,resident,1,fp64,8,ishl,4,7092.3578,140997,3.4,4096,0.1162
device,resident,1,fp64,8,ishr,4,7058.4494,141674,3.4,4096,0.1156
device,resident,1,fp64,8,icmplt,4,7050.8062,141828,3.4,4096,0.1155
device,resident,1,fp64,8,add,4,7071.1341,141420,3.4,4096,0.1159
device,resident,1,fp64,8,sub,4,7075.4765,141333,3.4,4096,0.1159
device,resident,1,fp64,8,mul,4,7091.5834,141012,3.4,4096,0.1162
device,resident,1,fp64,8,fma,4,7085.7895,141128,4.5,4096,0.1161
device,host,4,fp64,8,abs,4,17218.8989,58076,0.9,1739,0.1198
device,host,4,fp64,8,neg,4,18067.8753,55347,0.9,1851,0.1338
device,host,4,fp64,8,copysign,4,22446.5424,44550,1.1,1552,0.1393
device,host,4,fp64,8,min,4,25947.2819,38540,0.9,1215,0.1261
device,host,4,fp64,8,max,4,22276.6128,44890,1.1,1305,0.1163
device,host,4,fp64,8,minnum,4,17131.2991,58373,1.4,1792,0.1228
device,host,4,fp64,8,maxnum,4,18498.4519,54059,1.3,1808,0.1338
device,host,4,fp64,8,cmplt,4,19306.7050,51795,1.2,1550,0.1197
device,host,4,fp64,8,cmple,4,21889.5728,45684,1.1,1498,0.1312
device,host,4,fp64,8,cmpeq,4,21899.2990,45664,1.1,1429,0.1252
device,host,4,fp64,8,select,4,23236.7448,43035,1.4,1433,0.1332
device,host,4,fp64,8,iand,4,20230.4105,49431,1.2,1254,0.1015
device,host,4,fp64,8,ior,4,18492.1987,54077,1.3,1556,0.1151
device,host,4,fp64,8,ixor,4,16985.3019,58874,1.4,1845,0.1254
device,host,4,fp64,8,iadd,4,18178.9763,55009,1.3,1827,0.1329
device,host,4,fp64,8,isub,4,22950.4980,43572,1.0,1619,0.1486
device,host,4,fp64,8,ishl,4,25985.6118,38483,0.9,1136,0.1181
device,host,4,fp64,8,ishr,4,26365.9972,37928,0.9,1170,0.1234
device,host,4,fp64,8,icmplt,4,25562.3090,39120,0.9,1216,0.1243
device,host,4,fp64,8,add,4,24817.8496,40294,1.0,1217,0.1208
device,host,4,fp64,8,sub,4,23997.7701,41671,1.0,1576,0.1513
device,host,4,fp64,8,mul,4,22398.0635,44647,1.1,1284,0.1150
device,host,4,fp64,8,fma,4,21643.2035,46204,1.5,1516,0.1312
device,resident,4,fp64,8,abs,4,7584.3262,131851,2.1,3611,0.1095
device,resident,4,fp64,8,neg,4,8669.1239,115352,1.8,4036,0.1400
device,resident,4,fp64,8,copysign,4,8765.3331,114086,2.7,3627,0.1272
device,resident,4,fp64,8,min,4,8647.1703,115645,2.8,3417,0.1182
device,resident,4,fp64,8,max,4,8610.0259,116144,2.8,3636,0.1252
device,resident,4,fp64,8,minnum,4,8712.4814,114778,2.8,3627,0.1264
device,resident,4,fp64,8,maxnum,4,8868.1508,112763,2.7,3493,0.1239
device,resident,4,fp64,8,cmplt,4,8866.0514,112790,2.7,3270,0.1160
device,resident,4,fp64,8,cmple,4,8822.0292,113353,2.7,3541,0.1250
device,resident,4,fp64,8,cmpeq,4,8823.0175,113340,2.7,3494,0.1233
device,resident,4,fp64,8,select,4,8780.7754,113885,3.6,3626,0.1274
device,resident,4,fp64,8,iand,4,8858.9104,112881,2.7,3453,0.1224
device,resident,4,fp64,8,ior,4,8783.4092,113851,2.7,3632,0.1276
device,resident,4,fp64,8,ixor,4,8575.8639,116606,2.8,3445,0.1182
device,resident,4,fp64,8,iadd,4,8219.1018,121668,2.9,3734,0.1228
device,resident,4,fp64,8,isub,4,8133.9821,122941,3.0,3806,0.1238
device,resident,4,fp64,8,ishl,4,8652.2250,115577,2.8,3389,0.1173
device,resident,4,fp64,8,ishr,4,9337.9431,107090,2.6,2894,0.1081
device,resident,4,fp64,8,icmplt,4,10795.7003,92629,2.2,2991,0.1292
device,resident,4,fp64,8,add,4,10415.4119,96012,2.3,2887,0.1203
device,resident,4,fp64,8,sub,4,8749.6630,114290,2.7,3564,0.1247
device,resident,4,fp64,8,mul,4,9477.3284,105515,2.5,3560,0.1350
device,resident,4,fp64,8,fma,4,10604.9061,94296,3.0,2868,0.1217
software,host,0,fp64,8,abs,8,71.7353,13940139,223.0,195043,0.1119
software,host,0,fp64,8,neg,8,71.4013,14005340,224.1,229213,0.1309
software,host,0,fp64,8,copysign,8,78.8711,12678909,304.3,183007,0.1155
software,host,0,fp64,8,min,8,127.0103,7873376,189.0,116430,0.1183
software,host,0,fp64,8,max,8,128.1709,7802083,187.2,121837,0.1249
software,host,0,fp64,8,minnum,8,127.7635,7826962,187.8,128333,0.1312
software,host,0,fp64,8,maxnum,8,127.1176,7866729,188.8,120154,0.1222
software,host,0,fp64,8,cmplt,8,139.5967,7163491,171.9,115269,0.1287
software,host,0,fp64,8,cmple,8,140.4721,7118851,170.9,109323,0.1229
software,host,0,fp64,8,cmpeq,8,133.9904,7463222,179.1,118575,0.1271
software,host,0,fp64,8,select,8,76.7220,13034076,417.1,206118,0.1265
software,host,0,fp64,8,iand,8,64.4379,15518816,372.5,233267,0.1202
software,host,0,fp64,8,ior,8,60.1995,16611434,398.7,230715,0.1111
software,host,0,fp64,8,ixor,8,66.3339,15075247,361.8,259658,0.1378
software,host,0,fp64,8,iadd,8,71.6599,13954798,334.9,226065,0.1296
software,host,0,fp64,8,isub,8,87.1505,11474403,275.4,195631,0.1364
software,host,0,fp64,8,ishl,8,94.5607,10575217,253.8,150091,0.1135
software,host,0,fp64,8,ishr,8,71.7941,13928721,334.3,225889,0.1297
software,host,0,fp64,8,icmplt,8,86.7974,11521076,276.5,191400,0.1329
software,host,0,fp64,8,add,8,425.4086,2350681,56.4,36786,0.1252
software,host,0,fp64,8,sub,8,429.2160,2329829,55.9,39318,0.1350
software,host,0,fp64,8,mul,8,325.4410,3072753,73.7,48004,0.1250
software,host,0,fp64,8,fma,8,380.0993,2630892,84.2,40683,0.1237
device,host,1,fp64,8,abs,8,9720.6139,102874,1.6,1615,0.1256
device,host,1,fp64,8,neg,8,9758.7697,102472,1.6,1596,0.1246
device,host,1,fp64,8,copysign,8,9609.0135,104069,2.5,1568,0.1205
device,host,1,fp64,8,min,8,9407.8783,106294,2.6,1658,0.1248
device,host,1,fp64,8,max,8,9414.3192,106221,2.5,1661,0.1251
device,host,1,fp64,8,minnum,8,9487.3566,105403,2.5,1654,0.1255
device,host,1,fp64,8,maxnum,8,9624.6056,103900,2.5,1643,0.1265
device,host,1,fp64,8,cmplt,8,9684.8188,103254,2.5,1620,0.1255
device,host,1,fp64,8,cmple,8,9503.2168,105228,2.5,1629,0.1238
device,host,1,fp64,8,cmpeq,8,10038.9039,99612,2.4,1656,0.1330
device,host,1,fp64,8,select,8,8383.2341,119286,3.8,1841,0.1235
device,host,1,fp64,8,iand,8,8345.7470,119822,2.9,1894,0.1265
device,host,1,fp64,8,ior,8,8322.4264,120157,2.9,1903,0.1267
device,host,1,fp64,8,ixor,8,8291.2056,120610,2.9,1823,0.1209
device,host,1,fp64,8,iadd,8,8275.2851,120842,2.9,1869,0.1237
device,host,1,fp64,8,isub,8,8316.4201,120244,2.9,1906,0.1268
device,host,1,fp64,8,ishl,8,8593.1780,116371,2.8,1862,0.1280
device,host,1,fp64,8,ishr,8,9496.0762,105307,2.5,1633,0.1241
device,host,1,fp64,8,icmplt,8,9599.2113,104175,2.5,1649,0.1266
device,host,1,fp64,8,add,8,9945.4576,100548,2.4,1616,0.1286
device,host,1,fp64,8,sub,8,10952.9498,91300,2.2,1481,0.1298
device,host,1,fp64,8,mul,8,11047.7531,90516,2.2,1445,0.1277
device,host,1,fp64,8,fma,8,10919.9618,91575,2.9,1461,0.1276
device,resident,1,fp64,8,abs,8,4415.6224,226469,3.6,3860,0.1364
device,resident,1,fp64,8,neg,8,4438.3071,225311,3.6,3492,0.1240
device,resident,1,fp64,8,copysign,8,4413.3354,226586,5.4,3569,0.1260
device,resident,1,fp64,8,min,8,4555.7799,219501,5.3,3532,0.1287
device,resident,1,fp64,8,max,8,4776.8793,209342,5.0,3262,0.1247
device,resident,1,fp64,8,minnum,8,4776.3136,209366,5.0,3237,0.1237
device,resident,1,fp64,8,maxnum,8,4514.2641,221520,5.3,3233,0.1168
device,resident,1,fp64,8,cmplt,8,4589.8708,217871,5.2,3419,0.1255
device,resident,1,fp64,8,cmple,8,4619.6960,216464,5.2,3368,0.1245
device,resident,1,fp64,8,cmpeq,8,4575.1222,218573,5.2,3432,0.1256
device,resident,1,fp64,8,select,8,4431.7828,225643,7.2,3530,0.1252
device,resident,1,fp64,8,iand,8,4421.3615,226175,5.4,3504,0.1239
device,resident,1,fp64,8,ior,8,4437.9357,225330,5.4,3524,0.1251
device,resident,1,fp64,8,ixor,8,4432.3993,225611,5.4,3508,0.1244
device,resident,1,fp64,8,iadd,8,4601.9643,217299,5.2,3554,0.1308
device,resident,1,fp64,8,isub,8,4683.7940,213502,5.1,3281,0.1229
device,resident,1,fp64,8,ishl,8,4731.1820,211364,5.1,3232,0.1223
device,resident,1,fp64,8,ishr,8,4726.3348,211580,5.1,3377,0.1277
device,resident,1,fp64,8,icmplt,8,4713.0962,212175,5.1,3257,0.1228
device,resident,1,fp64,8,add,8,4752.9623,210395,5.0,3305,0.1257
device,resident,1,fp64,8,sub,8,4689.9129,213224,5.1,3194,0.1198
device,resident,1,fp64,8,mul,8,4692.0791,213125,5.1,3295,0.1237
device,resident,1,fp64,8,fma,8,4657.0676,214727,6.9,3281,0.1222
device,host,4,fp64,8,abs,8,15071.3974,66351,1.1,1058,0.1276
device,host,4,fp64,8,neg,8,16682.8594,59942,1.0,992,0.1324
device,host,4,fp64,8,copysign,8,18264.4781,54751,1.3,898,0.1312
device,host,4,fp64,8,min,8,17591.1787,56847,1.4,890,0.1252
device,host,4,fp64,8,max,8,17020.1613,58754,1.4,824,0.1122
device,host,4,fp64,8,minnum,8,14745.4920,67817,1.6,1072,0.1265
device,host,4,fp64,8,maxnum,8,14588.9587,68545,1.6,1078,0.1258
device,host,4,fp64,8,cmplt,8,14770.8072,67701,1.6,1049,0.1240
device,host,4,fp64,8,cmple,8,15004.8177,66645,1.6,1051,0.1262
device,host,4,fp64,8,cmpeq,8,14657.6413,68224,1.6,1018,0.1194
device,host,4,fp64,8,select,8,14722.7439,67922,2.2,1069,0.1259
device,host,4,fp64,8,iand,8,14650.5784,68257,1.6,1079,0.1265
device,host,4,fp64,8,ior,8,14918.1746,67032,1.6,1050,0.1253
device,host,4,fp64,8,ixor,8,14752.4800,67785,1.6,1069,0.1262
device,host,4,fp64,8,iadd,8,17426.7389,57383,1.4,965,0.1345
device,host,4,fp64,8,isub,8,15312.7777,65305,1.6,862,0.1056
device,host,4,fp64,8,ishl,8,15180.7539,65873,1.6,1052,0.1278
device,host,4,fp64,8,ishr,8,16897.7628,59179,1.4,919,0.1242
device,host,4,fp64,8,icmplt,8,17585.8707,56864,1.4,925,0.1301
device,host,4,fp64,8,add,8,17726.1845,56414,1.4,846,0.1200
device,host,4,fp64,8,sub,8,18731.7869,53385,1.3,843,0.1263
device,host,4,fp64,8,mul,8,17657.4659,56633,1.4,807,0.1140
device,host,4,fp64,8,fma,8,18642.0132,53642,1.7,957,0.1427
device,resident,4,fp64,8,abs,8,4968.7131,201259,3.2,3103,0.1233
device,resident,4,fp64,8,neg,8,4849.4818,206208,3.3,3118,0.1210
device,resident,4,fp64,8,copysign,8,5245.8138,190628,4.6,3148,0.1321
device,resident,4,fp64,8,min,8,5034.0459,198647,4.8,2733,0.1101
device,resident,4,fp64,8,max,8,5040.9119,198377,4.8,3089,0.1246
device,resident,4,fp64,8,minnum,8,5090.4165,196448,4.7,3059,0.1246
device,resident,4,fp64,8,maxnum,8,5318.5685,188021,4.5,3064,0.1304
device,resident,4,fp64,8,cmplt,8,5611.7865,178196,4.3,2860,0.1284
device,resident,4,fp64,8,cmple,8,5838.3930,171280,4.1,2707,0.1264
device,resident,4,fp64,8,cmpeq,8,5963.2577,167694,4.0,2667,0.1272
device,resident,4,fp64,8,select,8,6254.1036,159895,5.1,2602,0.1302
device,resident,4,fp64,8,iand,8,6233.0407,160435,3.9,2506,0.1250
device,resident,4,fp64,8,ior,8,5434.8143,183999,4.4,3077,0.1338
device,resident,4,fp64,8,ixor,8,5087.4155,196563,4.7,3163,0.1287
device,resident,4,fp64,8,iadd,8,5469.8408,182821,4.4,2962,0.1296
device,resident,4,fp64,8,isub,8,5613.2431,178150,4.3,2561,0.1150
device,resident,4,fp64,8,ishl,8,5268.3573,189812,4.6,2987,0.1259
device,resident,4,fp64,8,ishr,8,5351.4073,186867,4.5,2969,0.1271
device,resident,4,fp64,8,icmplt,8,5395.0743,185354,4.4,2897,0.1250
device,resident,4,fp64,8,add,8,5357.0257,186671,4.5,2875,0.1232
device,resident,4,fp64,8,sub,8,5309.0833,188356,4.5,2870,0.1219
device,resident,4,fp64,8,mul,8,5312.2572,188244,4.5,2918,0.1240
device,resident,4,fp64,8,fma,8,5387.9541,185599,5.9,2922,0.1259
software,host,0,fp64,8,abs,16,66.6336,15007442,240.1,99998,0.1066
software,host,0,fp64,8,neg,16,71.8722,13913581,222.6,109701,0.1262
software,host,0,fp64,8,copysign,16,73.8031,13549560,325.2,103810,0.1226
software,host,0,fp64,8,min,16,125.2162,7986188,191.7,63049,0.1263
software,host,0,fp64,8,max,16,124.4588,8034789,192.8,62385,0.1242
software,host,0,fp64,8,minnum,16,126.1528,7926893,190.2,60738,0.1226
software,host,0,fp64,8,maxnum,16,116.3004,8598423,206.4,62015,0.1154
software,host,0,fp64,8,cmplt,16,137.2344,7286802,174.9,59299,0.1302
software,host,0,fp64,8,cmple,16,125.4663,7970268,191.3,61493,0.1234
software,host,0,fp64,8,cmpeq,16,119.5408,8365342,200.8,68743,0.1315
software,host,0,fp64,8,select,16,68.0647,14691911,470.1,124794,0.1359
software,host,0,fp64,8,iand,16,53.3805,18733434,449.6,119022,0.1017
software,host,0,fp64,8,ior,16,51.3414,19477463,467.5,153222,0.1259
software,host,0,fp64,8,ixor,16,50.7362,19709801,473.0,154549,0.1255
software,host,0,fp64,8,iadd,16,54.7731,18257133,438.2,143523,0.1258
software,host,0,fp64,8,isub,16,64.3246,15546154,373.1,115662,0.1190
software,host,0,fp64,8,ishl,16,70.1384,14257519,342.2,111865,0.1255
software,host,0,fp64,8,ishr,16,56.5500,17683480,424.4,138274,0.1251
software,host,0,fp64,8,icmplt,16,69.9347,14299056,343.2,113322,0.1268
software,host,0,fp64,8,add,16,342.6627,2918322,70.0,22986,0.1260
software,host,0,fp64,8,sub,16,353.2170,2831121,67.9,22031,0.1245
software,host,0,fp64,8,mul,16,254.1361,3934899,94.4,30852,0.1254
software,host,0,fp64,8,fma,16,305.9234,3268792,104.6,25597,0.1253
device,host,1,fp64,8,abs,16,5985.5000,167070,2.7,1353,0.1296
device,host,1,fp64,8,neg,16,6066.4465,164841,2.6,1274,0.1237
device,host,1,fp64,8,copysign,16,6065.3645,164871,4.0,1300,0.1262
device,host,1,fp64,8,min,16,6061.1588,164985,4.0,1300,0.1261
device,host,1,fp64,8,max,16,7123.9295,140372,3.4,1289,0.1469
device,host,1,fp64,8,minnum,16,7413.4825,134889,3.2,1051,0.1247
device,host,1,fp64,8,maxnum,16,7402.1683,135096,3.2,1052,0.1246
device,host,1,fp64,8,cmplt,16,7436.8956,134465,3.2,1054,0.1254
device,host,1,fp64,8,cmple,16,7400.2077,135131,3.2,1052,0.1246
device,host,1,fp64,8,cmpeq,16,6950.3691,143877,3.5,1125,0.1251
device,host,1,fp64,8,select,16,6952.0431,143843,4.6,1121,0.1247
device,host,1,fp64,8,iand,16,6915.9899,144592,3.5,1125,0.1245
device,host,1,fp64,8,ior,16,6559.8156,152443,3.7,1195,0.1254
device,host,1,fp64,8,ixor,16,6522.1739,153323,3.7,1196,0.1248
device,host,1,fp64,8,iadd,16,6514.6908,153499,3.7,1200,0.1251
device,host,1,fp64,8,isub,16,6517.3400,153437,3.7,1197,0.1248
device,host,1,fp64,8,ishl,16,6522.7687,153309,3.7,1199,0.1251
device,host,1,fp64,8,ishr,16,6513.5883,153525,3.7,1206,0.1257
device,host,1,fp64,8,icmplt,16,6509.2406,153628,3.7,1203,0.1253
device,host,1,fp64,8,add,16,7045.9954,141925,3.4,1198,0.1351
device,host,1,fp64,8,sub,16,6888.5393,145169,3.5,1120,0.1234
device,host,1,fp64,8,mul,16,6517.7772,153427,3.7,1197,0.1248
device,host,1,fp64,8,fma,16,6530.8649,153119,4.9,1198,0.1252
device,resident,1,fp64,8,abs,16,1821.7014,548937,8.8,4096,0.1194
device,resident,1,fp64,8,neg,16,1792.8545,557770,8.9,4096,0.1175
device,resident,1,fp64,8,copysign,16,1732.0845,577339,13.9,4096,0.1135
device,resident,1,fp64,8,min,16,1727.2644,578950,13.9,4096,0.1132
device,resident,1,fp64,8,max,16,1688.2617,592325,14.2,4096,0.1106
device,resident,1,fp64,8,minnum,16,1662.8940,601361,14.4,4096,0.1090
device,resident,1,fp64,8,maxnum,16,1657.9464,603156,14.5,4096,0.1087
device,resident,1,fp64,8,cmplt,16,1648.5152,606606,14.6,4096,0.1080
device,resident,1,fp64,8,cmple,16,1632.3668,612607,14.7,4096,0.1070
device,resident,1,fp64,8,cmpeq,16,1629.0561,613852,14.7,4096,0.1068
device,resident,1,fp64,8,select,16,1628.8395,613934,19.6,4096,0.1067
device,resident,1,fp64,8,iand,16,1633.3307,612246,14.7,4096,0.1070
device,resident,1,fp64,8,ior,16,1606.5686,622445,14.9,4096,0.1053
device,resident,1,fp64,8,ixor,16,1593.9547,627370,15.1,4096,0.1045
device,resident,1,fp64,8,iadd,16,1593.0089,627743,15.1,4096,0.1044
device,resident,1,fp64,8,isub,16,1584.2968,631195,15.1,4096,0.1038
device,resident,1,fp64,8,ishl,16,1581.9798,632119,15.2,4096,0.1037
device,resident,1,fp64,8,ishr,16,1590.1694,628864,15.1,4096,0.1042
device,resident,1,fp64,8,icmplt,16,1573.1619,635662,15.3,4096,0.1031
device,resident,1,fp64,8,add,16,1586.5854,630284,15.1,4096,0.1040
device,resident,1,fp64,8,sub,16,1600.6255,624756,15.0,4096,0.1049
device,resident,1,fp64,8,mul,16,1583.3789,631561,15.2,4096,0.1038
device,resident,1,fp64,8,fma,16,1586.4406,630342,20.2,4096,0.1040
device,host,4,fp64,8,abs,16,21523.2761,46461,0.7,459,0.1581
device,host,4,fp64,8,neg,16,25861.3549,38668,0.6,301,0.1245
device,host,4,fp64,8,copysign,16,25892.3982,38621,0.9,305,0.1264
device,host,4,fp64,8,min,16,25819.2108,38731,0.9,301,0.1243
device,host,4,fp64,8,max,16,25788.6285,38777,0.9,304,0.1254
device,host,4,fp64,8,minnum,16,25774.9990,38797,0.9,303,0.1250
device,host,4,fp64,8,maxnum,16,26066.4092,38364,0.9,305,0.1272
device,host,4,fp64,8,cmplt,16,26578.8812,37624,0.9,293,0.1246
device,host,4,fp64,8,cmple,16,25611.2585,39045,0.9,294,0.1205
device,host,4,fp64,8,cmpeq,16,24869.4491,40210,1.0,312,0.1241
device,host,4,fp64,8,select,16,25022.5298,39964,1.3,313,0.1253
device,host,4,fp64,8,iand,16,24101.7797,41491,1.0,311,0.1199
device,host,4,fp64,8,ior,16,24048.9599,41582,1.0,324,0.1247
device,host,4,fp64,8,ixor,16,26266.8586,38071,0.9,327,0.1374
device,host,4,fp64,8,iadd,16,25616.5186,39037,0.9,299,0.1225
device,host,4,fp64,8,isub,16,23955.5596,41744,1.0,326,0.1250
device,host,4,fp64,8,ishl,16,24048.7634,41582,1.0,327,0.1258
device,host,4,fp64,8,ishr,16,24019.9263,41632,1.0,325,0.1249
device,host,4,fp64,8,icmplt,16,24967.6081,40052,1.0,326,0.1302
device,host,4,fp64,8,add,16,24223.6275,41282,1.0,328,0.1271
device,host,4,fp64,8,sub,16,23863.3202,41905,1.0,326,0.1245
device,host,4,fp64,8,mul,16,24083.6604,41522,1.0,328,0.1264
device,host,4,fp64,8,fma,16,26850.6905,37243,1.2,291,0.1250
device,resident,4,fp64,8,abs,16,4016.8728,248950,4.0,1915,0.1231
device,resident,4,fp64,8,neg,16,4079.3121,245139,3.9,1941,0.1267
device,resident,4,fp64,8,copysign,16,4100.2741,243886,5.9,1903,0.1248
device,resident,4,fp64,8,min,16,4117.5186,242865,5.8,1881,0.1239
device,resident,4,fp64,8,max,16,4083.3601,244896,5.9,1888,0.1234
device,resident,4,fp64,8,minnum,16,4195.8404,238331,5.7,1887,0.1267
device,resident,4,fp64,8,maxnum,16,4201.2687,238023,5.7,1862,0.1252
device,resident,4,fp64,8,cmplt,16,4200.0713,238091,5.7,1860,0.1250
device,resident,4,fp64,8,cmple,16,4221.5317,236881,5.7,1862,0.1258
device,resident,4,fp64,8,cmpeq,16,4212.3376,237398,5.7,1837,0.1238
device,resident,4,fp64,8,select,16,4193.1737,238483,7.6,1883,0.1263
device,resident,4,fp64,8,iand,16,4193.8139,238446,5.7,1871,0.1255
device,resident,4,fp64,8,ior,16,4192.7926,238505,5.7,1856,0.1245
device,resident,4,fp64,8,ixor,16,4190.2481,238649,5.7,1863,0.1249
device,resident,4,fp64,8,iadd,16,4191.1030,238601,5.7,1850,0.1241
device,resident,4,fp64,8,isub,16,4189.5381,238690,5.7,1851,0.1241
device,resident,4,fp64,8,ishl,16,4213.8022,237315,5.7,1866,0.1258
device,resident,4,fp64,8,ishr,16,4195.0592,238376,5.7,1851,0.1242
device,resident,4,fp64,8,icmplt,16,4199.0101,238151,5.7,1877,0.1261
device,resident,4,fp64,8,add,16,4193.6576,238455,5.7,1856,0.1245
device,resident,4,fp64,8,sub,16,4183.2771,239047,5.7,1861,0.1246
device,resident,4,fp64,8,mul,16,4195.4888,238351,5.7,1854,0.1245
device,resident,4,fp64,8,fma,16,4191.5630,238574,7.6,1849,0.1240
software,host,0,fp64,8,abs,32,51.5017,19416827,310.7,73220,0.1207
software,host,0,fp64,8,neg,32,56.7132,17632575,282.1,66448,0.1206
software,host,0,fp64,8,copysign,32,57.6643,17341753,416.2,68312,0.1261
software,host,0,fp64,8,min,32,96.7889,10331760,248.0,40381,0.1251
software,host,0,fp64,8,max,32,96.4897,10363800,248.7,40427,0.1248
software,host,0,fp64,8,minnum,32,97.4858,10257907,246.2,40278,0.1256
software,host,0,fp64,8,maxnum,32,97.2436,10283458,246.8,40309,0.1254
software,host,0,fp64,8,cmplt,32,116.9405,8551356,205.2,33351,0.1248
software,host,0,fp64,8,cmple,32,120.3463,8309352,199.4,32930,0.1268
software,host,0,fp64,8,cmpeq,32,103.7148,9641826,231.4,38264,0.1270
software,host,0,fp64,8,select,32,65.0628,15369757,491.8,65017,0.1354
software,host,0,fp64,8,iand,32,54.5476,18332622,440.0,79199,0.1382
software,host,0,fp64,8,ior,32,50.1753,19930109,478.3,77847,0.1250
software,host,0,fp64,8,ixor,32,49.7918,20083642,482.0,78703,0.1254
software,host,0,fp64,8,iadd,32,55.4215,18043538,433.0,70849,0.1256
software,host,0,fp64,8,isub,32,65.0664,15368918,368.9,60292,0.1255
software,host,0,fp64,8,ishl,32,72.4482,13802965,331.3,54118,0.1255
software,host,0,fp64,8,ishr,32,53.8509,18569809,445.7,73138,0.1260
software,host,0,fp64,8,icmplt,32,65.0073,15382883,369.2,60629,0.1261
software,host,0,fp64,8,add,32,340.2096,2939364,70.5,11164,0.1215
software,host,0,fp64,8,sub,32,351.1824,2847523,68.3,11133,0.1251
software,host,0,fp64,8,mul,32,253.3886,3946507,94.7,15411,0.1250
software,host,0,fp64,8,fma,32,297.9424,3356353,107.4,13159,0.1255
device,host,1,fp64,8,abs,32,3525.1152,283679,4.5,1281,0.1445
device,host,1,fp64,8,neg,32,3560.5109,280859,4.5,1098,0.1251
device,host,1,fp64,8,copysign,32,3558.6410,281006,6.7,1097,0.1249
device,host,1,fp64,8,min,32,3562.4481,280706,6.7,1094,0.1247
device,host,1,fp64,8,max,32,3557.0103,281135,6.7,1095,0.1246
device,host,1,fp64,8,minnum,32,3558.9575,280981,6.7,1100,0.1253
device,host,1,fp64,8,maxnum,32,3588.2318,278689,6.7,1085,0.1246
device,host,1,fp64,8,cmplt,32,3570.1039,280104,6.7,1051,0.1201
device,host,1,fp64,8,cmple,32,3552.6730,281478,6.8,1104,0.1255
device,host,1,fp64,8,cmpeq,32,3549.7552,281710,6.8,1098,0.1247
device,host,1,fp64,8,select,32,3548.9872,281771,9.0,1102,0.1252
device,host,1,fp64,8,iand,32,3550.9769,281613,6.8,1104,0.1254
device,host,1,fp64,8,ior,32,3548.8370,281782,6.8,1098,0.1247
device,host,1,fp64,8,ixor,32,3547.9275,281855,6.8,1102,0.1251
device,host,1,fp64,8,iadd,32,3576.1147,279633,6.7,1098,0.1257
device,host,1,fp64,8,isub,32,3573.8663,279809,6.7,1093,0.1250
device,host,1,fp64,8,ishl,32,3563.8376,280596,6.7,1091,0.1244
device,host,1,fp64,8,ishr,32,3476.9691,287607,6.9,1120,0.1246
device,host,1,fp64,8,icmplt,32,3480.9311,287279,6.9,1120,0.1248
device,host,1,fp64,8,add,32,3482.1795,287176,6.9,1118,0.1246
device,host,1,fp64,8,sub,32,3531.2638,283185,6.8,1122,0.1268
device,host,1,fp64,8,mul,32,3578.3720,279457,6.7,1090,0.1248
device,host,1,fp64,8,fma,32,3574.6321,279749,9.0,1095,0.1253
device,resident,1,fp64,8,abs,32,1013.6297,986554,15.8,3574,0.1159
device,resident,1,fp64,8,neg,32,1008.5430,991529,15.9,3873,0.1250
device,resident,1,fp64,8,copysign,32,1061.4897,942072,22.6,3870,0.1315
device,resident,1,fp64,8,min,32,1091.0073,916584,22.0,3566,0.1245
device,resident,1,fp64,8,max,32,1033.6469,967448,23.2,3563,0.1179
device,resident,1,fp64,8,minnum,32,1005.0239,995001,23.9,3835,0.1233
device,resident,1,fp64,8,maxnum,32,1012.2197,987928,23.7,3848,0.1246
device,resident,1,fp64,8,cmplt,32,1003.4614,996550,23.9,3840,0.1233
device,resident,1,fp64,8,cmple,32,982.8862,1017412,24.4,3955,0.1244
device,resident,1,fp64,8,cmpeq,32,985.6287,1014581,24.3,3861,0.1218
device,resident,1,fp64,8,select,32,983.3594,1016922,32.5,3914,0.1232
device,resident,1,fp64,8,iand,32,984.3972,1015850,24.4,3908,0.1231
device,resident,1,fp64,8,ior,32,1002.7568,997251,23.9,3906,0.1253
device,resident,1,fp64,8,ixor,32,983.4568,1016821,24.4,3940,0.1240
device,resident,1,fp64,8,iadd,32,980.5171,1019870,24.5,3891,0.1221
device,resident,1,fp64,8,isub,32,983.0204,1017273,24.4,3967,0.1248
device,resident,1,fp64,8,ishl,32,980.3992,1019993,24.5,4000,0.1255
device,resident,1,fp64,8,ishr,32,980.3504,1020043,24.5,3965,0.1244
device,resident,1,fp64,8,icmplt,32,990.3088,1009786,24.2,3944,0.1250
device,resident,1,fp64,8,add,32,1005.1258,994900,23.9,3904,0.1256
device,resident,1,fp64,8,sub,32,1009.5127,990577,23.8,3657,0.1181
device,resident,1,fp64,8,mul,32,987.7160,1012437,24.3,3920,0.1239
device,resident,1,fp64,8,fma,32,1048.4961,953747,30.5,3772,0.1266
device,host,4,fp64,8,abs,32,7121.4291,140421,2.2,535,0.1219
device,host,4,fp64,8,neg,32,7106.4420,140717,2.3,551,0.1253
device,host,4,fp64,8,copysign,32,7120.3475,140443,3.4,548,0.1249
device,host,4,fp64,8,min,32,7084.2363,141158,3.4,543,0.1231
device,host,4,fp64,8,max,32,7105.3760,140739,3.4,554,0.1260
device,host,4,fp64,8,minnum,32,7134.1733,140170,3.4,550,0.1256
device,host,4,fp64,8,maxnum,32,7035.7482,142131,3.4,544,0.1225
device,host,4,fp64,8,cmplt,32,7140.5571,140045,3.4,559,0.1277
device,host,4,fp64,8,cmple,32,7360.7066,135857,3.3,537,0.1265
device,host,4,fp64,8,cmpeq,32,7354.3445,135974,3.3,531,0.1250
device,host,4,fp64,8,select,32,7434.0318,134517,4.3,531,0.1263
device,host,4,fp64,8,iand,32,7453.0606,134173,3.2,526,0.1254
device,host,4,fp64,8,ior,32,7445.0449,134318,3.2,524,0.1248
device,host,4,fp64,8,ixor,32,7438.1369,134442,3.2,526,0.1252
device,host,4,fp64,8,iadd,32,7438.6874,134432,3.2,526,0.1252
device,host,4,fp64,8,isub,32,7363.5889,135803,3.3,530,0.1249
device,host,4,fp64,8,ishl,32,7404.8607,135046,3.2,532,0.1261
device,host,4,fp64,8,ishr,32,7727.5001,129408,3.1,506,0.1251
device,host,4,fp64,8,icmplt,32,7742.5105,129157,3.1,506,0.1254
device,host,4,fp64,8,add,32,7748.9489,129050,3.1,505,0.1252
device,host,4,fp64,8,sub,32,7733.0749,129315,3.1,504,0.1247
device,host,4,fp64,8,mul,32,7730.1103,129364,3.1,506,0.1252
device,host,4,fp64,8,fma,32,7732.1677,129330,4.1,507,0.1254
device,resident,4,fp64,8,abs,32,2026.4974,493462,7.9,1869,0.1212
device,resident,4,fp64,8,neg,32,2007.1253,498225,8.0,1956,0.1256
device,resident,4,fp64,8,copysign,32,2034.0057,491641,11.8,1933,0.1258
device,resident,4,fp64,8,min,32,2073.8866,482186,11.6,1902,0.1262
device,resident,4,fp64,8,max,32,2105.9271,474850,11.4,1859,0.1253
device,resident,4,fp64,8,minnum,32,2106.3903,474746,11.4,1857,0.1252
device,resident,4,fp64,8,maxnum,32,2103.1028,475488,11.4,1859,0.1251
device,resident,4,fp64,8,cmplt,32,2104.2573,475227,11.4,1858,0.1251
device,resident,4,fp64,8,cmple,32,2105.0001,475059,11.4,1854,0.1249
device,resident,4,fp64,8,cmpeq,32,2104.9859,475063,11.4,1855,0.1250
device,resident,4,fp64,8,select,32,2106.1594,474798,15.2,1858,0.1252
device,resident,4,fp64,8,iand,32,2120.0462,471688,11.3,1858,0.1260
device,resident,4,fp64,8,ior,32,2114.3080,472968,11.4,1851,0.1252
device,resident,4,fp64,8,ixor,32,2112.0116,473482,11.4,1847,0.1248
device,resident,4,fp64,8,iadd,32,2106.6760,474681,11.4,1860,0.1254
device,resident,4,fp64,8,isub,32,2107.0067,474607,11.4,1852,0.1249
device,resident,4,fp64,8,ishl,32,2105.3439,474982,11.4,1859,0.1252
device,resident,4,fp64,8,ishr,32,2102.3242,475664,11.4,1850,0.1245
device,resident,4,fp64,8,icmplt,32,2122.9239,471048,11.3,1853,0.1259
device,resident,4,fp64,8,add,32,2192.1327,456177,10.9,1797,0.1261
device,resident,4,fp64,8,sub,32,2147.5907,465638,11.2,1815,0.1247
device,resident,4,fp64,8,mul,32,2227.8377,448866,10.8,1778,0.1268
device,resident,4,fp64,8,fma,32,2214.9845,451470,14.4,1769,0.1254
software,host,0,fp64,8,abs,64,51.0404,19592313,313.5,37396,0.1222
software,host,0,fp64,8,neg,64,56.6071,17665636,282.7,33920,0.1229
software,host,0,fp64,8,copysign,64,57.0411,17531225,420.7,34702,0.1267
software,host,0,fp64,8,min,64,97.0593,10302980,247.3,19673,0.1222
software,host,0,fp64,8,max,64,96.6073,10351183,248.4,20262,0.1253
software,host,0,fp64,8,minnum,64,98.4019,10162402,243.9,20038,0.1262
software,host,0,fp64,8,maxnum,64,96.8527,10324957,247.8,20190,0.1251
software,host,0,fp64,8,cmplt,64,122.0634,8192461,196.6,15973,0.1248
software,host,0,fp64,8,cmple,64,122.8796,8138046,195.3,15859,0.1247
software,host,0,fp64,8,cmpeq,64,103.3285,9677875,232.3,18883,0.1249
software,host,0,fp64,8,select,64,54.7892,18251782,584.1,35695,0.1252
software,host,0,fp64,8,iand,64,49.3183,20276452,486.6,39797,0.1256
software,host,0,fp64,8,ior,64,49.8400,20064219,481.5,39246,0.1252
software,host,0,fp64,8,ixor,64,49.2736,20294831,487.1,39697,0.1252
software,host,0,fp64,8,iadd,64,55.6111,17982032,431.6,35139,0.1251
software,host,0,fp64,8,isub,64,63.6940,15700068,376.8,30688,0.1251
software,host,0,fp64,8,ishl,64,69.4405,14400822,345.6,28170,0.1252
software,host,0,fp64,8,ishr,64,55.7147,17948597,430.8,35157,0.1254
software,host,0,fp64,8,icmplt,64,64.2898,15554570,373.3,30548,0.1257
software,host,0,fp64,8,add,64,340.8516,2933828,70.4,5731,0.1250
software,host,0,fp64,8,sub,64,354.7042,2819250,67.7,5527,0.1255
software,host,0,fp64,8,mul,64,250.5705,3990893,95.8,7781,0.1248
software,host,0,fp64,8,fma,64,301.3334,3318583,106.2,6458,0.1245
device,host,1,fp64,8,abs,64,1509.2352,662587,10.6,1336,0.1290
device,host,1,fp64,8,neg,64,1714.4267,583285,9.3,1282,0.1407
device,host,1,fp64,8,copysign,64,1735.8511,576086,13.8,1128,0.1253
device,host,1,fp64,8,min,64,1739.6465,574829,13.8,1126,0.1254
device,host,1,fp64,8,max,64,1614.1256,619530,14.9,1133,0.1170
device,host,1,fp64,8,minnum,64,1599.5064,625193,15.0,1256,0.1286
device,host,1,fp64,8,maxnum,64,1635.3211,611501,14.7,1188,0.1243
device,host,1,fp64,8,cmplt,64,1648.6676,606550,14.6,1212,0.1279
device,host,1,fp64,8,cmple,64,1717.3940,582278,14.0,1183,0.1300
device,host,1,fp64,8,cmpeq,64,1796.7468,556561,13.4,1090,0.1253
device,host,1,fp64,8,select,64,1769.2565,565209,18.1,1087,0.1231
device,host,1,fp64,8,iand,64,1602.2066,624139,15.0,1167,0.1197
device,host,1,fp64,8,ior,64,1529.7703,653693,15.7,1286,0.1259
device,host,1,fp64,8,ixor,64,1619.5706,617448,14.8,1257,0.1303
device,host,1,fp64,8,iadd,64,1649.0419,606413,14.6,1184,0.1250
device,host,1,fp64,8,isub,64,1648.3044,606684,14.6,1181,0.1246
device,host,1,fp64,8,ishl,64,1664.3362,600840,14.4,1183,0.1260
device,host,1,fp64,8,ishr,64,1652.6761,605079,14.5,1179,0.1247
device,host,1,fp64,8,icmplt,64,1652.8819,605004,14.5,1186,0.1255
device,host,1,fp64,8,add,64,1653.9172,604625,14.5,1180,0.1249
device,host,1,fp64,8,sub,64,1652.1108,605286,14.5,1182,0.1250
device,host,1,fp64,8,mul,64,1666.1630,600181,14.4,1179,0.1257
device,host,1,fp64,8,fma,64,1662.7169,601425,19.2,1184,0.1260
device,resident,1,fp64,8,abs,64,460.8581,2169866,34.7,3959,0.1168
device,resident,1,fp64,8,neg,64,466.0653,2145622,34.3,4096,0.1222
device,resident,1,fp64,8,copysign,64,486.2357,2056616,49.4,4090,0.1273
device,resident,1,fp64,8,min,64,478.6008,2089424,50.1,4039,0.1237
device,resident,1,fp64,8,max,64,448.5542,2229385,53.5,4096,0.1176
device,resident,1,fp64,8,minnum,64,438.8565,2278649,54.7,4096,0.1150
device,resident,1,fp64,8,maxnum,64,431.1478,2319390,55.7,4096,0.1130
device,resident,1,fp64,8,cmplt,64,522.0138,1915658,46.0,4096,0.1368
device,resident,1,fp64,8,cmple,64,558.6375,1790070,43.0,3491,0.1248
device,resident,1,fp64,8,cmpeq,64,568.1533,1760088,42.2,3505,0.1274
device,resident,1,fp64,8,select,64,598.1671,1671774,53.5,3386,0.1296
device,resident,1,fp64,8,iand,64,657.2803,1521421,36.5,3064,0.1289
device,resident,1,fp64,8,ior,64,659.5917,1516089,36.4,2915,0.1231
device,resident,1,fp64,8,ixor,64,658.4895,1518627,36.4,2970,0.1252
device,resident,1,fp64,8,iadd,64,663.7090,1506684,36.2,2959,0.1257
device,resident,1,fp64,8,isub,64,665.2536,1503186,36.1,2926,0.1246
device,resident,1,fp64,8,ishl,64,662.7125,1508950,36.2,2935,0.1245
device,resident,1,fp64,8,ishr,64,657.2969,1521382,36.5,2973,0.1251
device,resident,1,fp64,8,icmplt,64,653.3602,1530549,36.7,2997,0.1253
device,resident,1,fp64,8,add,64,655.4597,1525647,36.6,2995,0.1256
device,resident,1,fp64,8,sub,64,654.9522,1526829,36.6,2986,0.1252
device,resident,1,fp64,8,mul,64,655.0136,1526686,36.6,2996,0.1256
device,resident,1,fp64,8,fma,64,654.2883,1528378,48.9,2962,0.1240
device,host,4,fp64,8,abs,64,3249.0544,307782,4.9,522,0.1085
device,host,4,fp64,8,neg,64,3238.1757,308816,4.9,608,0.1260
device,host,4,fp64,8,copysign,64,3223.1452,310256,7.4,608,0.1254
device,host,4,fp64,8,min,64,3226.7404,309910,7.4,607,0.1254
device,host,4,fp64,8,max,64,3226.0881,309973,7.4,606,0.1251
device,host,4,fp64,8,minnum,64,3311.1889,302006,7.2,608,0.1288
device,host,4,fp64,8,maxnum,64,3955.7382,252797,6.1,519,0.1314
device,host,4,fp64,8,cmplt,64,4108.3849,243405,5.8,476,0.1252
device,host,4,fp64,8,cmple,64,4110.0356,243307,5.8,477,0.1255
device,host,4,fp64,8,cmpeq,64,4112.6604,243152,5.8,475,0.1250
device,host,4,fp64,8,select,64,4117.4177,242871,7.8,475,0.1252
device,host,4,fp64,8,iand,64,4108.2261,243414,5.8,475,0.1249
device,host,4,fp64,8,ior,64,4124.8884,242431,5.8,474,0.1251
device,host,4,fp64,8,ixor,64,5874.9752,170213,4.1,398,0.1496
device,host,4,fp64,8,iadd,64,6865.0696,145665,3.5,284,0.1248
device,host,4,fp64,8,isub,64,6854.5145,145889,3.5,286,0.1255
device,host,4,fp64,8,ishl,64,6973.4879,143400,3.4,285,0.1272
device,host,4,fp64,8,ishr,64,6981.0417,143245,3.4,280,0.1251
device,host,4,fp64,8,icmplt,64,6988.2052,143098,3.4,280,0.1252
device,host,4,fp64,8,add,64,6356.5328,157318,3.8,287,0.1168
device,host,4,fp64,8,sub,64,6431.3696,155488,3.7,306,0.1260
device,host,4,fp64,8,mul,64,6382.1368,156687,3.8,308,0.1258
device,host,4,fp64,8,fma,64,6392.1776,156441,5.0,306,0.1252
device,resident,4,fp64,8,abs,64,1025.0790,975535,15.6,1877,0.1231
device,resident,4,fp64,8,neg,64,1024.3375,976241,15.6,1908,0.1251
device,resident,4,fp64,8,copysign,64,1024.2924,976284,23.4,1904,0.1248
device,resident,4,fp64,8,min,64,1029.6617,971193,23.3,1908,0.1257
device,resident,4,fp64,8,max,64,1025.0898,975524,23.4,1905,0.1250
device,resident,4,fp64,8,minnum,64,1024.5970,975993,23.4,1904,0.1249
device,resident,4,fp64,8,maxnum,64,1024.4456,976138,23.4,1903,0.1248
device,resident,4,fp64,8,cmplt,64,1029.8312,971033,23.3,1895,0.1249
device,resident,4,fp64,8,cmple,64,1035.0045,966179,23.2,1890,0.1252
device,resident,4,fp64,8,cmpeq,64,1038.2218,963185,23.1,1882,0.1251
device,resident,4,fp64,8,select,64,1033.3242,967751,31.0,1896,0.1254
device,resident,4,fp64,8,iand,64,1048.4431,953795,22.9,1884,0.1264
device,resident,4,fp64,8,ior,64,1048.6547,953603,22.9,1867,0.1253
device,resident,4,fp64,8,ixor,64,1044.4311,957459,23.0,1828,0.1222
device,resident,4,fp64,8,iadd,64,1092.1409,915633,22.0,1829,0.1278
device,resident,4,fp64,8,isub,64,1110.2275,900716,21.6,1758,0.1249
device,resident,4,fp64,8,ishl,64,1128.7012,885974,21.3,1749,0.1263
device,resident,4,fp64,8,ishr,64,1146.2568,872405,20.9,1706,0.1252
device,resident,4,fp64,8,icmplt,64,1145.3453,873099,21.0,1699,0.1245
device,resident,4,fp64,8,add,64,1146.4061,872291,20.9,1709,0.1254
device,resident,4,fp64,8,sub,64,1146.5177,872206,20.9,1708,0.1253
device,resident,4,fp64,8,mul,64,1146.1632,872476,20.9,1704,0.1250
device,resident,4,fp64,8,fma,64,1148.6182,870611,27.9,1701,0.1250
software,host,0,fp64,8,abs,128,51.0524,19587708,313.4,19087,0.1247
software,host,0,fp64,8,neg,128,56.1201,17818934,285.1,17437,0.1253
software,host,0,fp64,8,copysign,128,57.5627,17372349,416.9,16964,0.1250
software,host,0,fp64,8,min,128,97.0314,10305947,247.3,10105,0.1255
software,host,0,fp64,8,max,128,96.3847,10375091,249.0,10135,0.1250
software,host,0,fp64,8,minnum,128,97.9018,10214316,245.1,9957,0.1248
software,host,0,fp64,8,maxnum,128,97.0276,10306349,247.4,10095,0.1254
software,host,0,fp64,8,cmplt,128,118.7071,8424093,202.2,8212,0.1248
software,host,0,fp64,8,cmple,128,119.0743,8398120,201.6,8111,0.1236
software,host,0,fp64,8,cmpeq,128,102.5824,9748262,234.0,9458,0.1242
software,host,0,fp64,8,select,128,54.7290,18271864,584.7,17930,0.1256
software,host,0,fp64,8,iand,128,49.7331,20107351,482.6,19865,0.1265
software,host,0,fp64,8,ior,128,49.6370,20146275,483.5,19304,0.1226
software,host,0,fp64,8,ixor,128,49.6658,20134582,483.2,19801,0.1259
software,host,0,fp64,8,iadd,128,55.5864,17990002,431.8,17496,0.1245
software,host,0,fp64,8,isub,128,63.7583,15684226,376.4,15211,0.1241
software,host,0,fp64,8,ishl,128,70.3994,14204670,340.9,13881,0.1251
software,host,0,fp64,8,ishr,128,54.9481,18199000,436.8,17744,0.1248
software,host,0,fp64,8,icmplt,128,67.2957,14859786,356.6,14529,0.1252
software,host,0,fp64,8,add,128,344.0924,2906197,69.7,2842,0.1252
software,host,0,fp64,8,sub,128,358.5850,2788739,66.9,2742,0.1259
software,host,0,fp64,8,mul,128,259.2141,3857816,92.6,3828,0.1270
software,host,0,fp64,8,fma,128,330.5107,3025621,96.8,3217,0.1361
device,host,1,fp64,8,abs,128,737.3689,1356173,21.7,1270,0.1199
device,host,1,fp64,8,neg,128,719.9098,1389063,22.2,1370,0.1262
device,host,1,fp64,8,copysign,128,872.8758,1145638,27.5,1309,0.1463
device,host,1,fp64,8,min,128,916.7155,1090851,26.2,1081,0.1268
device,host,1,fp64,8,max,128,925.9141,1080014,25.9,1074,0.1273
device,host,1,fp64,8,minnum,128,860.1601,1162574,27.9,1092,0.1202
device,host,1,fp64,8,maxnum,128,835.4703,1196931,28.7,1204,0.1288
device,host,1,fp64,8,cmplt,128,843.2738,1185855,28.5,1162,0.1254
device,host,1,fp64,8,cmple,128,690.8259,1447543,34.7,1158,0.1024
device,host,1,fp64,8,cmpeq,128,660.3148,1514429,36.3,1686,0.1425
device,host,1,fp64,8,select,128,823.1569,1214835,38.9,1316,0.1387
device,host,1,fp64,8,iand,128,848.0294,1179204,28.3,1156,0.1255
device,host,1,fp64,8,ior,128,883.2631,1132166,27.2,1159,0.1310
device,host,1,fp64,8,ixor,128,886.1343,1128497,27.1,1101,0.1249
device,host,1,fp64,8,iadd,128,928.9139,1076526,25.8,1141,0.1357
device,host,1,fp64,8,isub,128,928.4762,1077034,25.8,1045,0.1242
device,host,1,fp64,8,ishl,128,924.3197,1081877,26.0,1055,0.1248
device,host,1,fp64,8,ishr,128,902.9501,1107481,26.6,1056,0.1220
device,host,1,fp64,8,icmplt,128,892.4486,1120513,26.9,1096,0.1252
device,host,1,fp64,8,add,128,884.8597,1130123,27.1,1105,0.1252
device,host,1,fp64,8,sub,128,876.5325,1140859,27.4,1105,0.1240
device,host,1,fp64,8,mul,128,881.5608,1134352,27.2,1119,0.1263
device,host,1,fp64,8,fma,128,877.2839,1139882,36.5,1118,0.1255
device,resident,1,fp64,8,abs,128,246.7682,4052387,64.8,3652,0.1154
device,resident,1,fp64,8,neg,128,238.0043,4201604,67.2,3986,0.1214
device,resident,1,fp64,8,copysign,128,278.5794,3589641,86.2,4096,0.1461
device,resident,1,fp64,8,min,128,323.8636,3087720,74.1,3214,0.1332
device,resident,1,fp64,8,max,128,333.7778,2996005,71.9,2909,0.1243
device,resident,1,fp64,8,minnum,128,332.9932,3003065,72.1,2922,0.1245
device,resident,1,fp64,8,maxnum,128,333.2914,3000378,72.0,2938,0.1253
device,resident,1,fp64,8,cmplt,128,333.6238,2997388,71.9,2921,0.1247
device,resident,1,fp64,8,cmple,128,340.8340,2933980,70.4,2888,0.1260
device,resident,1,fp64,8,cmpeq,128,344.9289,2899148,69.6,2825,0.1247
device,resident,1,fp64,8,select,128,344.2867,2904556,92.9,2833,0.1248
device,resident,1,fp64,8,iand,128,344.1376,2905815,69.7,2840,0.1251
device,resident,1,fp64,8,ior,128,344.4879,2902859,69.7,2848,0.1256
device,resident,1,fp64,8,ixor,128,344.3075,2904381,69.7,2825,0.1245
device,resident,1,fp64,8,iadd,128,344.3225,2904254,69.7,2838,0.1251
device,resident,1,fp64,8,isub,128,344.1427,2905771,69.7,2839,0.1251
device,resident,1,fp64,8,ishl,128,344.1507,2905704,69.7,2830,0.1247
device,resident,1,fp64,8,ishr,128,343.9252,2907609,69.8,2830,0.1246
device,resident,1,fp64,8,icmplt,128,336.4923,2971836,71.3,2847,0.1226
device,resident,1,fp64,8,add,128,336.0811,2975472,71.4,2907,0.1251
device,resident,1,fp64,8,sub,128,335.8597,2977434,71.5,2908,0.1250
device,resident,1,fp64,8,mul,128,336.1292,2975046,71.4,2892,0.1244
device,resident,1,fp64,8,fma,128,336.3675,2972939,95.1,2901,0.1249
device,host,4,fp64,8,abs,128,1815.7473,550737,8.8,518,0.1204
device,host,4,fp64,8,neg,128,1819.7211,549535,8.8,538,0.1253
device,host,4,fp64,8,copysign,128,1815.4226,550836,13.2,535,0.1243
device,host,4,fp64,8,min,128,1832.2734,545770,13.1,540,0.1266
device,host,4,fp64,8,max,128,2011.3644,497175,11.9,500,0.1287
device,host,4,fp64,8,minnum,128,2031.2218,492315,11.8,482,0.1253
device,host,4,fp64,8,maxnum,128,2154.5672,464130,11.1,480,0.1324
device,host,4,fp64,8,cmplt,128,3105.4716,322012,7.7,338,0.1344
device,host,4,fp64,8,cmple,128,3316.3971,301532,7.2,287,0.1218
device,host,4,fp64,8,cmpeq,128,3150.3306,317427,7.6,307,0.1238
device,host,4,fp64,8,select,128,3151.7797,317281,10.2,309,0.1247
device,host,4,fp64,8,iand,128,3160.5244,316403,7.6,309,0.1250
device,host,4,fp64,8,ior,128,3158.1904,316637,7.6,309,0.1249
device,host,4,fp64,8,ixor,128,3158.5169,316604,7.6,311,0.1257
device,host,4,fp64,8,iadd,128,3157.6151,316695,7.6,309,0.1249
device,host,4,fp64,8,isub,128,3161.6217,316293,7.6,309,0.1250
device,host,4,fp64,8,ishl,128,3158.5941,316597,7.6,310,0.1253
device,host,4,fp64,8,ishr,128,3088.8252,323748,7.8,313,0.1238
device,host,4,fp64,8,icmplt,128,3101.4994,322425,7.7,316,0.1254
device,host,4,fp64,8,add,128,3078.4696,324837,7.8,315,0.1241
device,host,4,fp64,8,sub,128,3103.0210,322267,7.7,310,0.1231
device,host,4,fp64,8,mul,128,3098.5950,322727,7.7,316,0.1253
device,host,4,fp64,8,fma,128,3089.4029,323687,10.4,314,0.1242
device,resident,4,fp64,8,abs,128,513.6457,1946867,31.1,1895,0.1246
device,resident,4,fp64,8,neg,128,533.5994,1874065,30.0,1891,0.1292
device,resident,4,fp64,8,copysign,128,560.0572,1785532,42.9,1744,0.1250
device,resident,4,fp64,8,min,128,560.0870,1785437,42.9,1739,0.1247
device,resident,4,fp64,8,max,128,560.8678,1782951,42.8,1746,0.1253
device,resident,4,fp64,8,minnum,128,566.4133,1765495,42.4,1735,0.1258
device,resident,4,fp64,8,maxnum,128,576.0921,1735833,41.7,1694,0.1249
device,resident,4,fp64,8,cmplt,128,576.5513,1734451,41.6,1698,0.1253
device,resident,4,fp64,8,cmple,128,574.9761,1739203,41.7,1694,0.1247
device,resident,4,fp64,8,cmpeq,128,575.3699,1738012,41.7,1688,0.1243
device,resident,4,fp64,8,select,128,576.2504,1735357,55.5,1696,0.1251
device,resident,4,fp64,8,iand,128,576.9807,1733160,41.6,1696,0.1253
device,resident,4,fp64,8,ior,128,576.5837,1734354,41.6,1695,0.1251
device,resident,4,fp64,8,ixor,128,576.6953,1734018,41.6,1692,0.1249
device,resident,4,fp64,8,iadd,128,575.9608,1736229,41.7,1697,0.1251
device,resident,4,fp64,8,isub,128,575.9121,1736376,41.7,1691,0.1247
device,resident,4,fp64,8,ishl,128,576.6463,1734165,41.6,1701,0.1256
device,resident,4,fp64,8,ishr,128,576.7295,1733915,41.6,1694,0.1251
device,resident,4,fp64,8,icmplt,128,577.2086,1732476,41.6,1684,0.1244
device,resident,4,fp64,8,add,128,577.3302,1732111,41.6,1689,0.1248
device,resident,4,fp64,8,sub,128,580.2396,1723426,41.4,1674,0.1243
device,resident,4,fp64,8,mul,128,580.5656,1722458,41.3,1691,0.1257
device,resident,4,fp64,8,fma,128,584.3073,1711428,54.8,1668,0.1248
software,host,0,fp64,8,abs,256,51.0357,19594140,313.5,8443,0.1103
software,host,0,fp64,8,neg,256,56.4188,17724592,283.6,8652,0.1250
software,host,0,fp64,8,copysign,256,58.1586,17194362,412.7,8434,0.1256
software,host,0,fp64,8,min,256,97.5024,10256157,246.1,4096,0.1022
software,host,0,fp64,8,max,256,97.1567,10292656,247.0,4096,0.1019
software,host,0,fp64,8,minnum,256,98.0924,10194473,244.7,4096,0.1029
software,host,0,fp64,8,maxnum,256,96.8214,10328299,247.9,4096,0.1015
software,host,0,fp64,8,cmplt,256,120.1332,8324095,199.8,4078,0.1254
software,host,0,fp64,8,cmple,256,121.5017,8230340,197.5,4033,0.1254
software,host,0,fp64,8,cmpeq,256,102.4209,9763629,234.3,4096,0.1074
software,host,0,fp64,8,select,256,54.5688,18325477,586.4,8930,0.1247
software,host,0,fp64,8,iand,256,49.9322,20027167,480.7,9913,0.1267
software,host,0,fp64,8,ior,256,49.6451,20142966,483.4,9796,0.1245
software,host,0,fp64,8,ixor,256,49.5199,20193916,484.7,9915,0.1257
software,host,0,fp64,8,iadd,256,55.2798,18089789,434.2,8856,0.1253
software,host,0,fp64,8,isub,256,64.2940,15553555,373.3,7571,0.1246
software,host,0,fp64,8,ishl,256,69.2061,14449601,346.8,7081,0.1255
software,host,0,fp64,8,ishr,256,55.0023,18181053,436.3,8903,0.1254
software,host,0,fp64,8,icmplt,256,65.5490,15255762,366.1,7459,0.1252
software,host,0,fp64,8,add,256,347.3982,2878541,69.1,1408,0.1252
software,host,0,fp64,8,sub,256,361.5546,2765834,66.4,1359,0.1258
software,host,0,fp64,8,mul,256,259.9796,3846455,92.3,1910,0.1271
software,host,0,fp64,8,fma,256,306.1559,3266310,104.5,1596,0.1251
device,host,1,fp64,8,abs,256,357.2092,2799480,44.8,1284,0.1174
device,host,1,fp64,8,neg,256,341.6932,2926602,46.8,1424,0.1246
device,host,1,fp64,8,copysign,256,341.7680,2925961,70.2,1428,0.1249
device,host,1,fp64,8,min,256,341.6044,2927363,70.3,1433,0.1253
device,host,1,fp64,8,max,256,396.1818,2524094,60.6,1426,0.1446
device,host,1,fp64,8,minnum,256,404.3216,2473279,59.4,1204,0.1246
device,host,1,fp64,8,maxnum,256,404.1978,2474036,59.4,1209,0.1251
device,host,1,fp64,8,cmplt,256,404.2407,2473774,59.4,1210,0.1252
device,host,1,fp64,8,cmple,256,404.0337,2475041,59.4,1207,0.1248
device,host,1,fp64,8,cmpeq,256,403.9692,2475436,59.4,1220,0.1262
device,host,1,fp64,8,select,256,404.3306,2473224,79.1,1213,0.1256
device,host,1,fp64,8,iand,256,421.0037,2375276,57.0,1202,0.1295
device,host,1,fp64,8,ior,256,443.8154,2253189,54.1,1101,0.1251
device,host,1,fp64,8,ixor,256,443.3537,2255536,54.1,1102,0.1251
device,host,1,fp64,8,iadd,256,443.2975,2255822,54.1,1099,0.1247
device,host,1,fp64,8,isub,256,442.7596,2258562,54.2,1103,0.1250
device,host,1,fp64,8,ishl,256,452.7393,2208777,53.0,1103,0.1278
device,host,1,fp64,8,ishr,256,459.5633,2175979,52.2,1065,0.1253
device,host,1,fp64,8,icmplt,256,459.7597,2175049,52.2,1064,0.1252
device,host,1,fp64,8,add,256,459.6583,2175529,52.2,1058,0.1245
device,host,1,fp64,8,sub,256,488.2672,2048059,49.2,995,0.1244
device,host,1,fp64,8,mul,256,488.2952,2047941,49.2,1002,0.1253
device,host,1,fp64,8,fma,256,488.0499,2048971,65.6,1003,0.1253
device,resident,1,fp64,8,abs,256,134.9746,7408802,118.5,3694,0.1276
device,resident,1,fp64,8,neg,256,156.0410,6408570,102.5,3109,0.1242
device,resident,1,fp64,8,copysign,256,159.2449,6279635,150.7,3113,0.1269
device,resident,1,fp64,8,min,256,172.3605,5801793,139.2,2946,0.1300
device,resident,1,fp64,8,max,256,173.5438,5762234,138.3,2816,0.1251
device,resident,1,fp64,8,minnum,256,173.6499,5758715,138.2,2815,0.1251
device,resident,1,fp64,8,maxnum,256,173.5410,5762328,138.3,2764,0.1228
device,resident,1,fp64,8,cmplt,256,173.5236,5762906,138.3,2805,0.1246
device,resident,1,fp64,8,cmple,256,173.6889,5757420,138.2,2811,0.1250
device,resident,1,fp64,8,cmpeq,256,173.6322,5759301,138.2,2819,0.1253
device,resident,1,fp64,8,select,256,173.5096,5763369,184.4,2794,0.1241
device,resident,1,fp64,8,iand,256,173.6280,5759438,138.2,2809,0.1249
device,resident,1,fp64,8,ior,256,172.8156,5786514,138.9,2810,0.1243
device,resident,1,fp64,8,ixor,256,160.9774,6212054,149.1,2911,0.1200
device,resident,1,fp64,8,iadd,256,158.6031,6305047,151.3,3067,0.1245
device,resident,1,fp64,8,isub,256,173.1016,5776956,138.6,2990,0.1325
device,resident,1,fp64,8,ishl,256,177.6996,5627475,135.1,2773,0.1261
device,resident,1,fp64,8,ishr,256,177.5407,5632512,135.2,2731,0.1241
device,resident,1,fp64,8,icmplt,256,177.5479,5632283,135.2,2762,0.1255
device,resident,1,fp64,8,add,256,177.5584,5631949,135.2,2764,0.1256
device,resident,1,fp64,8,sub,256,177.3394,5638904,135.3,2762,0.1254
device,resident,1,fp64,8,mul,256,177.3550,5638410,135.3,2761,0.1254
device,resident,1,fp64,8,fma,256,176.3213,5671464,181.5,2787,0.1258
device,host,4,fp64,8,abs,256,871.4115,1147564,18.4,555,0.1238
device,host,4,fp64,8,neg,256,878.4193,1138408,18.2,560,0.1259
device,host,4,fp64,8,copysign,256,874.3699,1143681,27.4,556,0.1245
device,host,4,fp64,8,min,256,872.4220,1146234,27.5,559,0.1248
device,host,4,fp64,8,max,256,871.7805,1147078,27.5,561,0.1252
device,host,4,fp64,8,minnum,256,873.1201,1145318,27.5,554,0.1238
device,host,4,fp64,8,maxnum,256,875.8933,1141692,27.4,552,0.1238
device,host,4,fp64,8,cmplt,256,874.9204,1142961,27.4,555,0.1243
device,host,4,fp64,8,cmple,256,872.7458,1145809,27.5,560,0.1251
device,host,4,fp64,8,cmpeq,256,932.3545,1072553,25.7,525,0.1253
device,host,4,fp64,8,select,256,930.9064,1074222,34.4,525,0.1251
device,host,4,fp64,8,iand,256,931.4172,1073633,25.8,525,0.1252
device,host,4,fp64,8,ior,256,930.3532,1074861,25.8,525,0.1250
device,host,4,fp64,8,ixor,256,930.7407,1074413,25.8,526,0.1253
device,host,4,fp64,8,iadd,256,930.2181,1075017,25.8,525,0.1250
device,host,4,fp64,8,isub,256,892.7737,1120105,26.9,525,0.1200
device,host,4,fp64,8,ishl,256,932.6451,1072219,25.7,550,0.1313
device,host,4,fp64,8,ishr,256,1034.8355,966337,23.2,483,0.1280
device,host,4,fp64,8,icmplt,256,1037.7618,963612,23.1,470,0.1249
device,host,4,fp64,8,add,256,1035.8345,965405,23.2,472,0.1252
device,host,4,fp64,8,sub,256,1036.6724,964625,23.2,473,0.1255
device,host,4,fp64,8,mul,256,1035.5678,965654,23.2,473,0.1254
device,host,4,fp64,8,fma,256,1036.4063,964873,30.9,472,0.1252
device,resident,4,fp64,8,abs,256,260.5108,3838612,61.4,1865,0.1244
device,resident,4,fp64,8,neg,256,260.1200,3844379,61.5,1859,0.1238
device,resident,4,fp64,8,copysign,256,260.4382,3839683,92.2,1866,0.1244
device,resident,4,fp64,8,min,256,260.3824,3840505,92.2,1860,0.1240
device,resident,4,fp64,8,max,256,260.5229,3838434,92.1,1851,0.1235
device,resident,4,fp64,8,minnum,256,262.7462,3805954,91.3,1880,0.1265
device,resident,4,fp64,8,maxnum,256,274.8531,3638307,87.3,1837,0.1293
device,resident,4,fp64,8,cmplt,256,280.4098,3566209,85.6,1742,0.1250
device,resident,4,fp64,8,cmple,256,286.9734,3484643,83.6,1742,0.1280
device,resident,4,fp64,8,cmpeq,256,288.5207,3465956,83.2,1694,0.1251
device,resident,4,fp64,8,select,256,288.7544,3463150,110.8,1690,0.1249
device,resident,4,fp64,8,iand,256,288.5536,3465561,83.2,1683,0.1243
device,resident,4,fp64,8,ior,256,288.9601,3460685,83.1,1689,0.1249
device,resident,4,fp64,8,ixor,256,288.5912,3465109,83.2,1696,0.1253
device,resident,4,fp64,8,iadd,256,289.8508,3450051,82.8,1695,0.1258
device,resident,4,fp64,8,isub,256,290.5827,3441361,82.6,1677,0.1248
device,resident,4,fp64,8,ishl,256,291.0763,3435526,82.5,1678,0.1250
device,resident,4,fp64,8,ishr,256,290.7234,3439695,82.6,1683,0.1253
device,resident,4,fp64,8,icmplt,256,290.8292,3438445,82.5,1677,0.1249
device,resident,4,fp64,8,add,256,290.9302,3437250,82.5,1680,0.1251
device,resident,4,fp64,8,sub,256,290.4400,3443052,82.6,1670,0.1242
device,resident,4,fp64,8,mul,256,288.5103,3466081,83.2,1684,0.1244
device,resident,4,fp64,8,fma,256,289.0614,3459472,110.7,1684,0.1246
software,host,0,fp64,8,abs,512,50.8460,19667240,314.7,4532,0.1180
software,host,0,fp64,8,neg,512,56.7881,17609324,281.7,4096,0.1191
software,host,0,fp64,8,copysign,512,57.3558,17435023,418.4,4096,0.1203
software,host,0,fp64,8,min,512,96.4413,10369005,248.9,2477,0.1223
software,host,0,fp64,8,max,512,95.8831,10429369,250.3,2551,0.1252
software,host,0,fp64,8,minnum,512,96.3648,10377229,249.1,2539,0.1253
software,host,0,fp64,8,maxnum,512,96.3156,10382536,249.2,2535,0.1250
software,host,0,fp64,8,cmplt,512,120.3724,8307555,199.4,2034,0.1254
software,host,0,fp64,8,cmple,512,121.6357,8221272,197.3,2020,0.1258
software,host,0,fp64,8,cmpeq,512,102.4550,9760383,234.2,2387,0.1252
software,host,0,fp64,8,select,512,54.4362,18370113,587.8,4096,0.1142
software,host,0,fp64,8,iand,512,48.9374,20434282,490.4,4096,0.1026
software,host,0,fp64,8,ior,512,49.6883,20125471,483.0,4096,0.1042
software,host,0,fp64,8,ixor,512,49.0416,20390850,489.4,4096,0.1028
software,host,0,fp64,8,iadd,512,55.2226,18108544,434.6,4096,0.1158
software,host,0,fp64,8,isub,512,64.6892,15458527,371.0,3799,0.1258
software,host,0,fp64,8,ishl,512,70.3190,14220908,341.3,3506,0.1262
software,host,0,fp64,8,ishr,512,54.7735,18257010,438.2,4096,0.1149
software,host,0,fp64,8,icmplt,512,64.1465,15589307,374.1,3815,0.1253
software,host,0,fp64,8,add,512,350.3270,2854476,68.5,706,0.1266
software,host,0,fp64,8,sub,512,373.0593,2680539,64.3,680,0.1299
software,host,0,fp64,8,mul,512,257.6479,3881266,93.2,952,0.1256
software,host,0,fp64,8,fma,512,342.4791,2919886,93.4,799,0.1401
device,host,1,fp64,8,abs,512,186.6125,5358697,85.7,1255,0.1199
device,host,1,fp64,8,neg,512,178.6689,5596944,89.6,1358,0.1242
device,host,1,fp64,8,copysign,512,177.9047,5620986,134.9,1358,0.1237
device,host,1,fp64,8,min,512,178.2256,5610867,134.7,1373,0.1253
device,host,1,fp64,8,max,512,178.0870,5615234,134.8,1376,0.1255
device,host,1,fp64,8,minnum,512,186.0735,5374221,129.0,1368,0.1303
device,host,1,fp64,8,maxnum,512,206.0580,4853001,116.5,1211,0.1278
device,host,1,fp64,8,cmplt,512,226.5872,4413312,105.9,1075,0.1247
device,host,1,fp64,8,cmple,512,226.7480,4410182,105.8,1079,0.1253
device,host,1,fp64,8,cmpeq,512,226.3740,4417467,106.0,1072,0.1242
device,host,1,fp64,8,select,512,233.4948,4282751,137.0,1047,0.1252
device,host,1,fp64,8,iand,512,233.6297,4280277,102.7,1050,0.1256
device,host,1,fp64,8,ior,512,233.1871,4288402,102.9,1047,0.1250
device,host,1,fp64,8,ixor,512,233.3366,4285655,102.9,1047,0.1251
device,host,1,fp64,8,iadd,512,233.4131,4284250,102.8,1043,0.1246
device,host,1,fp64,8,isub,512,233.7158,4278701,102.7,1045,0.1250
device,host,1,fp64,8,ishl,512,233.7127,4278758,102.7,1045,0.1250
device,host,1,fp64,8,ishr,512,233.6550,4279815,102.7,1047,0.1253
device,host,1,fp64,8,icmplt,512,233.7336,4278375,102.7,1045,0.1251
device,host,1,fp64,8,add,512,233.4973,4282704,102.8,1045,0.1249
device,host,1,fp64,8,sub,512,233.2828,4286643,102.9,1047,0.1251
device,host,1,fp64,8,mul,512,233.5703,4281366,102.8,1044,0.1248
device,host,1,fp64,8,fma,512,236.6218,4226153,135.2,1043,0.1264
device,resident,1,fp64,8,abs,512,59.1393,16909225,270.5,3917,0.1186
device,resident,1,fp64,8,neg,512,58.2561,17165572,274.6,4009,0.1196
device,resident,1,fp64,8,copysign,512,56.7596,17618158,422.8,4096,0.1190
device,resident,1,fp64,8,min,512,55.8151,17916294,430.0,4096,0.1171
device,resident,1,fp64,8,max,512,55.0534,18164178,435.9,4096,0.1155
device,resident,1,fp64,8,minnum,512,60.5997,16501744,396.0,4096,0.1271
device,resident,1,fp64,8,maxnum,512,73.3526,13632781,327.2,3473,0.1304
device,resident,1,fp64,8,cmplt,512,79.1480,12634552,303.2,3160,0.1281
device,resident,1,fp64,8,cmple,512,79.4010,12594302,302.3,3077,0.1251
device,resident,1,fp64,8,cmpeq,512,80.2947,12454119,298.9,3038,0.1249
device,resident,1,fp64,8,select,512,81.3749,12288799,393.2,2981,0.1242
device,resident,1,fp64,8,iand,512,82.0361,12189758,292.6,2973,0.1249
device,resident,1,fp64,8,ior,512,81.9731,12199121,292.8,2989,0.1254
device,resident,1,fp64,8,ixor,512,81.8436,12218424,293.2,2971,0.1245
device,resident,1,fp64,8,iadd,512,84.1896,11877951,285.1,2896,0.1248
device,resident,1,fp64,8,isub,512,84.0436,11898582,285.6,2891,0.1244
device,resident,1,fp64,8,ishl,512,84.1654,11881369,285.2,2910,0.1254
device,resident,1,fp64,8,ishr,512,84.1252,11887047,285.3,2905,0.1251
device,resident,1,fp64,8,icmplt,512,84.2644,11867408,284.8,2897,0.1250
device,resident,1,fp64,8,add,512,84.4388,11842897,284.2,2891,0.1250
device,resident,1,fp64,8,sub,512,84.1801,11879292,285.1,2913,0.1256
device,resident,1,fp64,8,mul,512,83.5854,11963810,287.1,2905,0.1243
device,resident,1,fp64,8,fma,512,83.4958,11976644,383.3,2915,0.1246
device,host,4,fp64,8,abs,512,453.8864,2203194,35.3,510,0.1185
device,host,4,fp64,8,neg,512,506.3223,1975026,31.6,548,0.1421
device,host,4,fp64,8,copysign,512,556.6825,1796356,43.1,439,0.1251
device,host,4,fp64,8,min,512,555.8936,1798906,43.2,440,0.1252
device,host,4,fp64,8,max,512,619.6412,1613837,38.7,440,0.1396
device,host,4,fp64,8,minnum,512,759.5354,1316594,31.6,334,0.1299
device,host,4,fp64,8,maxnum,512,767.3567,1303175,31.3,319,0.1253
device,host,4,fp64,8,cmplt,512,861.2260,1161135,27.9,310,0.1367
device,host,4,fp64,8,cmple,512,819.4467,1220336,29.3,282,0.1183
device,host,4,fp64,8,cmpeq,512,789.3449,1266873,30.4,310,0.1253
device,host,4,fp64,8,select,512,790.4650,1265078,40.5,309,0.1251
device,host,4,fp64,8,iand,512,780.6195,1281034,30.7,309,0.1235
device,host,4,fp64,8,ior,512,779.1078,1283519,30.8,314,0.1253
device,host,4,fp64,8,ixor,512,756.8454,1321274,31.7,315,0.1221
device,host,4,fp64,8,iadd,512,751.0504,1331469,32.0,326,0.1254
device,host,4,fp64,8,isub,512,751.6886,1330338,31.9,326,0.1255
device,host,4,fp64,8,ishl,512,761.8143,1312656,31.5,325,0.1268
device,host,4,fp64,8,ishr,512,786.2434,1271871,30.5,310,0.1248
device,host,4,fp64,8,icmplt,512,787.5341,1269786,30.5,311,0.1254
device,host,4,fp64,8,add,512,838.6154,1192442,28.6,311,0.1335
device,host,4,fp64,8,sub,512,778.5530,1284434,30.8,313,0.1248
device,host,4,fp64,8,mul,512,810.6634,1233558,29.6,319,0.1324
device,host,4,fp64,8,fma,512,785.4412,1273170,40.7,316,0.1271
device,resident,4,fp64,8,abs,512,130.7750,7646720,122.3,1836,0.1229
device,resident,4,fp64,8,neg,512,145.8657,6855623,109.7,1868,0.1395
device,resident,4,fp64,8,copysign,512,147.0392,6800907,163.2,1645,0.1238
device,resident,4,fp64,8,min,512,142.3826,7023330,168.6,1695,0.1236
device,resident,4,fp64,8,max,512,141.4919,7067541,169.6,1721,0.1247
device,resident,4,fp64,8,minnum,512,141.1948,7082412,170.0,1720,0.1243
device,resident,4,fp64,8,maxnum,512,141.2911,7077589,169.9,1727,0.1249
device,resident,4,fp64,8,cmplt,512,143.3990,6973547,167.4,1706,0.1253
device,resident,4,fp64,8,cmple,512,143.6280,6962431,167.1,1695,0.1246
device,resident,4,fp64,8,cmpeq,512,143.0496,6990584,167.8,1682,0.1232
device,resident,4,fp64,8,select,512,142.4021,7022367,224.7,1698,0.1238
device,resident,4,fp64,8,iand,512,143.3134,6977715,167.5,1718,0.1261
device,resident,4,fp64,8,ior,512,143.4246,6972303,167.3,1697,0.1246
device,resident,4,fp64,8,ixor,512,146.5886,6821812,163.7,1649,0.1238
device,resident,4,fp64,8,iadd,512,147.4689,6781091,162.7,1651,0.1247
device,resident,4,fp64,8,isub,512,149.1359,6705293,160.9,1659,0.1267
device,resident,4,fp64,8,ishl,512,148.4165,6737793,161.7,1638,0.1245
device,resident,4,fp64,8,ishr,512,148.1026,6752076,162.0,1634,0.1239
device,resident,4,fp64,8,icmplt,512,148.4400,6736731,161.7,1649,0.1253
device,resident,4,fp64,8,add,512,148.1876,6748205,162.0,1643,0.1247
device,resident,4,fp64,8,sub,512,148.4638,6735651,161.7,1653,0.1257
device,resident,4,fp64,8,mul,512,148.3799,6739456,161.7,1620,0.1231
device,resident,4,fp64,8,fma,512,148.2947,6743328,215.8,1645,0.1249
software,host,0,fp64,8,abs,1024,50.7291,19712551,315.4,2282,0.1185
software,host,0,fp64,8,neg,1024,57.0109,17540495,280.6,2152,0.1256
software,host,0,fp64,8,copysign,1024,57.2297,17473450,419.4,2139,0.1254
software,host,0,fp64,8,min,1024,101.5156,9850707,236.4,1271,0.1321
software,host,0,fp64,8,max,1024,95.7156,10447620,250.7,1278,0.1253
software,host,0,fp64,8,minnum,1024,103.9505,9619966,230.9,1252,0.1333
software,host,0,fp64,8,maxnum,1024,116.8977,8554489,205.3,1202,0.1439
software,host,0,fp64,8,cmplt,1024,135.6104,7374067,177.0,859,0.1193
software,host,0,fp64,8,cmple,1024,121.4956,8230754,197.5,967,0.1203
software,host,0,fp64,8,cmpeq,1024,102.3110,9774116,234.6,1186,0.1243
software,host,0,fp64,8,select,1024,54.4066,18380129,588.2,2253,0.1255
software,host,0,fp64,8,iand,1024,48.7273,20522395,492.5,2499,0.1247
software,host,0,fp64,8,ior,1024,49.5287,20190306,484.6,2437,0.1236
software,host,0,fp64,8,ixor,1024,48.8266,20480631,491.5,2502,0.1251
software,host,0,fp64,8,iadd,1024,55.8759,17896803,429.5,2223,0.1272
software,host,0,fp64,8,isub,1024,64.5190,15499315,372.0,1906,0.1259
software,host,0,fp64,8,ishl,1024,69.4175,14405583,345.7,1762,0.1252
software,host,0,fp64,8,ishr,1024,54.6667,18292680,439.0,2229,0.1248
software,host,0,fp64,8,icmplt,1024,64.9446,15397742,369.5,1885,0.1254
software,host,0,fp64,8,add,1024,348.0517,2873137,69.0,352,0.1255
software,host,0,fp64,8,sub,1024,359.6467,2780506,66.7,341,0.1256
software,host,0,fp64,8,mul,1024,257.1585,3888652,93.3,476,0.1253
software,host,0,fp64,8,fma,1024,307.1583,3255650,104.2,399,0.1255
device,host,1,fp64,8,abs,1024,118.3941,8446370,135.1,1095,0.1328
device,host,1,fp64,8,neg,1024,114.5108,8732802,139.7,1066,0.1250
device,host,1,fp64,8,copysign,1024,121.6842,8217995,197.2,1061,0.1322
device,host,1,fp64,8,min,1024,125.4057,7974122,191.4,970,0.1246
device,host,1,fp64,8,max,1024,125.2809,7982062,191.6,974,0.1250
device,host,1,fp64,8,minnum,1024,125.3148,7979902,191.5,974,0.1250
device,host,1,fp64,8,maxnum,1024,125.1626,7989606,191.8,972,0.1246
device,host,1,fp64,8,cmplt,1024,125.2788,7982198,191.6,975,0.1251
device,host,1,fp64,8,cmple,1024,125.2773,7982291,191.6,971,0.1246
device,host,1,fp64,8,cmpeq,1024,125.3124,7980055,191.5,977,0.1254
device,host,1,fp64,8,select,1024,125.2394,7984705,255.5,972,0.1247
device,host,1,fp64,8,iand,1024,125.5438,7965350,191.2,973,0.1251
device,host,1,fp64,8,ior,1024,126.3819,7912524,189.9,976,0.1263
device,host,1,fp64,8,ixor,1024,125.6674,7957515,191.0,964,0.1241
device,host,1,fp64,8,iadd,1024,125.2392,7984720,191.6,977,0.1253
device,host,1,fp64,8,isub,1024,126.6788,7893979,189.5,972,0.1261
device,host,1,fp64,8,ishl,1024,126.9763,7875482,189.0,958,0.1246
device,host,1,fp64,8,ishr,1024,126.9663,7876109,189.0,961,0.1249
device,host,1,fp64,8,icmplt,1024,127.5864,7837824,188.1,956,0.1249
device,host,1,fp64,8,add,1024,126.5725,7900612,189.6,969,0.1256
device,host,1,fp64,8,sub,1024,126.8335,7884352,189.2,963,0.1251
device,host,1,fp64,8,mul,1024,126.7182,7891527,189.4,963,0.1250
device,host,1,fp64,8,fma,1024,126.8285,7884663,252.3,961,0.1248
device,resident,1,fp64,8,abs,1024,31.5259,31719957,507.5,3681,0.1188
device,resident,1,fp64,8,neg,1024,30.3106,32991756,527.9,3908,0.1213
device,resident,1,fp64,8,copysign,1024,29.3612,34058551,817.4,4043,0.1216
device,resident,1,fp64,8,min,1024,28.6796,34868012,836.8,4096,0.1203
device,resident,1,fp64,8,max,1024,28.1894,35474348,851.4,4096,0.1182
device,resident,1,fp64,8,minnum,1024,31.3377,31910483,765.9,4096,0.1314
device,resident,1,fp64,8,maxnum,1024,35.5462,28132425,675.2,3429,0.1248
device,resident,1,fp64,8,cmplt,1024,36.9030,27098100,650.4,3393,0.1282
device,resident,1,fp64,8,cmple,1024,39.3683,25401136,609.6,3169,0.1278
device,resident,1,fp64,8,cmpeq,1024,39.3420,25418120,610.0,3135,0.1263
device,resident,1,fp64,8,select,1024,39.3513,25412124,813.2,3099,0.1249
device,resident,1,fp64,8,iand,1024,39.3654,25402993,609.7,3092,0.1246
device,resident,1,fp64,8,ior,1024,39.3655,25402972,609.7,3128,0.1261
device,resident,1,fp64,8,ixor,1024,39.3310,25425222,610.2,3133,0.1262
device,resident,1,fp64,8,iadd,1024,39.3415,25418425,610.0,3113,0.1254
device,resident,1,fp64,8,isub,1024,39.3522,25411569,609.9,3083,0.1242
device,resident,1,fp64,8,ishl,1024,39.3840,25391013,609.4,3111,0.1255
device,resident,1,fp64,8,ishr,1024,39.3502,25412830,609.9,3083,0.1242
device,resident,1,fp64,8,icmplt,1024,39.3651,25403212,609.7,3083,0.1243
device,resident,1,fp64,8,add,1024,39.3655,25402954,609.7,3081,0.1242
device,resident,1,fp64,8,sub,1024,39.3765,25395873,609.5,3093,0.1247
device,resident,1,fp64,8,mul,1024,39.4694,25336095,608.1,3124,0.1263
device,resident,1,fp64,8,fma,1024,39.3860,25389752,812.5,3124,0.1260
device,host,4,fp64,8,abs,1024,232.6628,4298066,68.8,519,0.1237
device,host,4,fp64,8,neg,1024,268.4717,3724788,59.6,502,0.1380
device,host,4,fp64,8,copysign,1024,278.5464,3590066,86.2,441,0.1258
device,host,4,fp64,8,min,1024,279.0388,3583730,86.0,440,0.1257
device,host,4,fp64,8,max,1024,278.1570,3595092,86.3,436,0.1242
device,host,4,fp64,8,minnum,1024,278.9448,3584939,86.0,442,0.1263
device,host,4,fp64,8,maxnum,1024,278.2272,3594184,86.3,438,0.1248
device,host,4,fp64,8,cmplt,1024,337.1211,2966293,71.2,441,0.1522
device,host,4,fp64,8,cmple,1024,413.6574,2417459,58.0,315,0.1334
device,host,4,fp64,8,cmpeq,1024,414.5018,2412535,57.9,298,0.1265
device,host,4,fp64,8,select,1024,414.8914,2410269,77.1,295,0.1253
device,host,4,fp64,8,iand,1024,413.6298,2417621,58.0,292,0.1237
device,host,4,fp64,8,ior,1024,415.7349,2405379,57.7,293,0.1247
device,host,4,fp64,8,ixor,1024,416.9167,2398561,57.6,292,0.1247
device,host,4,fp64,8,iadd,1024,413.9483,2415761,58.0,295,0.1250
device,host,4,fp64,8,isub,1024,413.7842,2416719,58.0,296,0.1254
device,host,4,fp64,8,ishl,1024,417.0632,2397718,57.5,293,0.1251
device,host,4,fp64,8,ishr,1024,410.1172,2438328,58.5,292,0.1226
device,host,4,fp64,8,icmplt,1024,411.0012,2433083,58.4,295,0.1242
device,host,4,fp64,8,add,1024,413.1371,2420504,58.1,295,0.1248
device,host,4,fp64,8,sub,1024,411.5169,2430034,58.3,296,0.1247
device,host,4,fp64,8,mul,1024,415.2582,2408140,57.8,295,0.1254
device,host,4,fp64,8,fma,1024,417.0347,2397882,76.7,299,0.1277
device,resident,4,fp64,8,abs,1024,65.4577,15277043,244.4,1853,0.1242
device,resident,4,fp64,8,neg,1024,67.8573,14736799,235.8,1872,0.1301
device,resident,4,fp64,8,copysign,1024,74.4544,13431035,322.3,1729,0.1318
device,resident,4,fp64,8,min,1024,78.1285,12799429,307.2,1556,0.1245
device,resident,4,fp64,8,max,1024,78.1099,12802481,307.3,1562,0.1249
device,resident,4,fp64,8,minnum,1024,78.1181,12801138,307.2,1565,0.1252
device,resident,4,fp64,8,maxnum,1024,78.1296,12799249,307.2,1566,0.1253
device,resident,4,fp64,8,cmplt,1024,78.1156,12801535,307.2,1566,0.1253
device,resident,4,fp64,8,cmple,1024,78.1247,12800057,307.2,1564,0.1251
device,resident,4,fp64,8,cmpeq,1024,78.7454,12699155,304.8,1565,0.1262
device,resident,4,fp64,8,select,1024,78.1241,12800145,409.6,1563,0.1250
device,resident,4,fp64,8,iand,1024,76.2450,13115611,314.8,1567,0.1223
device,resident,4,fp64,8,ior,1024,73.9290,13526490,324.6,1635,0.1238
device,resident,4,fp64,8,ixor,1024,67.6765,14776175,354.6,1687,0.1169
device,resident,4,fp64,8,iadd,1024,66.1583,15115264,362.8,1839,0.1246
device,resident,4,fp64,8,isub,1024,69.5267,14382956,345.2,1802,0.1283
device,resident,4,fp64,8,ishl,1024,69.1080,14470098,347.3,1759,0.1245
device,resident,4,fp64,8,ishr,1024,65.5388,15258144,366.2,1810,0.1215
device,resident,4,fp64,8,icmplt,1024,65.1029,15360300,368.6,1872,0.1248
device,resident,4,fp64,8,add,1024,65.2075,15335662,368.1,1875,0.1252
device,resident,4,fp64,8,sub,1024,65.4752,15272964,366.6,1862,0.1248
device,resident,4,fp64,8,mul,1024,65.2457,15326692,367.8,1855,0.1239
device,resident,4,fp64,8,fma,1024,65.3739,15296619,489.5,1867,0.1250
software,host,0,fp64,8,abs,2048,50.7368,19709555,315.4,1129,0.1173
software,host,0,fp64,8,neg,2048,57.4992,17391551,278.3,1038,0.1222
software,host,0,fp64,8,copysign,2048,57.3424,17439102,418.5,1068,0.1254
software,host,0,fp64,8,min,2048,96.0445,10411842,249.9,637,0.1253
software,host,0,fp64,8,max,2048,95.9787,10418978,250.1,639,0.1256
software,host,0,fp64,8,minnum,2048,96.5685,10355342,248.5,636,0.1258
software,host,0,fp64,8,maxnum,2048,95.9082,10426634,250.2,632,0.1241
software,host,0,fp64,8,cmplt,2048,121.1025,8257469,198.2,508,0.1260
software,host,0,fp64,8,cmple,2048,121.5157,8229393,197.5,504,0.1254
software,host,0,fp64,8,cmpeq,2048,102.6747,9739499,233.7,589,0.1239
software,host,0,fp64,8,select,2048,54.5030,18347627,587.1,1123,0.1254
software,host,0,fp64,8,iand,2048,48.6964,20535404,492.8,1256,0.1253
software,host,0,fp64,8,ior,2048,49.6438,20143494,483.4,1237,0.1258
software,host,0,fp64,8,ixor,2048,49.0423,20390564,489.4,1250,0.1255
software,host,0,fp64,8,iadd,2048,55.0283,18172476,436.1,1098,0.1237
software,host,0,fp64,8,isub,2048,63.9333,15641291,375.4,954,0.1249
software,host,0,fp64,8,ishl,2048,69.9958,14286576,342.9,876,0.1256
software,host,0,fp64,8,ishr,2048,55.0197,18175299,436.2,1107,0.1247
software,host,0,fp64,8,icmplt,2048,64.9381,15399280,369.6,949,0.1262
software,host,0,fp64,8,add,2048,348.5444,2869075,68.9,176,0.1256
software,host,0,fp64,8,sub,2048,361.0360,2769807,66.5,170,0.1257
software,host,0,fp64,8,mul,2048,257.2033,3887976,93.3,238,0.1254
software,host,0,fp64,8,fma,2048,307.8205,3248647,104.0,199,0.1255
device,host,1,fp64,8,abs,2048,59.7675,16731503,267.7,1067,0.1306
device,host,1,fp64,8,neg,2048,69.7469,14337558,229.4,879,0.1256
device,host,1,fp64,8,copysign,2048,69.7585,14335164,344.0,874,0.1249
device,host,1,fp64,8,min,2048,69.7482,14337294,344.1,877,0.1253
device,host,1,fp64,8,max,2048,69.7441,14338138,344.1,875,0.1250
device,host,1,fp64,8,minnum,2048,69.7591,14335041,344.0,876,0.1252
device,host,1,fp64,8,maxnum,2048,69.7355,14339894,344.2,875,0.1250
device,host,1,fp64,8,cmplt,2048,70.0200,14281635,342.8,875,0.1255
device,host,1,fp64,8,cmple,2048,70.3067,14223399,341.4,864,0.1244
device,host,1,fp64,8,cmpeq,2048,69.7244,14342177,344.2,873,0.1247
device,host,1,fp64,8,select,2048,69.7276,14341513,458.9,877,0.1252
device,host,1,fp64,8,iand,2048,69.7304,14340957,344.2,876,0.1251
device,host,1,fp64,8,ior,2048,69.7450,14337939,344.1,876,0.1251
device,host,1,fp64,8,ixor,2048,69.7854,14329647,343.9,875,0.1251
device,host,1,fp64,8,iadd,2048,69.7264,14341767,344.2,873,0.1247
device,host,1,fp64,8,isub,2048,69.1775,14455561,346.9,875,0.1240
device,host,1,fp64,8,ishl,2048,67.8278,14743227,353.8,898,0.1247
device,host,1,fp64,8,ishr,2048,67.8173,14745494,353.9,901,0.1251
device,host,1,fp64,8,icmplt,2048,67.7592,14758153,354.2,903,0.1253
device,host,1,fp64,8,add,2048,69.6438,14358790,344.6,889,0.1268
device,host,1,fp64,8,sub,2048,69.6987,14347460,344.3,875,0.1249
device,host,1,fp64,8,mul,2048,69.7922,14328251,343.9,875,0.1251
device,host,1,fp64,8,fma,2048,70.0722,14270988,456.7,875,0.1256
device,resident,1,fp64,8,abs,2048,16.9895,58859856,941.8,3512,0.1222
device,resident,1,fp64,8,neg,2048,16.5352,60477188,967.6,3603,0.1220
device,resident,1,fp64,8,copysign,2048,16.0963,62126245,1491.0,3700,0.1220
device,resident,1,fp64,8,min,2048,15.7521,63483676,1523.6,3828,0.1235
device,resident,1,fp64,8,max,2048,15.4884,64564447,1549.5,3762,0.1193
device,resident,1,fp64,8,minnum,2048,15.3257,65250005,1566.0,3952,0.1240
device,resident,1,fp64,8,maxnum,2048,15.2300,65660078,1575.8,3980,0.1241
device,resident,1,fp64,8,cmplt,2048,15.2710,65483427,1571.6,3959,0.1238
device,resident,1,fp64,8,cmple,2048,15.2854,65422103,1570.1,3924,0.1228
device,resident,1,fp64,8,cmpeq,2048,15.1987,65795059,1579.1,3954,0.1231
device,resident,1,fp64,8,select,2048,15.2021,65780478,2105.0,4000,0.1245
device,resident,1,fp64,8,iand,2048,15.1689,65924398,1582.2,4022,0.1249
device,resident,1,fp64,8,ior,2048,15.3372,65201158,1564.8,3964,0.1245
device,resident,1,fp64,8,ixor,2048,18.2517,54789382,1314.9,3946,0.1475
device,resident,1,fp64,8,iadd,2048,19.5407,51175309,1228.2,3131,0.1253
device,resident,1,fp64,8,isub,2048,19.5810,51069918,1225.7,3117,0.1250
device,resident,1,fp64,8,ishl,2048,19.4923,51302299,1231.3,3143,0.1255
device,resident,1,fp64,8,ishr,2048,19.3568,51661441,1239.9,3127,0.1240
device,resident,1,fp64,8,icmplt,2048,19.3648,51639961,1239.4,3157,0.1252
device,resident,1,fp64,8,add,2048,19.3662,51636331,1239.3,3155,0.1251
device,resident,1,fp64,8,sub,2048,19.3701,51625916,1239.0,3153,0.1251
device,resident,1,fp64,8,mul,2048,19.3623,51646794,1239.5,3136,0.1244
device,resident,1,fp64,8,fma,2048,19.3681,51631405,1652.2,3127,0.1240
device,host,4,fp64,8,abs,2048,132.6759,7537161,120.6,506,0.1375
device,host,4,fp64,8,neg,2048,159.5723,6266753,100.3,411,0.1343
device,host,4,fp64,8,copysign,2048,160.7886,6219347,149.3,387,0.1274
device,host,4,fp64,8,min,2048,173.9867,5747566,137.9,373,0.1329
device,host,4,fp64,8,max,2048,191.6650,5217436,125.2,318,0.1248
device,host,4,fp64,8,minnum,2048,194.5816,5139233,123.3,318,0.1267
device,host,4,fp64,8,maxnum,2048,207.7577,4813299,115.5,294,0.1251
device,host,4,fp64,8,cmplt,2048,217.2373,4603260,110.5,284,0.1264
device,host,4,fp64,8,cmple,2048,215.9551,4630592,111.1,280,0.1238
device,host,4,fp64,8,cmpeq,2048,216.5493,4617886,110.8,287,0.1273
device,host,4,fp64,8,select,2048,213.5724,4682253,149.8,284,0.1242
device,host,4,fp64,8,iand,2048,216.1651,4626094,111.0,286,0.1266
device,host,4,fp64,8,ior,2048,215.9966,4629702,111.1,282,0.1247
device,host,4,fp64,8,ixor,2048,215.6754,4636597,111.3,283,0.1250
device,host,4,fp64,8,iadd,2048,215.0517,4650045,111.6,285,0.1255
device,host,4,fp64,8,isub,2048,217.4835,4598050,110.4,285,0.1269
device,host,4,fp64,8,ishl,2048,209.9231,4763650,114.3,289,0.1242
device,host,4,fp64,8,ishr,2048,209.9917,4762093,114.3,290,0.1247
device,host,4,fp64,8,icmplt,2048,194.5978,5138803,123.3,290,0.1156
device,host,4,fp64,8,add,2048,190.8854,5238746,125.7,331,0.1294
device,host,4,fp64,8,sub,2048,186.7272,5355407,128.5,324,0.1239
device,host,4,fp64,8,mul,2048,182.9516,5465928,131.2,332,0.1244
device,host,4,fp64,8,fma,2048,183.4221,5451907,174.5,332,0.1247
device,resident,4,fp64,8,abs,2048,33.3031,30027265,480.4,1854,0.1265
device,resident,4,fp64,8,neg,2048,32.6272,30649232,490.4,1855,0.1240
device,resident,4,fp64,8,copysign,2048,32.5460,30725737,737.4,1881,0.1254
device,resident,4,fp64,8,min,2048,32.5667,30706247,736.9,1880,0.1254
device,resident,4,fp64,8,max,2048,33.8862,29510577,708.3,1794,0.1245
device,resident,4,fp64,8,minnum,2048,33.9143,29486068,707.7,1800,0.1250
device,resident,4,fp64,8,maxnum,2048,33.8888,29508246,708.2,1797,0.1247
device,resident,4,fp64,8,cmplt,2048,34.1214,29307085,703.4,1799,0.1257
device,resident,4,fp64,8,cmple,2048,35.2224,28391012,681.4,1736,0.1252
device,resident,4,fp64,8,cmpeq,2048,35.2230,28390523,681.4,1722,0.1242
device,resident,4,fp64,8,select,2048,35.2277,28386785,908.4,1729,0.1247
device,resident,4,fp64,8,iand,2048,35.2100,28401051,681.6,1720,0.1240
device,resident,4,fp64,8,ior,2048,35.2206,28392458,681.4,1728,0.1246
device,resident,4,fp64,8,ixor,2048,35.2379,28378553,681.1,1734,0.1251
device,resident,4,fp64,8,iadd,2048,35.2463,28371733,680.9,1728,0.1247
device,resident,4,fp64,8,isub,2048,35.2618,28359339,680.6,1731,0.1250
device,resident,4,fp64,8,ishl,2048,35.2451,28372750,680.9,1730,0.1249
device,resident,4,fp64,8,ishr,2048,35.2176,28394857,681.5,1731,0.1248
device,resident,4,fp64,8,icmplt,2048,36.3464,27513057,660.3,1676,0.1248
device,resident,4,fp64,8,add,2048,36.2804,27563096,661.5,1680,0.1248
device,resident,4,fp64,8,sub,2048,36.3656,27498549,660.0,1678,0.1250
device,resident,4,fp64,8,mul,2048,36.4129,27462792,659.1,1670,0.1245
device,resident,4,fp64,8,fma,2048,36.4010,27471744,879.1,1680,0.1252
software,host,0,fp64,8,abs,4096,50.9282,19635477,314.2,587,0.1224
software,host,0,fp64,8,neg,4096,57.2899,17455092,279.3,538,0.1262
software,host,0,fp64,8,copysign,4096,57.6483,17346580,416.3,530,0.1251
software,host,0,fp64,8,min,4096,96.1050,10405288,249.7,319,0.1256
software,host,0,fp64,8,max,4096,97.9436,10209953,245.0,316,0.1268
software,host,0,fp64,8,minnum,4096,107.9923,9259922,222.2,316,0.1398
software,host,0,fp64,8,maxnum,4096,105.5539,9473830,227.4,266,0.1150
software,host,0,fp64,8,cmplt,4096,120.8963,8271551,198.5,226,0.1119
software,host,0,fp64,8,cmple,4096,121.9877,8197550,196.7,252,0.1259
software,host,0,fp64,8,cmpeq,4096,102.9614,9712376,233.1,296,0.1248
software,host,0,fp64,8,select,4096,54.3980,18383018,588.3,564,0.1257
software,host,0,fp64,8,iand,4096,48.9571,20426046,490.2,626,0.1255
software,host,0,fp64,8,ior,4096,49.5138,20196406,484.7,615,0.1247
software,host,0,fp64,8,ixor,4096,49.7086,20117245,482.8,613,0.1248
software,host,0,fp64,8,iadd,4096,55.0161,18176513,436.2,557,0.1255
software,host,0,fp64,8,isub,4096,64.6683,15463517,371.1,476,0.1261
software,host,0,fp64,8,ishl,4096,69.5442,14379342,345.1,441,0.1256
software,host,0,fp64,8,ishr,4096,54.6171,18309301,439.4,555,0.1242
software,host,0,fp64,8,icmplt,4096,64.8023,15431561,370.4,473,0.1255
software,host,0,fp64,8,add,4096,352.1670,2839562,68.1,88,0.1269
software,host,0,fp64,8,sub,4096,360.2094,2776163,66.6,85,0.1254
software,host,0,fp64,8,mul,4096,257.5048,3883423,93.2,119,0.1255
software,host,0,fp64,8,fma,4096,307.6406,3250546,104.0,100,0.1260
device,host,1,fp64,8,abs,4096,33.8365,29553845,472.9,932,0.1292
device,host,1,fp64,8,neg,4096,35.0621,28520836,456.3,869,0.1248
device,host,1,fp64,8,copysign,4096,35.1091,28482684,683.6,870,0.1251
device,host,1,fp64,8,min,4096,35.1607,28440806,682.6,867,0.1249
device,host,1,fp64,8,max,4096,35.1452,28453358,682.9,871,0.1254
device,host,1,fp64,8,minnum,4096,35.0913,28497099,683.9,867,0.1246
device,host,1,fp64,8,maxnum,4096,35.1220,28472213,683.3,868,0.1249
device,host,1,fp64,8,cmplt,4096,35.1922,28415391,682.0,869,0.1253
device,host,1,fp64,8,cmple,4096,35.2130,28398621,681.6,865,0.1248
device,host,1,fp64,8,cmpeq,4096,35.2120,28399445,681.6,868,0.1252
device,host,1,fp64,8,select,4096,35.1015,28488793,911.6,862,0.1239
device,host,1,fp64,8,iand,4096,35.0363,28541861,685.0,868,0.1246
device,host,1,fp64,8,ior,4096,35.0490,28531483,684.8,871,0.1250
device,host,1,fp64,8,ixor,4096,35.1070,28484328,683.6,867,0.1247
device,host,1,fp64,8,iadd,4096,35.1045,28486402,683.7,872,0.1254
device,host,1,fp64,8,isub,4096,35.0762,28509323,684.2,871,0.1251
device,host,1,fp64,8,ishl,4096,35.0806,28505814,684.1,867,0.1246
device,host,1,fp64,8,ishr,4096,35.0252,28550843,685.2,871,0.1250
device,host,1,fp64,8,icmplt,4096,36.7018,27246593,653.9,877,0.1318
device,host,1,fp64,8,add,4096,38.8085,25767527,618.4,786,0.1249
device,host,1,fp64,8,sub,4096,38.8153,25763064,618.3,786,0.1250
device,host,1,fp64,8,mul,4096,38.8115,25765545,618.4,783,0.1245
device,host,1,fp64,8,fma,4096,38.9146,25697267,822.3,785,0.1251
device,resident,1,fp64,8,abs,4096,9.1495,109295283,1748.7,3205,0.1201
device,resident,1,fp64,8,neg,4096,9.0737,110209054,1763.3,3402,0.1264
device,resident,1,fp64,8,copysign,4096,8.9717,111462099,2675.1,3346,0.1230
device,resident,1,fp64,8,min,4096,8.9246,112049637,2689.2,3355,0.1226
device,resident,1,fp64,8,max,4096,10.7519,93006450,2232.2,3361,0.1480
device,resident,1,fp64,8,minnum,4096,10.9239,91542117,2197.0,2777,0.1243
device,resident,1,fp64,8,maxnum,4096,10.9360,91440905,2194.6,2797,0.1253
device,resident,1,fp64,8,cmplt,4096,10.9013,91731985,2201.6,2795,0.1248
device,resident,1,fp64,8,cmple,4096,10.9001,91742545,2201.8,2794,0.1247
device,resident,1,fp64,8,cmpeq,4096,10.8653,92036212,2208.9,2804,0.1248
device,resident,1,fp64,8,select,4096,10.8724,91976189,2943.2,2810,0.1251
device,resident,1,fp64,8,iand,4096,11.1723,89506793,2148.2,2805,0.1284
device,resident,1,fp64,8,ior,4096,10.9970,90933505,2182.4,2788,0.1256
device,resident,1,fp64,8,ixor,4096,10.8831,91885829,2205.3,2800,0.1248
device,resident,1,fp64,8,iadd,4096,10.8523,92146430,2211.5,2811,0.1250
device,resident,1,fp64,8,isub,4096,10.8602,92079456,2209.9,2814,0.1252
device,resident,1,fp64,8,ishl,4096,10.8535,92135797,2211.3,2814,0.1251
device,resident,1,fp64,8,ishr,4096,10.8524,92145179,2211.5,2815,0.1251
device,resident,1,fp64,8,icmplt,4096,10.8507,92159720,2211.8,2808,0.1248
device,resident,1,fp64,8,add,4096,10.8523,92145953,2211.5,2807,0.1248
device,resident,1,fp64,8,sub,4096,10.8854,91866286,2204.8,2807,0.1252
device,resident,1,fp64,8,mul,4096,10.8899,91828498,2203.9,2790,0.1244
device,resident,1,fp64,8,fma,4096,10.8533,92138116,2948.4,2804,0.1247
device,host,4,fp64,8,abs,4096,64.1396,15590990,249.5,429,0.1127
device,host,4,fp64,8,neg,4096,62.0762,16109234,257.7,493,0.1254
device,host,4,fp64,8,copysign,4096,63.0496,15860534,380.7,496,0.1281
device,host,4,fp64,8,min,4096,62.6949,15950261,382.8,484,0.1243
device,host,4,fp64,8,max,4096,62.5294,15992472,383.8,495,0.1268
device,host,4,fp64,8,minnum,4096,75.0168,13330340,319.9,488,0.1499
device,host,4,fp64,8,maxnum,4096,94.1430,10622143,254.9,347,0.1338
device,host,4,fp64,8,cmplt,4096,95.2440,10499347,252.0,321,0.1252
device,host,4,fp64,8,cmple,4096,101.3834,9863549,236.7,324,0.1345
device,host,4,fp64,8,cmpeq,4096,109.7555,9111160,218.7,268,0.1205
device,host,4,fp64,8,select,4096,107.1184,9335463,298.7,282,0.1237
device,host,4,fp64,8,iand,4096,107.3332,9316786,223.6,285,0.1253
device,host,4,fp64,8,ior,4096,109.0494,9170156,220.1,277,0.1237
device,host,4,fp64,8,ixor,4096,113.2618,8829100,211.9,281,0.1304
device,host,4,fp64,8,iadd,4096,116.9621,8549779,205.2,261,0.1250
device,host,4,fp64,8,isub,4096,110.5237,9047831,217.1,260,0.1177
device,host,4,fp64,8,ishl,4096,109.6070,9123507,219.0,280,0.1257
device,host,4,fp64,8,ishr,4096,109.7495,9111660,218.7,279,0.1254
device,host,4,fp64,8,icmplt,4096,109.8251,9105388,218.5,278,0.1251
device,host,4,fp64,8,add,4096,109.8224,9105610,218.5,278,0.1251
device,host,4,fp64,8,sub,4096,109.7713,9109851,218.6,278,0.1250
device,host,4,fp64,8,mul,4096,109.5677,9126773,219.0,279,0.1252
device,host,4,fp64,8,fma,4096,109.4519,9136430,292.4,282,0.1264
device,resident,4,fp64,8,abs,4096,16.3168,61286491,980.6,1854,0.1239
device,resident,4,fp64,8,neg,4096,17.0633,58605342,937.7,1867,0.1305
device,resident,4,fp64,8,copysign,4096,18.3430,54516827,1308.4,1739,0.1307
device,resident,4,fp64,8,min,4096,18.7746,53263496,1278.3,1627,0.1251
device,resident,4,fp64,8,max,4096,18.7742,53264611,1278.4,1550,0.1192
device,resident,4,fp64,8,minnum,4096,18.7768,53257194,1278.2,1627,0.1251
device,resident,4,fp64,8,maxnum,4096,18.7797,53248964,1278.0,1624,0.1249
device,resident,4,fp64,8,cmplt,4096,18.7757,53260417,1278.3,1629,0.1253
device,resident,4,fp64,8,cmple,4096,18.7885,53224129,1277.4,1629,0.1254
device,resident,4,fp64,8,cmpeq,4096,18.7581,53310226,1279.4,1633,0.1255
device,resident,4,fp64,8,select,4096,18.7793,53250040,1704.0,1633,0.1256
device,resident,4,fp64,8,iand,4096,18.7836,53237843,1277.7,1622,0.1248
device,resident,4,fp64,8,ior,4096,18.7713,53272943,1278.6,1630,0.1253
device,resident,4,fp64,8,ixor,4096,18.7561,53315950,1279.6,1634,0.1255
device,resident,4,fp64,8,iadd,4096,18.7664,53286838,1278.9,1629,0.1252
device,resident,4,fp64,8,isub,4096,18.7781,53253413,1278.1,1633,0.1256
device,resident,4,fp64,8,ishl,4096,18.7675,53283700,1278.8,1630,0.1253
device,resident,4,fp64,8,ishr,4096,18.1064,55228979,1325.5,1633,0.1211
device,resident,4,fp64,8,icmplt,4096,16.9656,58942821,1414.6,1752,0.1217
device,resident,4,fp64,8,add,4096,16.9203,59100724,1418.4,1806,0.1252
device,resident,4,fp64,8,sub,4096,16.8866,59218448,1421.2,1808,0.1251
device,resident,4,fp64,8,mul,4096,16.8875,59215328,1421.2,1811,0.1253
device,resident,4,fp64,8,fma,4096,16.8731,59265813,1896.5,1806,0.1248
software,host,0,fp64,8,abs,8192,51.0261,19597813,313.6,241,0.1007
software,host,0,fp64,8,neg,8192,57.0362,17532725,280.5,269,0.1257
software,host,0,fp64,8,copysign,8192,57.4068,17419527,418.1,267,0.1256
software,host,0,fp64,8,min,8192,96.5656,10355656,248.5,159,0.1258
software,host,0,fp64,8,max,8192,96.4823,10364600,248.8,157,0.1241
software,host,0,fp64,8,minnum,8192,96.5701,10355172,248.5,158,0.1250
software,host,0,fp64,8,maxnum,8192,96.6275,10349020,248.4,158,0.1251
software,host,0,fp64,8,cmplt,8192,121.3379,8241448,197.8,126,0.1252
software,host,0,fp64,8,cmple,8192,122.6448,8153631,195.7,125,0.1256
software,host,0,fp64,8,cmpeq,8192,103.1798,9691815,232.6,148,0.1251
software,host,0,fp64,8,select,8192,54.9923,18184380,581.9,279,0.1257
software,host,0,fp64,8,iand,8192,48.8222,20482476,491.6,313,0.1252
software,host,0,fp64,8,ior,8192,49.5513,20181098,484.3,306,0.1242
software,host,0,fp64,8,ixor,8192,48.9995,20408384,489.8,312,0.1252
software,host,0,fp64,8,iadd,8192,54.9428,18200756,436.8,278,0.1251
software,host,0,fp64,8,isub,8192,64.1960,15577286,373.9,237,0.1246
software,host,0,fp64,8,ishl,8192,69.7819,14330368,343.9,220,0.1258
software,host,0,fp64,8,ishr,8192,54.8434,18233719,437.6,278,0.1249
software,host,0,fp64,8,icmplt,8192,63.8497,15661784,375.9,239,0.1250
software,host,0,fp64,8,add,8192,350.6947,2851483,68.4,44,0.1264
software,host,0,fp64,8,sub,8192,360.4253,2774500,66.6,43,0.1270
software,host,0,fp64,8,mul,8192,257.2944,3886599,93.3,60,0.1265
software,host,0,fp64,8,fma,8192,307.4135,3252947,104.1,50,0.1259
device,host,1,fp64,8,abs,8192,20.1542,49617329,793.9,711,0.1174
device,host,1,fp64,8,neg,8192,19.7294,50685731,811.0,786,0.1270
device,host,1,fp64,8,copysign,8192,22.2879,44867470,1076.8,743,0.1357
device,host,1,fp64,8,min,8192,22.8648,43735257,1049.6,668,0.1251
device,host,1,fp64,8,max,8192,22.8874,43692171,1048.6,667,0.1251
device,host,1,fp64,8,minnum,8192,22.8580,43748313,1050.0,669,0.1253
device,host,1,fp64,8,maxnum,8192,22.8568,43750631,1050.0,668,0.1251
device,host,1,fp64,8,cmplt,8192,22.8179,43825235,1051.8,669,0.1251
device,host,1,fp64,8,cmple,8192,22.7650,43927112,1054.3,669,0.1248
device,host,1,fp64,8,cmpeq,8192,22.8157,43829521,1051.9,670,0.1252
device,host,1,fp64,8,select,8192,22.8740,43717762,1399.0,668,0.1252
device,host,1,fp64,8,iand,8192,22.9111,43647023,1047.5,668,0.1254
device,host,1,fp64,8,ior,8192,22.9646,43545327,1045.1,668,0.1257
device,host,1,fp64,8,ixor,8192,25.3252,39486410,947.7,603,0.1251
device,host,1,fp64,8,iadd,8192,25.7929,38770308,930.5,601,0.1270
device,host,1,fp64,8,isub,8192,26.1528,38236771,917.7,583,0.1249
device,host,1,fp64,8,ishl,8192,26.1327,38266263,918.4,584,0.1250
device,host,1,fp64,8,ishr,8192,25.9505,38534829,924.8,587,0.1248
device,host,1,fp64,8,icmplt,8192,25.9860,38482332,923.6,587,0.1250
device,host,1,fp64,8,add,8192,25.9707,38504904,924.1,586,0.1247
device,host,1,fp64,8,sub,8192,25.9740,38500026,924.0,587,0.1249
device,host,1,fp64,8,mul,8192,26.3850,37900366,909.6,588,0.1271
device,host,1,fp64,8,fma,8192,27.1285,36861611,1179.6,564,0.1253
device,resident,1,fp64,8,abs,8192,6.3923,156439330,2503.0,2386,0.1249
device,resident,1,fp64,8,neg,8192,7.1664,139541032,2232.7,2368,0.1390
device,resident,1,fp64,8,copysign,8192,7.4858,133585756,3206.1,2121,0.1301
device,resident,1,fp64,8,min,8192,7.5745,132022113,3168.5,2013,0.1249
device,resident,1,fp64,8,max,8192,7.5690,132117581,3170.8,2007,0.1244
device,resident,1,fp64,8,minnum,8192,7.5634,132215783,3173.2,2023,0.1253
device,resident,1,fp64,8,maxnum,8192,7.5556,132352385,3176.5,2023,0.1252
device,resident,1,fp64,8,cmplt,8192,7.5633,132216853,3173.2,2020,0.1252
device,resident,1,fp64,8,cmple,8192,7.5707,132087909,3170.1,2018,0.1252
device,resident,1,fp64,8,cmpeq,8192,7.6087,131428646,3154.3,2011,0.1253
device,resident,1,fp64,8,select,8192,7.5944,131676075,4213.6,2010,0.1250
device,resident,1,fp64,8,iand,8192,7.5640,132204945,3172.9,2022,0.1253
device,resident,1,fp64,8,ior,8192,7.5639,132207152,3173.0,2014,0.1248
device,resident,1,fp64,8,ixor,8192,7.5671,132150398,3171.6,2007,0.1244
device,resident,1,fp64,8,iadd,8192,7.5621,132239024,3173.7,2011,0.1246
device,resident,1,fp64,8,isub,8192,7.5539,132382477,3177.2,2020,0.1250
device,resident,1,fp64,8,ishl,8192,7.4952,133419103,3202.1,2034,0.1249
device,resident,1,fp64,8,ishr,8192,7.4971,133385735,3201.3,2034,0.1249
device,resident,1,fp64,8,icmplt,8192,7.4918,133478594,3203.5,2033,0.1248
device,resident,1,fp64,8,add,8192,7.5035,133270713,3198.5,2035,0.1251
device,resident,1,fp64,8,sub,8192,7.4902,133507769,3204.2,2040,0.1252
device,resident,1,fp64,8,mul,8192,7.4899,133512733,3204.3,2034,0.1248
device,resident,1,fp64,8,fma,8192,7.4919,133478223,4271.3,2037,0.1250
device,host,4,fp64,8,abs,8192,36.5874,27331841,437.3,413,0.1238
device,host,4,fp64,8,neg,8192,36.3464,27513047,440.2,424,0.1262
device,host,4,fp64,8,copysign,8192,43.6703,22898852,549.6,351,0.1256
device,host,4,fp64,8,min,8192,46.0078,21735437,521.7,342,0.1289
device,host,4,fp64,8,max,8192,53.1697,18807691,451.4,306,0.1333
device,host,4,fp64,8,minnum,8192,52.9631,18881070,453.1,286,0.1241
device,host,4,fp64,8,maxnum,8192,56.1566,17807342,427.4,281,0.1293
device,host,4,fp64,8,cmplt,8192,56.5569,17681317,424.4,275,0.1274
device,host,4,fp64,8,cmple,8192,59.4206,16829190,403.9,256,0.1246
device,host,4,fp64,8,cmpeq,8192,59.6445,16765997,402.4,257,0.1256
device,host,4,fp64,8,select,8192,59.0507,16934607,541.9,258,0.1248
device,host,4,fp64,8,iand,8192,58.5685,17074013,409.8,257,0.1233
device,host,4,fp64,8,ior,8192,58.3964,17124340,411.0,262,0.1253
device,host,4,fp64,8,ixor,8192,59.3036,16862392,404.7,261,0.1268
device,host,4,fp64,8,iadd,8192,59.9345,16684895,400.4,255,0.1252
device,host,4,fp64,8,isub,8192,60.0691,16647497,399.5,255,0.1255
device,host,4,fp64,8,ishl,8192,59.9874,16670181,400.1,253,0.1243
device,host,4,fp64,8,ishr,8192,60.0542,16651615,399.6,254,0.1250
device,host,4,fp64,8,icmplt,8192,59.2931,16865356,404.8,260,0.1263
device,host,4,fp64,8,add,8192,60.1879,16614624,398.8,263,0.1297
device,host,4,fp64,8,sub,8192,61.0602,16377283,393.1,251,0.1256
device,host,4,fp64,8,mul,8192,60.9272,16413043,393.9,253,0.1263
device,host,4,fp64,8,fma,8192,61.0277,16386002,524.4,251,0.1255
device,resident,4,fp64,8,abs,8192,8.1731,122352479,1957.6,1856,0.1243
device,resident,4,fp64,8,neg,8192,8.1299,123003151,1968.1,1866,0.1243
device,resident,4,fp64,8,copysign,8192,7.9284,126128359,3027.1,1904,0.1237
device,resident,4,fp64,8,min,8192,7.8757,126972765,3047.3,1943,0.1254
device,resident,4,fp64,8,max,8192,7.8932,126691051,3040.6,1927,0.1246
device,resident,4,fp64,8,minnum,8192,7.8897,126748285,3042.0,1933,0.1249
device,resident,4,fp64,8,maxnum,8192,7.9493,125797895,3019.1,1918,0.1249
device,resident,4,fp64,8,cmplt,8192,7.9252,126179389,3028.3,1929,0.1252
device,resident,4,fp64,8,cmple,8192,7.9401,125943214,3022.6,1929,0.1255
device,resident,4,fp64,8,cmpeq,8192,7.9494,125796377,3019.1,1908,0.1243
device,resident,4,fp64,8,select,8192,7.9211,126245760,4039.9,1925,0.1249
device,resident,4,fp64,8,iand,8192,7.9425,125905320,3021.7,1925,0.1252
device,resident,4,fp64,8,ior,8192,7.9263,126162404,3027.9,1921,0.1247
device,resident,4,fp64,8,ixor,8192,7.9446,125871613,3020.9,1912,0.1244
device,resident,4,fp64,8,iadd,8192,7.9396,125951410,3022.8,1920,0.1249
device,resident,4,fp64,8,isub,8192,8.2043,121888011,2925.3,1908,0.1282
device,resident,4,fp64,8,ishl,8192,8.2750,120845598,2900.3,1820,0.1234
device,resident,4,fp64,8,ishr,8192,8.2886,120647181,2895.5,1837,0.1247
device,resident,4,fp64,8,icmplt,8192,8.2645,120999866,2904.0,1833,0.1241
device,resident,4,fp64,8,add,8192,8.2629,121022553,2904.5,1829,0.1238
device,resident,4,fp64,8,sub,8192,8.2882,120653149,2895.7,1842,0.1251
device,resident,4,fp64,8,mul,8192,8.2708,120906816,2901.8,1849,0.1253
device,resident,4,fp64,8,fma,8192,8.2690,120933743,3869.9,1846,0.1250
software,host,0,fp64,8,abs,16384,50.9045,19644628,314.3,135,0.1126
software,host,0,fp64,8,neg,16384,56.9698,17553164,280.9,135,0.1260
software,host,0,fp64,8,copysign,16384,57.3559,17435005,418.4,134,0.1259
software,host,0,fp64,8,min,16384,96.2594,10388597,249.3,64,0.1009
software,host,0,fp64,8,max,16384,96.3137,10382742,249.2,64,0.1010
software,host,0,fp64,8,minnum,16384,96.8796,10322087,247.7,64,0.1016
software,host,0,fp64,8,maxnum,16384,96.4925,10363495,248.7,64,0.1012
software,host,0,fp64,8,cmplt,16384,121.3585,8240051,197.8,64,0.1273
software,host,0,fp64,8,cmple,16384,121.7329,8214707,197.2,63,0.1257
software,host,0,fp64,8,cmpeq,16384,103.2184,9688199,232.5,64,0.1082
software,host,0,fp64,8,select,16384,54.3348,18404419,588.9,139,0.1237
software,host,0,fp64,8,iand,16384,48.7235,20523993,492.6,157,0.1253
software,host,0,fp64,8,ior,16384,49.5990,20161706,483.9,155,0.1260
software,host,0,fp64,8,ixor,16384,49.0207,20399526,489.6,156,0.1253
software,host,0,fp64,8,iadd,16384,54.9303,18204900,436.9,139,0.1251
software,host,0,fp64,8,isub,16384,64.1749,15582423,374.0,119,0.1251
software,host,0,fp64,8,ishl,16384,69.5475,14378652,345.1,110,0.1253
software,host,0,fp64,8,ishr,16384,55.0233,18174128,436.2,140,0.1262
software,host,0,fp64,8,icmplt,16384,64.8191,15427553,370.3,119,0.1264
software,host,0,fp64,8,add,16384,349.8447,2858412,68.6,22,0.1261
software,host,0,fp64,8,sub,16384,361.3931,2767070,66.4,22,0.1303
software,host,0,fp64,8,mul,16384,257.1785,3888349,93.3,30,0.1264
software,host,0,fp64,8,fma,16384,308.1788,3244870,103.8,25,0.1262
device,host,1,fp64,8,abs,16384,18.6926,53497021,856.0,480,0.1470
device,host,1,fp64,8,neg,16384,19.2874,51847450,829.6,399,0.1261
device,host,1,fp64,8,copysign,16384,21.9824,45490854,1091.8,385,0.1387
device,host,1,fp64,8,min,16384,23.5229,42511726,1020.3,328,0.1264
device,host,1,fp64,8,max,16384,24.5496,40733845,977.6,315,0.1267
device,host,1,fp64,8,minnum,16384,24.5123,40795837,979.1,310,0.1245
device,host,1,fp64,8,maxnum,16384,24.6841,40511856,972.3,312,0.1262
device,host,1,fp64,8,cmplt,16384,24.6045,40642900,975.4,307,0.1238
device,host,1,fp64,8,cmple,16384,22.1265,45194751,1084.7,314,0.1138
device,host,1,fp64,8,cmpeq,16384,20.6260,48482519,1163.6,359,0.1213
device,host,1,fp64,8,select,16384,19.2745,51882014,1660.2,397,0.1254
device,host,1,fp64,8,iand,16384,19.2545,51935849,1246.5,396,0.1249
device,host,1,fp64,8,ior,16384,19.2143,52044484,1249.1,397,0.1250
device,host,1,fp64,8,ixor,16384,19.0821,52405136,1257.7,401,0.1254
device,host,1,fp64,8,iadd,16384,19.0723,52431973,1258.4,401,0.1253
device,host,1,fp64,8,isub,16384,19.0770,52419030,1258.1,401,0.1253
device,host,1,fp64,8,ishl,16384,19.0726,52431304,1258.4,400,0.1250
device,host,1,fp64,8,ishr,16384,20.1712,49575592,1189.8,401,0.1325
device,host,1,fp64,8,icmplt,16384,22.0320,45388530,1089.3,348,0.1256
device,host,1,fp64,8,add,16384,21.9575,45542458,1093.0,348,0.1252
device,host,1,fp64,8,sub,16384,21.7792,45915343,1102.0,347,0.1238
device,host,1,fp64,8,mul,16384,21.3554,46826576,1123.8,357,0.1249
device,host,1,fp64,8,fma,16384,21.3760,46781357,1497.0,357,0.1250
device,resident,1,fp64,8,abs,16384,4.2282,236506397,3784.1,1712,0.1186
device,resident,1,fp64,8,neg,16384,4.1025,243755703,3900.1,1818,0.1222
device,resident,1,fp64,8,copysign,16384,4.0460,247160291,5931.8,1887,0.1251
device,resident,1,fp64,8,min,16384,4.0543,246651433,5919.6,1876,0.1246
device,resident,1,fp64,8,max,16384,4.0557,246565745,5917.6,1887,0.1254
device,resident,1,fp64,8,minnum,16384,4.0352,247821693,5947.7,1888,0.1248
device,resident,1,fp64,8,maxnum,16384,4.4274,225868300,5420.8,1893,0.1373
device,resident,1,fp64,8,cmplt,16384,4.5270,220897417,5301.5,1678,0.1245
device,resident,1,fp64,8,cmple,16384,4.5352,220499407,5292.0,1667,0.1239
device,resident,1,fp64,8,cmpeq,16384,4.5282,220838019,5300.1,1669,0.1238
device,resident,1,fp64,8,select,16384,4.5343,220539576,7057.3,1687,0.1253
device,resident,1,fp64,8,iand,16384,4.5303,220736592,5297.7,1685,0.1251
device,resident,1,fp64,8,ior,16384,4.5439,220077278,5281.9,1675,0.1247
device,resident,1,fp64,8,ixor,16384,4.5606,219267647,5262.4,1676,0.1252
device,resident,1,fp64,8,iadd,16384,4.5501,219777648,5274.7,1647,0.1228
device,resident,1,fp64,8,isub,16384,4.5734,218654448,5247.7,1663,0.1246
device,resident,1,fp64,8,ishl,16384,4.5904,217847118,5228.3,1664,0.1251
device,resident,1,fp64,8,ishr,16384,4.5636,219125788,5259.0,1669,0.1248
device,resident,1,fp64,8,icmplt,16384,4.5750,218577883,5245.9,1669,0.1251
device,resident,1,fp64,8,add,16384,4.5799,218343677,5240.2,1667,0.1251
device,resident,1,fp64,8,sub,16384,4.5904,217844436,5228.3,1668,0.1254
device,resident,1,fp64,8,mul,16384,4.5720,218720447,5249.3,1663,0.1246
device,resident,1,fp64,8,fma,16384,4.5632,219146358,7012.7,1673,0.1251
device,host,4,fp64,8,abs,16384,22.0943,45260590,724.2,334,0.1209
device,host,4,fp64,8,neg,16384,23.7738,42063056,673.0,338,0.1317
device,host,4,fp64,8,copysign,16384,24.7801,40355019,968.5,308,0.1250
device,host,4,fp64,8,min,16384,24.7804,40354446,968.5,308,0.1250
device,host,4,fp64,8,max,16384,24.7275,40440804,970.6,307,0.1244
device,host,4,fp64,8,minnum,16384,24.9896,40016699,960.4,306,0.1253
device,host,4,fp64,8,maxnum,16384,25.0059,39990591,959.8,307,0.1258
device,host,4,fp64,8,cmplt,16384,24.9713,40045940,961.1,306,0.1252
device,host,4,fp64,8,cmple,16384,24.9886,40018258,960.4,305,0.1249
device,host,4,fp64,8,cmpeq,16384,24.9088,40146436,963.5,306,0.1249
device,host,4,fp64,8,select,16384,24.8391,40259177,1288.3,305,0.1241
device,host,4,fp64,8,iand,16384,24.9433,40090997,962.2,306,0.1251
device,host,4,fp64,8,ior,16384,24.9936,40010288,960.2,305,0.1249
device,host,4,fp64,8,ixor,16384,25.0006,39999049,960.0,306,0.1253
device,host,4,fp64,8,iadd,16384,24.9947,40008406,960.2,306,0.1253
device,host,4,fp64,8,isub,16384,24.6386,40586655,974.1,302,0.1219
device,host,4,fp64,8,ishl,16384,25.1060,39831122,955.9,305,0.1255
device,host,4,fp64,8,ishr,16384,25.1347,39785622,954.9,306,0.1260
device,host,4,fp64,8,icmplt,16384,25.1754,39721383,953.3,304,0.1254
device,host,4,fp64,8,add,16384,24.9128,40140053,963.4,304,0.1241
device,host,4,fp64,8,sub,16384,24.8991,40162086,963.9,306,0.1248
device,host,4,fp64,8,mul,16384,27.7200,36075070,865.8,308,0.1399
device,host,4,fp64,8,fma,16384,29.3488,34072946,1090.3,269,0.1293
device,resident,4,fp64,8,abs,16384,4.6138,216739626,3467.8,1636,0.1237
device,resident,4,fp64,8,neg,16384,4.6768,213820145,3421.1,1655,0.1268
device,resident,4,fp64,8,copysign,16384,4.6801,213669708,5128.1,1641,0.1258
device,resident,4,fp64,8,min,16384,4.6576,214704074,5152.9,1625,0.1240
device,resident,4,fp64,8,max,16384,4.6435,215355593,5168.5,1631,0.1241
device,resident,4,fp64,8,minnum,16384,4.6944,213019626,5112.5,1637,0.1259
device,resident,4,fp64,8,maxnum,16384,4.6948,213001061,5112.0,1622,0.1248
device,resident,4,fp64,8,cmplt,16384,4.6494,215082627,5162.0,1633,0.1244
device,resident,4,fp64,8,cmple,16384,4.6485,215122335,5162.9,1645,0.1253
device,resident,4,fp64,8,cmpeq,16384,4.6442,215324561,5167.8,1612,0.1227
device,resident,4,fp64,8,select,16384,4.6451,215282129,6889.0,1628,0.1239
device,resident,4,fp64,8,iand,16384,4.6219,216360520,5192.7,1640,0.1242
device,resident,4,fp64,8,ior,16384,4.6273,216109315,5186.6,1634,0.1239
device,resident,4,fp64,8,ixor,16384,4.6204,216430529,5194.3,1644,0.1245
device,resident,4,fp64,8,iadd,16384,4.6203,216435591,5194.5,1646,0.1246
device,resident,4,fp64,8,isub,16384,4.6399,215522936,5172.6,1648,0.1253
device,resident,4,fp64,8,ishl,16384,4.6380,215612019,5174.7,1639,0.1245
device,resident,4,fp64,8,ishr,16384,4.6230,216309229,5191.4,1629,0.1234
device,resident,4,fp64,8,icmplt,16384,4.6203,216435805,5194.5,1640,0.1241
device,resident,4,fp64,8,add,16384,4.6221,216351488,5192.4,1645,0.1246
device,resident,4,fp64,8,sub,16384,4.6284,216059478,5185.4,1652,0.1253
device,resident,4,fp64,8,mul,16384,4.6243,216248651,5190.0,1628,0.1233
device,resident,4,fp64,8,fma,16384,4.6201,216447701,6926.3,1655,0.1253
software,host,0,fp64,8,abs,32768,50.7863,19690335,315.0,72,0.1198
software,host,0,fp64,8,neg,32768,57.1198,17507074,280.1,64,0.1198
software,host,0,fp64,8,copysign,32768,57.2986,17452439,418.9,64,0.1202
software,host,0,fp64,8,min,32768,96.1433,10401146,249.6,40,0.1260
software,host,0,fp64,8,max,32768,96.3315,10380822,249.1,40,0.1263
software,host,0,fp64,8,minnum,32768,96.2678,10387687,249.3,40,0.1262
software,host,0,fp64,8,maxnum,32768,96.2470,10389936,249.4,40,0.1262
software,host,0,fp64,8,cmplt,32768,120.9814,8265735,198.4,32,0.1269
software,host,0,fp64,8,cmple,32768,122.1541,8186383,196.5,32,0.1281
software,host,0,fp64,8,cmpeq,32768,102.9672,9711833,233.1,38,0.1282
software,host,0,fp64,8,select,32768,54.3338,18404738,589.0,64,0.1139
software,host,0,fp64,8,iand,32768,48.9358,20434953,490.4,64,0.1026
software,host,0,fp64,8,ior,32768,49.4442,20224816,485.4,64,0.1037
software,host,0,fp64,8,ixor,32768,48.9842,20414733,490.0,64,0.1027
software,host,0,fp64,8,iadd,32768,54.8833,18220490,437.3,64,0.1151
software,host,0,fp64,8,isub,32768,64.3409,15542210,373.0,60,0.1265
software,host,0,fp64,8,ishl,32768,69.6028,14367233,344.8,54,0.1232
software,host,0,fp64,8,ishr,32768,54.8713,18224449,437.4,64,0.1151
software,host,0,fp64,8,icmplt,32768,64.3344,15543791,373.1,59,0.1244
software,host,0,fp64,8,add,32768,349.8281,2858546,68.6,11,0.1261
software,host,0,fp64,8,sub,32768,360.6084,2773091,66.6,11,0.1300
software,host,0,fp64,8,mul,32768,256.7414,3894970,93.5,15,0.1262
software,host,0,fp64,8,fma,32768,307.8422,3248417,103.9,13,0.1311
device,host,1,fp64,8,abs,32768,18.0470,55410905,886.6,230,0.1360
device,host,1,fp64,8,neg,32768,17.9327,55764012,892.2,213,0.1252
device,host,1,fp64,8,copysign,32768,17.8332,56075200,1345.8,213,0.1245
device,host,1,fp64,8,min,32768,17.8873,55905656,1341.7,214,0.1254
device,host,1,fp64,8,max,32768,17.9037,55854478,1340.5,213,0.1250
device,host,1,fp64,8,minnum,32768,17.8665,55970599,1343.3,214,0.1253
device,host,1,fp64,8,maxnum,32768,17.8395,56055315,1345.3,217,0.1269
device,host,1,fp64,8,cmplt,32768,17.8769,55937965,1342.5,214,0.1254
device,host,1,fp64,8,cmple,32768,17.8616,55986132,1343.7,214,0.1253
device,host,1,fp64,8,cmpeq,32768,17.8828,55919666,1342.1,213,0.1248
device,host,1,fp64,8,select,32768,17.8117,56142805,1796.6,214,0.1249
device,host,1,fp64,8,iand,32768,17.7616,56301102,1351.2,215,0.1251
device,host,1,fp64,8,ior,32768,17.7770,56252557,1350.1,216,0.1258
device,host,1,fp64,8,ixor,32768,17.7718,56268973,1350.5,215,0.1252
device,host,1,fp64,8,iadd,32768,17.7464,56349465,1352.4,215,0.1250
device,host,1,fp64,8,isub,32768,17.7222,56426466,1354.2,215,0.1249
device,host,1,fp64,8,ishl,32768,17.7738,56262445,1350.3,215,0.1252
device,host,1,fp64,8,ishr,32768,17.7548,56322806,1351.7,217,0.1262
device,host,1,fp64,8,icmplt,32768,17.7847,56228006,1349.5,215,0.1253
device,host,1,fp64,8,add,32768,17.7616,56301360,1351.2,216,0.1257
device,host,1,fp64,8,sub,32768,17.7422,56362936,1352.7,215,0.1250
device,host,1,fp64,8,mul,32768,17.8262,56097325,1346.3,215,0.1256
device,host,1,fp64,8,fma,32768,17.8628,55982338,1791.4,216,0.1264
device,resident,1,fp64,8,abs,32768,3.5216,283963424,4543.4,1173,0.1354
device,resident,1,fp64,8,neg,32768,3.5113,284794714,4556.7,1063,0.1223
device,resident,1,fp64,8,copysign,32768,3.3957,294491860,7067.8,1108,0.1233
device,resident,1,fp64,8,min,32768,3.3958,294479953,7067.5,1110,0.1235
device,resident,1,fp64,8,max,32768,3.3912,294882727,7077.2,1126,0.1251
device,resident,1,fp64,8,minnum,32768,3.3999,294123673,7059.0,1127,0.1256
device,resident,1,fp64,8,maxnum,32768,3.3910,294899752,7077.6,1127,0.1252
device,resident,1,fp64,8,cmplt,32768,3.3984,294257862,7062.2,1124,0.1252
device,resident,1,fp64,8,cmple,32768,3.4302,291528387,6996.7,1113,0.1251
device,resident,1,fp64,8,cmpeq,32768,3.4458,290210570,6965.1,1089,0.1230
device,resident,1,fp64,8,select,32768,3.4031,293850495,9403.2,1099,0.1226
device,resident,1,fp64,8,iand,32768,3.3911,294886259,7077.3,1121,0.1246
device,resident,1,fp64,8,ior,32768,3.3909,294908344,7077.8,1130,0.1256
device,resident,1,fp64,8,ixor,32768,3.3906,294933257,7078.4,1117,0.1241
device,resident,1,fp64,8,iadd,32768,3.3911,294887208,7077.3,1123,0.1248
device,resident,1,fp64,8,isub,32768,3.3911,294890369,7077.4,1121,0.1246
device,resident,1,fp64,8,ishl,32768,3.3904,294948658,7078.8,1121,0.1245
device,resident,1,fp64,8,ishr,32768,3.3937,294661570,7071.9,1115,0.1240
device,resident,1,fp64,8,icmplt,32768,3.3906,294934147,7078.4,1118,0.1242
device,resident,1,fp64,8,add,32768,3.3902,294969313,7079.3,1115,0.1239
device,resident,1,fp64,8,sub,32768,3.3907,294924514,7078.2,1122,0.1247
device,resident,1,fp64,8,mul,32768,3.3903,294962445,7079.1,1114,0.1238
device,resident,1,fp64,8,fma,32768,3.3906,294929834,9437.8,1132,0.1258
device,host,4,fp64,8,abs,32768,15.7586,63457476,1015.3,247,0.1275
device,host,4,fp64,8,neg,32768,15.6610,63853006,1021.6,240,0.1232
device,host,4,fp64,8,copysign,32768,15.8098,63251969,1518.0,241,0.1249
device,host,4,fp64,8,min,32768,15.8788,62977174,1511.5,246,0.1280
device,host,4,fp64,8,max,32768,16.3188,61278967,1470.7,240,0.1283
device,host,4,fp64,8,minnum,32768,18.4347,54245635,1301.9,212,0.1281
device,host,4,fp64,8,maxnum,32768,18.4065,54328665,1303.9,207,0.1249
device,host,4,fp64,8,cmplt,32768,18.5344,53953625,1294.9,207,0.1257
device,host,4,fp64,8,cmple,32768,20.3333,49180480,1180.3,188,0.1253
device,host,4,fp64,8,cmpeq,32768,20.3435,49155699,1179.7,188,0.1253
device,host,4,fp64,8,select,32768,21.8112,45848054,1467.1,188,0.1344
device,host,4,fp64,8,iand,32768,22.0886,45272296,1086.5,173,0.1252
device,host,4,fp64,8,ior,32768,22.0366,45379104,1089.1,173,0.1249
device,host,4,fp64,8,ixor,32768,22.5915,44264370,1062.3,173,0.1281
device,host,4,fp64,8,iadd,32768,22.9599,43554138,1045.3,167,0.1256
device,host,4,fp64,8,isub,32768,22.3541,44734509,1073.6,170,0.1245
device,host,4,fp64,8,ishl,32768,23.0452,43392977,1041.4,167,0.1261
device,host,4,fp64,8,ishr,32768,22.9950,43487631,1043.7,166,0.1251
device,host,4,fp64,8,icmplt,32768,23.0285,43424526,1042.2,167,0.1260
device,host,4,fp64,8,add,32768,23.0195,43441515,1042.6,166,0.1252
device,host,4,fp64,8,sub,32768,23.0119,43455732,1042.9,167,0.1259
device,host,4,fp64,8,mul,32768,23.0574,43369994,1040.9,166,0.1254
device,host,4,fp64,8,fma,32768,23.0160,43447994,1390.3,166,0.1252
device,resident,4,fp64,8,abs,32768,2.6118,382877062,6126.0,1453,0.1244
device,resident,4,fp64,8,neg,32768,2.6131,382680981,6122.9,1460,0.1250
device,resident,4,fp64,8,copysign,32768,2.6192,381796458,9163.1,1465,0.1257
device,resident,4,fp64,8,min,32768,2.6213,381486667,9155.7,1451,0.1246
device,resident,4,fp64,8,max,32768,2.6157,382305365,9175.3,1459,0.1251
device,resident,4,fp64,8,minnum,32768,2.6129,382720482,9185.3,1460,0.1250
device,resident,4,fp64,8,maxnum,32768,2.6088,383313999,9199.5,1459,0.1247
device,resident,4,fp64,8,cmplt,32768,2.5950,385353429,9248.5,1464,0.1245
device,resident,4,fp64,8,cmple,32768,2.5957,385258748,9246.2,1469,0.1249
device,resident,4,fp64,8,cmpeq,32768,2.5950,385355584,9248.5,1466,0.1247
device,resident,4,fp64,8,select,32768,2.6810,372993216,11935.8,1460,0.1283
device,resident,4,fp64,8,iand,32768,2.8277,353640820,8487.4,1349,0.1250
device,resident,4,fp64,8,ior,32768,2.8733,348035835,8352.9,1345,0.1266
device,resident,4,fp64,8,ixor,32768,2.8849,346632704,8319.2,1319,0.1247
device,resident,4,fp64,8,iadd,32768,2.8991,344936330,8278.5,1323,0.1257
device,resident,4,fp64,8,isub,32768,3.0205,331073225,7945.8,1300,0.1287
device,resident,4,fp64,8,ishl,32768,3.0514,327718883,7865.3,1257,0.1257
device,resident,4,fp64,8,ishr,32768,3.0513,327729676,7865.5,1250,0.1250
device,resident,4,fp64,8,icmplt,32768,3.0493,327942994,7870.6,1251,0.1250
device,resident,4,fp64,8,add,32768,3.0469,328198446,7876.8,1254,0.1252
device,resident,4,fp64,8,sub,32768,3.0516,327701226,7864.8,1257,0.1257
device,resident,4,fp64,8,mul,32768,3.0496,327914187,7869.9,1251,0.1250
device,resident,4,fp64,8,fma,32768,3.0511,327752137,10488.1,1254,0.1254
software,host,0,fp64,8,abs,65536,52.0941,19196045,307.1,31,0.1058
software,host,0,fp64,8,neg,65536,56.9126,17570808,281.1,34,0.1268
software,host,0,fp64,8,copysign,65536,57.4291,17412763,417.9,34,0.1280
software,host,0,fp64,8,min,65536,96.2664,10387844,249.3,20,0.1262
software,host,0,fp64,8,max,65536,96.1338,10402169,249.7,20,0.1260
software,host,0,fp64,8,minnum,65536,96.5499,10357341,248.6,20,0.1265
software,host,0,fp64,8,maxnum,65536,96.2732,10387108,249.3,20,0.1262
software,host,0,fp64,8,cmplt,65536,121.0680,8259818,198.2,16,0.1269
software,host,0,fp64,8,cmple,65536,122.1143,8189052,196.5,16,0.1280
software,host,0,fp64,8,cmpeq,65536,103.1548,9694170,232.7,19,0.1284
software,host,0,fp64,8,select,65536,54.5285,18339021,586.8,35,0.1251
software,host,0,fp64,8,iand,65536,48.8633,20465275,491.2,40,0.1281
software,host,0,fp64,8,ior,65536,49.7163,20114126,482.7,39,0.1271
software,host,0,fp64,8,ixor,65536,48.9854,20414239,489.9,39,0.1252
software,host,0,fp64,8,iadd,65536,55.0014,18181345,436.4,35,0.1262
software,host,0,fp64,8,isub,65536,64.2359,15567628,373.6,30,0.1263
software,host,0,fp64,8,ishl,65536,69.9947,14286800,342.9,28,0.1284
software,host,0,fp64,8,ishr,65536,54.8427,18233968,437.6,35,0.1258
software,host,0,fp64,8,icmplt,65536,64.7393,15446564,370.7,30,0.1273
software,host,0,fp64,8,add,65536,348.0876,2872840,68.9,6,0.1369
software,host,0,fp64,8,sub,65536,361.1112,2769230,66.5,6,0.1420
software,host,0,fp64,8,mul,65536,257.0058,3890963,93.4,8,0.1347
software,host,0,fp64,8,fma,65536,309.6422,3229534,103.3,7,0.1420
device,host,1,fp64,8,abs,65536,14.5208,68866807,1101.9,139,0.1323
device,host,1,fp64,8,neg,65536,14.1753,70545110,1128.7,130,0.1208
device,host,1,fp64,8,copysign,65536,14.6507,68256335,1638.2,134,0.1287
device,host,1,fp64,8,min,65536,14.7019,68018597,1632.4,131,0.1262
device,host,1,fp64,8,max,65536,14.6782,68128337,1635.1,130,0.1251
device,host,1,fp64,8,minnum,65536,14.6625,68201116,1636.8,130,0.1249
device,host,1,fp64,8,maxnum,65536,14.4412,69246111,1661.9,130,0.1230
device,host,1,fp64,8,cmplt,65536,12.5783,79501785,1908.0,135,0.1113
device,host,1,fp64,8,cmple,65536,13.0126,76848413,1844.4,166,0.1416
device,host,1,fp64,8,cmpeq,65536,13.7948,72490860,1739.8,145,0.1311
device,host,1,fp64,8,select,65536,14.1242,70800257,2265.6,136,0.1259
device,host,1,fp64,8,iand,65536,14.1090,70876713,1701.0,134,0.1239
device,host,1,fp64,8,ior,65536,14.4266,69316486,1663.6,133,0.1257
device,host,1,fp64,8,ixor,65536,14.3970,69458795,1667.0,133,0.1255
device,host,1,fp64,8,iadd,65536,14.4279,69310145,1663.4,133,0.1258
device,host,1,fp64,8,isub,65536,14.3908,69488928,1667.7,133,0.1254
device,host,1,fp64,8,ishl,65536,14.4227,69335147,1664.0,134,0.1267
device,host,1,fp64,8,ishr,65536,14.2872,69992757,1679.8,133,0.1245
device,host,1,fp64,8,icmplt,65536,13.9506,71681342,1720.4,138,0.1262
device,host,1,fp64,8,add,65536,13.9467,71701636,1720.8,137,0.1252
device,host,1,fp64,8,sub,65536,13.9557,71655059,1719.7,137,0.1253
device,host,1,fp64,8,mul,65536,13.9299,71788103,1722.9,137,0.1251
device,host,1,fp64,8,fma,65536,13.9291,71792118,2297.3,137,0.1251
device,resident,1,fp64,8,abs,65536,2.9793,335644658,5370.3,674,0.1316
device,resident,1,fp64,8,neg,65536,2.9399,340151918,5442.4,638,0.1229
device,resident,1,fp64,8,copysign,65536,2.9011,344699198,8272.8,657,0.1249
device,resident,1,fp64,8,min,65536,2.9017,344619651,8270.9,658,0.1251
device,resident,1,fp64,8,max,65536,2.9025,344525250,8268.6,656,0.1248
device,resident,1,fp64,8,minnum,65536,2.8982,345046370,8281.1,659,0.1252
device,resident,1,fp64,8,maxnum,65536,2.8993,344912161,8277.9,657,0.1248
device,resident,1,fp64,8,cmplt,65536,2.9009,344714996,8273.2,661,0.1257
device,resident,1,fp64,8,cmple,65536,2.8960,345307365,8287.4,656,0.1245
device,resident,1,fp64,8,cmpeq,65536,2.8929,345672356,8296.1,660,0.1251
device,resident,1,fp64,8,select,65536,2.8915,345835415,11066.7,661,0.1253
device,resident,1,fp64,8,iand,65536,2.8906,345948449,8302.8,661,0.1252
device,resident,1,fp64,8,ior,65536,2.8907,345937111,8302.5,662,0.1254
device,resident,1,fp64,8,ixor,65536,2.8925,345725716,8297.4,661,0.1253
device,resident,1,fp64,8,iadd,65536,2.8904,345969649,8303.3,662,0.1254
device,resident,1,fp64,8,isub,65536,2.8892,346119725,8306.9,658,0.1246
device,resident,1,fp64,8,ishl,65536,2.8899,346029745,8304.7,659,0.1248
device,resident,1,fp64,8,ishr,65536,2.8898,346043889,8305.1,660,0.1250
device,resident,1,fp64,8,icmplt,65536,2.8950,345428689,8290.3,659,0.1250
device,resident,1,fp64,8,add,65536,2.8919,345794095,8299.1,658,0.1247
device,resident,1,fp64,8,sub,65536,2.8902,345997484,8303.9,661,0.1252
device,resident,1,fp64,8,mul,65536,2.8922,345754913,8298.1,662,0.1255
device,resident,1,fp64,8,fma,65536,2.8885,346201644,11078.5,660,0.1249
device,host,4,fp64,8,abs,65536,11.2437,88938451,1423.0,161,0.1186
device,host,4,fp64,8,neg,65536,12.3351,81069683,1297.1,172,0.1390
device,host,4,fp64,8,copysign,65536,13.6437,73294131,1759.1,147,0.1314
device,host,4,fp64,8,min,65536,13.2136,75679740,1816.3,141,0.1221
device,host,4,fp64,8,max,65536,12.9589,77167138,1852.0,148,0.1257
device,host,4,fp64,8,minnum,65536,12.9657,77126375,1851.0,147,0.1249
device,host,4,fp64,8,maxnum,65536,12.9787,77049130,1849.2,147,0.1250
device,host,4,fp64,8,cmplt,65536,12.9700,77101225,1850.4,148,0.1258
device,host,4,fp64,8,cmple,65536,12.9837,77019406,1848.5,147,0.1251
device,host,4,fp64,8,cmpeq,65536,12.9840,77017678,1848.4,147,0.1251
device,host,4,fp64,8,select,65536,12.9862,77004686,2464.1,148,0.1260
device,host,4,fp64,8,iand,65536,12.9868,77001388,1848.0,147,0.1251
device,host,4,fp64,8,ior,65536,12.9602,77159256,1851.8,148,0.1257
device,host,4,fp64,8,ixor,65536,12.9685,77109996,1850.6,147,0.1249
device,host,4,fp64,8,iadd,65536,13.0052,76892456,1845.4,148,0.1261
device,host,4,fp64,8,isub,65536,14.3337,69765498,1674.4,147,0.1381
device,host,4,fp64,8,ishl,65536,14.9305,66976843,1607.4,127,0.1243
device,host,4,fp64,8,ishr,65536,14.9845,66735806,1601.7,128,0.1257
device,host,4,fp64,8,icmplt,65536,14.9667,66815021,1603.6,128,0.1255
device,host,4,fp64,8,add,65536,14.9623,66834781,1604.0,128,0.1255
device,host,4,fp64,8,sub,65536,14.9823,66745266,1601.9,128,0.1257
device,host,4,fp64,8,mul,65536,15.1378,66059920,1585.4,127,0.1260
device,host,4,fp64,8,fma,65536,15.2551,65551691,2097.7,131,0.1310
device,resident,4,fp64,8,abs,65536,1.6483,606670289,9706.7,1194,0.1290
device,resident,4,fp64,8,neg,65536,1.7220,580733342,9291.7,1119,0.1263
device,resident,4,fp64,8,copysign,65536,1.7733,563906305,13533.8,1084,0.1260
device,resident,4,fp64,8,min,65536,1.8034,554520477,13308.5,1058,0.1250
device,resident,4,fp64,8,max,65536,1.8036,554432371,13306.4,1051,0.1242
device,resident,4,fp64,8,minnum,65536,1.8015,555100295,13322.4,1057,0.1248
device,resident,4,fp64,8,maxnum,65536,1.8060,553720863,13289.3,1054,0.1247
device,resident,4,fp64,8,cmplt,65536,1.8055,553854212,13292.5,1058,0.1252
device,resident,4,fp64,8,cmple,65536,1.8041,554293685,13303.0,1062,0.1256
device,resident,4,fp64,8,cmpeq,65536,1.8054,553897996,13293.6,1058,0.1252
device,resident,4,fp64,8,select,65536,1.8036,554435724,17741.9,1056,0.1248
device,resident,4,fp64,8,iand,65536,1.8037,554418624,13306.0,1059,0.1252
device,resident,4,fp64,8,ior,65536,1.8060,553722857,13289.3,1055,0.1249
device,resident,4,fp64,8,ixor,65536,1.8072,553342871,13280.2,1055,0.1250
device,resident,4,fp64,8,iadd,65536,1.8038,554385732,13305.3,1052,0.1244
device,resident,4,fp64,8,isub,65536,1.8075,553243352,13277.8,1057,0.1252
device,resident,4,fp64,8,ishl,65536,1.8097,552584619,13262.0,1055,0.1251
device,resident,4,fp64,8,ishr,65536,1.8086,552912247,13269.9,1055,0.1250
device,resident,4,fp64,8,icmplt,65536,1.8098,552539481,13260.9,1053,0.1249
device,resident,4,fp64,8,add,65536,1.8086,552915112,13270.0,1054,0.1249
device,resident,4,fp64,8,sub,65536,1.8049,554038428,13296.9,1056,0.1249
device,resident,4,fp64,8,mul,65536,1.8096,552620969,13262.9,1051,0.1246
device,resident,4,fp64,8,fma,65536,1.8097,552592781,17683.0,1052,0.1248
software,host,0,fp64,8,abs,131072,50.8026,19684016,314.9,18,0.1199
software,host,0,fp64,8,neg,131072,56.8068,17603525,281.7,17,0.1266
software,host,0,fp64,8,copysign,131072,57.1147,17508620,420.2,17,0.1273
software,host,0,fp64,8,min,131072,95.9534,10421721,250.1,10,0.1258
software,host,0,fp64,8,max,131072,95.8768,10430047,250.3,10,0.1257
software,host,0,fp64,8,minnum,131072,96.3188,10382190,249.2,10,0.1262
software,host,0,fp64,8,maxnum,131072,96.4143,10371909,248.9,10,0.1264
software,host,0,fp64,8,cmplt,131072,120.8839,8272399,198.5,8,0.1268
software,host,0,fp64,8,cmple,131072,122.2195,8182002,196.4,8,0.1282
software,host,0,fp64,8,cmpeq,131072,102.7781,9729698,233.5,10,0.1347
software,host,0,fp64,8,select,131072,54.4402,18368764,587.8,18,0.1284
software,host,0,fp64,8,iand,131072,48.6973,20535010,492.8,20,0.1277
software,host,0,fp64,8,ior,131072,49.7871,20085539,482.1,20,0.1305
software,host,0,fp64,8,ixor,131072,48.9890,20412756,489.9,20,0.1284
software,host,0,fp64,8,iadd,131072,54.8759,18222930,437.4,18,0.1295
software,host,0,fp64,8,isub,131072,64.0764,15606362,374.6,15,0.1260
software,host,0,fp64,8,ishl,131072,69.5078,14386868,345.3,14,0.1275
software,host,0,fp64,8,ishr,131072,54.8244,18240053,437.8,18,0.1293
software,host,0,fp64,8,icmplt,131072,64.2269,15569798,373.7,15,0.1263
software,host,0,fp64,8,add,131072,348.3721,2870494,68.9,3,0.1370
software,host,0,fp64,8,sub,131072,360.7953,2771655,66.5,3,0.1419
software,host,0,fp64,8,mul,131072,272.3282,3672039,88.1,4,0.1428
software,host,0,fp64,8,fma,131072,338.6099,2953251,94.5,4,0.1775
device,host,1,fp64,8,abs,131072,13.6807,73095683,1169.5,64,0.1148
device,host,1,fp64,8,neg,131072,13.9631,71617441,1145.9,64,0.1171
device,host,1,fp64,8,copysign,131072,13.9533,71667705,1720.0,64,0.1170
device,host,1,fp64,8,min,131072,13.9768,71547038,1717.1,64,0.1172
device,host,1,fp64,8,max,131072,14.0593,71127256,1707.1,64,0.1179
device,host,1,fp64,8,minnum,131072,14.0324,71263841,1710.3,64,0.1177
device,host,1,fp64,8,maxnum,131072,13.9715,71574256,1717.8,64,0.1172
device,host,1,fp64,8,cmplt,131072,13.9686,71588928,1718.1,64,0.1172
device,host,1,fp64,8,cmple,131072,14.0224,71314254,1711.5,64,0.1176
device,host,1,fp64,8,cmpeq,131072,14.0486,71181683,1708.4,64,0.1178
device,host,1,fp64,8,select,131072,13.9766,71548177,2289.5,64,0.1172
device,host,1,fp64,8,iand,131072,13.9969,71444382,1714.7,64,0.1174
device,host,1,fp64,8,ior,131072,14.0276,71288225,1710.9,64,0.1177
device,host,1,fp64,8,ixor,131072,13.9797,71532505,1716.8,64,0.1173
device,host,1,fp64,8,iadd,131072,14.0090,71382433,1713.2,64,0.1175
device,host,1,fp64,8,isub,131072,14.0176,71338707,1712.1,64,0.1176
device,host,1,fp64,8,ishl,131072,14.0050,71402829,1713.7,64,0.1175
device,host,1,fp64,8,ishr,131072,13.9324,71775259,1722.6,64,0.1169
device,host,1,fp64,8,icmplt,131072,14.0696,71075113,1705.8,64,0.1180
device,host,1,fp64,8,add,131072,13.6434,73295738,1759.1,64,0.1144
device,host,1,fp64,8,sub,131072,13.6373,73328315,1759.9,64,0.1144
device,host,1,fp64,8,mul,131072,13.7011,72986660,1751.7,64,0.1149
device,host,1,fp64,8,fma,131072,13.7084,72948168,2334.3,64,0.1150
device,resident,1,fp64,8,abs,131072,2.9701,336693151,5387.1,344,0.1339
device,resident,1,fp64,8,neg,131072,3.0506,327808082,5244.9,311,0.1244
device,resident,1,fp64,8,copysign,131072,2.9657,337184465,8092.4,315,0.1224
device,resident,1,fp64,8,min,131072,2.9881,334666415,8032.0,324,0.1269
device,resident,1,fp64,8,max,131072,2.9956,333820272,8011.7,318,0.1249
device,resident,1,fp64,8,minnum,131072,2.9898,334468201,8027.2,317,0.1242
device,resident,1,fp64,8,maxnum,131072,3.1024,322334771,7736.0,314,0.1277
device,resident,1,fp64,8,cmplt,131072,3.0999,322593292,7742.2,307,0.1247
device,resident,1,fp64,8,cmple,131072,3.1010,322476449,7739.4,309,0.1256
device,resident,1,fp64,8,cmpeq,131072,3.0937,323239911,7757.8,310,0.1257
device,resident,1,fp64,8,select,131072,3.0920,323413462,10349.2,308,0.1248
device,resident,1,fp64,8,iand,131072,3.0911,323508802,7764.2,309,0.1252
device,resident,1,fp64,8,ior,131072,3.0991,322677736,7744.3,307,0.1247
device,resident,1,fp64,8,ixor,131072,3.0984,322745915,7745.9,309,0.1255
device,resident,1,fp64,8,iadd,131072,3.1023,322340819,7736.2,308,0.1252
device,resident,1,fp64,8,isub,131072,3.0942,323182892,7756.4,308,0.1249
device,resident,1,fp64,8,ishl,131072,3.0929,323318979,7759.7,309,0.1253
device,resident,1,fp64,8,ishr,131072,3.0954,323057847,7753.4,310,0.1258
device,resident,1,fp64,8,icmplt,131072,3.1067,321882104,7725.2,306,0.1246
device,resident,1,fp64,8,add,131072,3.1026,322308326,7735.4,312,0.1269
device,resident,1,fp64,8,sub,131072,3.1068,321871658,7724.9,307,0.1250
device,resident,1,fp64,8,mul,131072,3.1055,322011058,7728.3,306,0.1246
device,resident,1,fp64,8,fma,131072,3.0926,323354537,10347.3,308,0.1248
device,host,4,fp64,8,abs,131072,10.8072,92531214,1480.5,99,0.1402
device,host,4,fp64,8,neg,131072,12.3222,81154491,1298.5,64,0.1034
device,host,4,fp64,8,copysign,131072,12.8397,77883472,1869.2,64,0.1077
device,host,4,fp64,8,min,131072,13.2804,75298901,1807.2,64,0.1114
device,host,4,fp64,8,max,131072,13.2576,75428688,1810.3,64,0.1112
device,host,4,fp64,8,minnum,131072,13.1888,75821866,1819.7,64,0.1106
device,host,4,fp64,8,maxnum,131072,13.1872,75831160,1819.9,64,0.1106
device,host,4,fp64,8,cmplt,131072,13.1776,75886324,1821.3,64,0.1105
device,host,4,fp64,8,cmple,131072,13.2257,75610429,1814.7,64,0.1109
device,host,4,fp64,8,cmpeq,131072,13.1905,75812366,1819.5,64,0.1106
device,host,4,fp64,8,select,131072,13.1957,75782042,2425.0,64,0.1107
device,host,4,fp64,8,iand,131072,13.2135,75680434,1816.3,64,0.1108
device,host,4,fp64,8,ior,131072,13.1861,75837713,1820.1,64,0.1106
device,host,4,fp64,8,ixor,131072,13.1840,75849446,1820.4,64,0.1106
device,host,4,fp64,8,iadd,131072,13.1875,75829117,1819.9,64,0.1106
device,host,4,fp64,8,isub,131072,13.1887,75822607,1819.7,64,0.1106
device,host,4,fp64,8,ishl,131072,13.2963,75208634,1805.0,64,0.1115
device,host,4,fp64,8,ishr,131072,13.1762,75894650,1821.5,64,0.1105
device,host,4,fp64,8,icmplt,131072,13.1754,75899125,1821.6,64,0.1105
device,host,4,fp64,8,add,131072,13.1581,75998939,1824.0,64,0.1104
device,host,4,fp64,8,sub,131072,13.1715,75921624,1822.1,64,0.1105
device,host,4,fp64,8,mul,131072,13.1661,75952442,1822.9,64,0.1104
device,host,4,fp64,8,fma,131072,13.1765,75892942,2428.6,64,0.1105
device,resident,4,fp64,8,abs,131072,1.1304,884612932,14153.8,874,0.1295
device,resident,4,fp64,8,neg,131072,1.1924,838634134,13418.1,817,0.1277
device,resident,4,fp64,8,copysign,131072,1.1958,836254992,20070.1,797,0.1249
device,resident,4,fp64,8,min,131072,1.1967,835622535,20054.9,794,0.1245
device,resident,4,fp64,8,max,131072,1.1963,835941798,20062.6,800,0.1254
device,resident,4,fp64,8,minnum,131072,1.1981,834635315,20031.2,799,0.1255
device,resident,4,fp64,8,maxnum,131072,1.2124,824806422,19795.4,793,0.1260
device,resident,4,fp64,8,cmplt,131072,1.2143,823531895,19764.8,782,0.1245
device,resident,4,fp64,8,cmple,131072,1.2050,829863007,19916.7,793,0.1252
device,resident,4,fp64,8,cmpeq,131072,1.2087,827322550,19855.7,808,0.1280
device,resident,4,fp64,8,select,131072,1.2117,825278883,26408.9,796,0.1264
device,resident,4,fp64,8,iand,131072,1.2135,824094367,19778.3,788,0.1253
device,resident,4,fp64,8,ior,131072,1.2134,824147070,19779.5,784,0.1247
device,resident,4,fp64,8,ixor,131072,1.2143,823518521,19764.4,788,0.1254
device,resident,4,fp64,8,iadd,131072,1.2176,821254592,19710.1,790,0.1261
device,resident,4,fp64,8,isub,131072,1.2110,825737952,19817.7,786,0.1248
device,resident,4,fp64,8,ishl,131072,1.2091,827079889,19849.9,786,0.1246
device,resident,4,fp64,8,ishr,131072,1.2094,826829227,19843.9,793,0.1257
device,resident,4,fp64,8,icmplt,131072,1.2089,827225256,19853.4,786,0.1245
device,resident,4,fp64,8,add,131072,1.2078,827943265,19870.6,793,0.1255
device,resident,4,fp64,8,sub,131072,1.2141,823633202,19767.2,788,0.1254
device,resident,4,fp64,8,mul,131072,1.2167,821870352,19724.9,784,0.1250
device,resident,4,fp64,8,fma,131072,1.2127,824576464,26386.4,788,0.1253
software,host,0,fp64,8,abs,262144,51.0155,19601899,313.6,10,0.1337
software,host,0,fp64,8,neg,262144,56.9218,17567950,281.1,9,0.1343
software,host,0,fp64,8,copysign,262144,57.4102,17418511,418.0,9,0.1354
software,host,0,fp64,8,min,262144,100.7896,9921657,238.1,5,0.1321
software,host,0,fp64,8,max,262144,101.5108,9851169,236.4,5,0.1331
software,host,0,fp64,8,minnum,262144,117.9079,8481194,203.5,5,0.1545
software,host,0,fp64,8,maxnum,262144,96.9436,10315279,247.6,5,0.1271
software,host,0,fp64,8,cmplt,262144,122.5687,8158691,195.8,4,0.1285
software,host,0,fp64,8,cmple,262144,121.7299,8214912,197.2,4,0.1276
software,host,0,fp64,8,cmpeq,262144,103.2725,9683125,232.4,5,0.1354
software,host,0,fp64,8,select,262144,54.5018,18348027,587.1,9,0.1286
software,host,0,fp64,8,iand,262144,49.5299,20189813,484.6,10,0.1298
software,host,0,fp64,8,ior,262144,49.4860,20207732,485.0,10,0.1297
software,host,0,fp64,8,ixor,262144,48.9557,20426623,490.2,10,0.1283
software,host,0,fp64,8,iadd,262144,55.0301,18171866,436.1,9,0.1298
software,host,0,fp64,8,isub,262144,64.3812,15532489,372.8,8,0.1350
software,host,0,fp64,8,ishl,262144,69.6949,14348248,344.4,7,0.1279
software,host,0,fp64,8,ishr,262144,54.9310,18204653,436.9,9,0.1296
software,host,0,fp64,8,icmplt,262144,64.3847,15531647,372.8,8,0.1350
software,host,0,fp64,8,add,262144,348.9461,2865772,68.8,2,0.1829
software,host,0,fp64,8,sub,262144,361.1177,2769180,66.5,2,0.1893
software,host,0,fp64,8,mul,262144,257.3394,3885918,93.3,2,0.1349
software,host,0,fp64,8,fma,262144,308.4040,3242500,103.8,2,0.1617
device,host,1,fp64,8,abs,262144,12.5126,79919746,1278.7,46,0.1509
device,host,1,fp64,8,neg,262144,12.8939,77556198,1240.9,38,0.1284
device,host,1,fp64,8,copysign,262144,12.9026,77503706,1860.1,37,0.1251
device,host,1,fp64,8,min,262144,12.9089,77465908,1859.2,37,0.1252
device,host,1,fp64,8,max,262144,12.6470,79069892,1897.7,37,0.1227
device,host,1,fp64,8,minnum,262144,12.6104,79299356,1903.2,38,0.1256
device,host,1,fp64,8,maxnum,262144,12.7922,78172934,1876.2,39,0.1308
device,host,1,fp64,8,cmplt,262144,12.9481,77231638,1853.6,37,0.1256
device,host,1,fp64,8,cmple,262144,12.9287,77347575,1856.3,37,0.1254
device,host,1,fp64,8,cmpeq,262144,12.9191,77405038,1857.7,37,0.1253
device,host,1,fp64,8,select,262144,12.9266,77359898,2475.5,38,0.1288
device,host,1,fp64,8,iand,262144,12.9368,77298967,1855.2,37,0.1255
device,host,1,fp64,8,ior,262144,12.9314,77331056,1855.9,37,0.1254
device,host,1,fp64,8,ixor,262144,12.9250,77369308,1856.9,38,0.1288
device,host,1,fp64,8,iadd,262144,12.9265,77360536,1856.7,37,0.1254
device,host,1,fp64,8,isub,262144,12.9410,77273938,1854.6,37,0.1255
device,host,1,fp64,8,ishl,262144,12.9260,77363180,1856.7,38,0.1288
device,host,1,fp64,8,ishr,262144,12.8785,77648668,1863.6,38,0.1283
device,host,1,fp64,8,icmplt,262144,12.9271,77356988,1856.6,37,0.1254
device,host,1,fp64,8,add,262144,12.9417,77269369,1854.5,37,0.1255
device,host,1,fp64,8,sub,262144,12.9288,77346710,1856.3,37,0.1254
device,host,1,fp64,8,mul,262144,12.9101,77458628,1859.0,37,0.1252
device,host,1,fp64,8,fma,262144,12.9326,77324137,2474.4,37,0.1254
device,resident,1,fp64,8,abs,262144,2.4768,403748316,6460.0,194,0.1260
device,resident,1,fp64,8,neg,262144,2.5271,395705036,6331.3,194,0.1285
device,resident,1,fp64,8,copysign,262144,2.5433,393183488,9436.4,189,0.1260
device,resident,1,fp64,8,min,262144,2.5431,393221546,9437.3,189,0.1260
device,resident,1,fp64,8,max,262144,2.5324,394881623,9477.2,189,0.1255
device,resident,1,fp64,8,minnum,262144,2.7365,365429315,8770.3,188,0.1349
device,resident,1,fp64,8,maxnum,262144,2.7543,363073573,8713.8,174,0.1256
device,resident,1,fp64,8,cmplt,262144,2.7586,362507410,8700.2,173,0.1251
device,resident,1,fp64,8,cmple,262144,2.7554,362919427,8710.1,174,0.1257
device,resident,1,fp64,8,cmpeq,262144,2.7521,363360052,8720.6,174,0.1255
device,resident,1,fp64,8,select,262144,2.7490,363765948,11640.5,174,0.1254
device,resident,1,fp64,8,iand,262144,2.7504,363585992,8726.1,174,0.1255
device,resident,1,fp64,8,ior,262144,2.7567,362748846,8706.0,174,0.1257
device,resident,1,fp64,8,ixor,262144,2.7480,363899667,8733.6,173,0.1246
device,resident,1,fp64,8,iadd,262144,2.7518,363400606,8721.6,174,0.1255
device,resident,1,fp64,8,isub,262144,2.7545,363041537,8713.0,174,0.1256
device,resident,1,fp64,8,ishl,262144,2.7533,363197498,8716.7,173,0.1249
device,resident,1,fp64,8,ishr,262144,2.7522,363348442,8720.4,174,0.1255
device,resident,1,fp64,8,icmplt,262144,2.7492,363739707,8729.8,174,0.1254
device,resident,1,fp64,8,add,262144,2.7501,363628154,8727.1,174,0.1254
device,resident,1,fp64,8,sub,262144,2.7502,363607747,8726.6,174,0.1254
device,resident,1,fp64,8,mul,262144,2.7535,363167986,8716.0,173,0.1249
device,resident,1,fp64,8,fma,262144,2.7479,363919475,11645.4,174,0.1253
device,host,4,fp64,8,abs,262144,9.0701,110252729,1764.0,58,0.1379
device,host,4,fp64,8,neg,262144,11.5652,86466537,1383.5,46,0.1395
device,host,4,fp64,8,copysign,262144,11.8065,84698966,2032.8,41,0.1269
device,host,4,fp64,8,min,262144,11.9275,83840170,2012.2,41,0.1282
device,host,4,fp64,8,max,262144,11.9735,83517550,2004.4,40,0.1256
device,host,4,fp64,8,minnum,262144,11.4365,87439053,2098.5,42,0.1259
device,host,4,fp64,8,maxnum,262144,11.3093,88422951,2122.2,42,0.1245
device,host,4,fp64,8,cmplt,262144,11.3178,88356301,2120.6,43,0.1276
device,host,4,fp64,8,cmple,262144,11.3016,88482813,2123.6,43,0.1274
device,host,4,fp64,8,cmpeq,262144,11.3153,88375822,2121.0,43,0.1275
device,host,4,fp64,8,select,262144,11.3189,88347808,2827.1,43,0.1276
device,host,4,fp64,8,iand,262144,11.3102,88415576,2122.0,43,0.1275
device,host,4,fp64,8,ior,262144,11.3098,88418870,2122.1,43,0.1275
device,host,4,fp64,8,ixor,262144,11.3099,88418053,2122.0,43,0.1275
device,host,4,fp64,8,iadd,262144,11.3122,88400044,2121.6,43,0.1275
device,host,4,fp64,8,isub,262144,11.3110,88409775,2121.8,43,0.1275
device,host,4,fp64,8,ishl,262144,11.3050,88456297,2123.0,43,0.1274
device,host,4,fp64,8,ishr,262144,11.3193,88344529,2120.3,43,0.1276
device,host,4,fp64,8,icmplt,262144,11.2600,88810203,2131.4,43,0.1269
device,host,4,fp64,8,add,262144,11.3185,88350627,2120.4,42,0.1246
device,host,4,fp64,8,sub,262144,11.1753,89483241,2147.6,43,0.1260
device,host,4,fp64,8,mul,262144,10.4270,95905193,2301.7,45,0.1230
device,host,4,fp64,8,fma,262144,10.4965,95269709,3048.6,47,0.1293
device,resident,4,fp64,8,abs,262144,0.8490,1177869736,18845.9,570,0.1269
device,resident,4,fp64,8,neg,262144,0.8667,1153866235,18461.9,552,0.1254
device,resident,4,fp64,8,copysign,262144,0.8644,1156936791,27766.5,551,0.1248
device,resident,4,fp64,8,min,262144,0.8562,1167984117,28031.6,556,0.1248
device,resident,4,fp64,8,max,262144,0.8536,1171458127,28115.0,559,0.1251
device,resident,4,fp64,8,minnum,262144,0.8554,1169090949,28058.2,557,0.1249
device,resident,4,fp64,8,maxnum,262144,0.8624,1159603214,27830.5,553,0.1250
device,resident,4,fp64,8,cmplt,262144,0.8553,1169123456,28059.0,555,0.1244
device,resident,4,fp64,8,cmple,262144,0.8581,1165318011,27967.6,556,0.1251
device,resident,4,fp64,8,cmpeq,262144,0.8639,1157597494,27782.3,553,0.1252
device,resident,4,fp64,8,select,262144,0.8635,1158056828,37057.8,554,0.1254
device,resident,4,fp64,8,iand,262144,0.8625,1159478954,27827.5,555,0.1255
device,resident,4,fp64,8,ior,262144,0.8623,1159694465,27832.7,554,0.1252
device,resident,4,fp64,8,ixor,262144,0.8493,1177406251,28257.8,550,0.1225
device,resident,4,fp64,8,iadd,262144,0.8513,1174702981,28192.9,562,0.1254
device,resident,4,fp64,8,isub,262144,0.8508,1175340199,28208.2,561,0.1251
device,resident,4,fp64,8,ishl,262144,0.8522,1173496578,28163.9,558,0.1247
device,resident,4,fp64,8,ishr,262144,0.8520,1173645520,28167.5,563,0.1258
device,resident,4,fp64,8,icmplt,262144,0.8515,1174459569,28187.0,559,0.1248
device,resident,4,fp64,8,add,262144,0.8523,1173282232,28158.8,561,0.1253
device,resident,4,fp64,8,sub,262144,0.8529,1172426458,28138.2,557,0.1245
device,resident,4,fp64,8,mul,262144,0.8512,1174780906,28194.7,562,0.1254
device,resident,4,fp64,8,fma,262144,0.8502,1176253089,37640.1,560,0.1248
software,host,0,fp64,8,abs,524288,51.9773,19239157,307.8,5,0.1363
software,host,0,fp64,8,neg,524288,57.1313,17503528,280.1,5,0.1498
software,host,0,fp64,8,copysign,524288,57.4823,17396651,417.5,5,0.1507
software,host,0,fp64,8,min,524288,96.3059,10383578,249.2,3,0.1515
software,host,0,fp64,8,max,524288,96.4833,10364486,248.7,3,0.1518
software,host,0,fp64,8,minnum,524288,96.9095,10318908,247.7,3,0.1524
software,host,0,fp64,8,maxnum,524288,96.5120,10361402,248.7,3,0.1518
software,host,0,fp64,8,cmplt,524288,121.0750,8259345,198.2,2,0.1270
software,host,0,fp64,8,cmple,524288,122.8752,8138336,195.3,2,0.1288
software,host,0,fp64,8,cmpeq,524288,103.6235,9650323,231.6,3,0.1630
software,host,0,fp64,8,select,524288,54.8282,18238779,583.6,5,0.1437
software,host,0,fp64,8,iand,524288,48.8099,20487662,491.7,5,0.1280
software,host,0,fp64,8,ior,524288,49.5366,20187090,484.5,5,0.1299
software,host,0,fp64,8,ixor,524288,49.0407,20391215,489.4,5,0.1286
software,host,0,fp64,8,iadd,524288,55.0682,18159302,435.8,5,0.1444
software,host,0,fp64,8,isub,524288,64.0989,15600891,374.4,4,0.1344
software,host,0,fp64,8,ishl,524288,69.9068,14304762,343.3,4,0.1466
software,host,0,fp64,8,ishr,524288,54.8776,18222388,437.3,5,0.1439
software,host,0,fp64,8,icmplt,524288,64.4520,15515432,372.4,4,0.1352
software,host,0,fp64,8,add,524288,348.5911,2868690,68.8,1,0.1828
software,host,0,fp64,8,sub,524288,360.4792,2774085,66.6,1,0.1890
software,host,0,fp64,8,mul,524288,257.8168,3878723,93.1,1,0.1352
software,host,0,fp64,8,fma,524288,308.2021,3244625,103.8,1,0.1616
device,host,1,fp64,8,abs,524288,11.9286,83831859,1341.3,24,0.1501
device,host,1,fp64,8,neg,524288,12.2361,81725675,1307.6,20,0.1283
device,host,1,fp64,8,copysign,524288,12.2377,81714421,1961.1,20,0.1283
device,host,1,fp64,8,min,524288,12.2292,81771478,1962.5,20,0.1282
device,host,1,fp64,8,max,524288,12.2281,81778587,1962.7,20,0.1282
device,host,1,fp64,8,minnum,524288,12.2596,81568590,1957.6,20,0.1286
device,host,1,fp64,8,maxnum,524288,12.2366,81721942,1961.3,20,0.1283
device,host,1,fp64,8,cmplt,524288,12.2357,81728324,1961.5,20,0.1283
device,host,1,fp64,8,cmple,524288,12.2917,81355604,1952.5,20,0.1289
device,host,1,fp64,8,cmpeq,524288,12.4977,80014724,1920.4,20,0.1310
device,host,1,fp64,8,select,524288,12.5037,79976236,2559.2,20,0.1311
device,host,1,fp64,8,iand,524288,12.5059,79962514,1919.1,20,0.1311
device,host,1,fp64,8,ior,524288,12.5273,79825839,1915.8,20,0.1314
device,host,1,fp64,8,ixor,524288,12.5063,79959610,1919.0,20,0.1311
device,host,1,fp64,8,iadd,524288,12.4917,80053079,1921.3,19,0.1244
device,host,1,fp64,8,isub,524288,12.5076,79951225,1918.8,20,0.1312
device,host,1,fp64,8,ishl,524288,12.4983,80010674,1920.3,19,0.1245
device,host,1,fp64,8,ishr,524288,12.5237,79848626,1916.4,19,0.1248
device,host,1,fp64,8,icmplt,524288,12.5126,79919444,1918.1,19,0.1246
device,host,1,fp64,8,add,524288,12.5080,79948524,1918.8,20,0.1312
device,host,1,fp64,8,sub,524288,12.4998,80001235,1920.0,19,0.1245
device,host,1,fp64,8,mul,524288,12.5037,79976386,1919.4,19,0.1246
device,host,1,fp64,8,fma,524288,12.5018,79988251,2559.6,19,0.1245
device,resident,1,fp64,8,abs,524288,2.5018,399704879,6395.3,95,0.1246
device,resident,1,fp64,8,neg,524288,2.4936,401021664,6416.3,96,0.1255
device,resident,1,fp64,8,copysign,524288,2.4935,401041670,9625.0,96,0.1255
device,resident,1,fp64,8,min,524288,2.4928,401157710,9627.8,96,0.1255
device,resident,1,fp64,8,max,524288,2.5374,394100482,9458.4,95,0.1264
device,resident,1,fp64,8,minnum,524288,2.5326,394858685,9476.6,95,0.1261
device,resident,1,fp64,8,maxnum,524288,2.5366,394224976,9461.4,95,0.1263
device,resident,1,fp64,8,cmplt,524288,2.5392,393824143,9451.8,95,0.1265
device,resident,1,fp64,8,cmple,524288,2.5366,394225283,9461.4,94,0.1250
device,resident,1,fp64,8,cmpeq,524288,2.5365,394238709,9461.7,95,0.1263
device,resident,1,fp64,8,select,524288,2.5348,394507605,12624.2,95,0.1263
device,resident,1,fp64,8,iand,524288,2.5402,393668996,9448.1,94,0.1252
device,resident,1,fp64,8,ior,524288,2.5361,394310094,9463.4,95,0.1263
device,resident,1,fp64,8,ixor,524288,2.5343,394581110,9469.9,95,0.1262
device,resident,1,fp64,8,iadd,524288,2.5401,393679279,9448.3,94,0.1252
device,resident,1,fp64,8,isub,524288,2.5446,392990441,9431.8,94,0.1254
device,resident,1,fp64,8,ishl,524288,2.5330,394791060,9475.0,94,0.1248
device,resident,1,fp64,8,ishr,524288,2.5116,398146911,9555.5,95,0.1251
device,resident,1,fp64,8,icmplt,524288,2.5124,398026327,9552.6,95,0.1251
device,resident,1,fp64,8,add,524288,2.5109,398257664,9558.2,95,0.1251
device,resident,1,fp64,8,sub,524288,2.5128,397963018,9551.1,95,0.1252
device,resident,1,fp64,8,mul,524288,2.5359,394338272,9464.1,95,0.1263
device,resident,1,fp64,8,fma,524288,2.5370,394159421,12613.1,95,0.1264
device,host,4,fp64,8,abs,524288,8.1622,122515326,1960.2,33,0.1412
device,host,4,fp64,8,neg,524288,11.4295,87493237,1399.9,25,0.1498
device,host,4,fp64,8,copysign,524288,11.7874,84836421,2036.1,21,0.1298
device,host,4,fp64,8,min,524288,11.8211,84594621,2030.3,21,0.1302
device,host,4,fp64,8,max,524288,11.7830,84868199,2036.8,21,0.1297
device,host,4,fp64,8,minnum,524288,11.8305,84527386,2028.7,21,0.1303
device,host,4,fp64,8,maxnum,524288,11.8885,84114750,2018.8,21,0.1309
device,host,4,fp64,8,cmplt,524288,11.9176,83909264,2013.8,20,0.1250
device,host,4,fp64,8,cmple,524288,11.8162,84629263,2031.1,21,0.1301
device,host,4,fp64,8,cmpeq,524288,11.8735,84221279,2021.3,21,0.1307
device,host,4,fp64,8,select,524288,11.6530,85814450,2746.1,20,0.1222
device,host,4,fp64,8,iand,524288,11.8588,84325489,2023.8,21,0.1306
device,host,4,fp64,8,ior,524288,11.8399,84459981,2027.0,21,0.1304
device,host,4,fp64,8,ixor,524288,11.7511,85098775,2042.4,21,0.1294
device,host,4,fp64,8,iadd,524288,11.7265,85277192,2046.7,21,0.1291
device,host,4,fp64,8,isub,524288,11.5488,86589398,2078.1,21,0.1272
device,host,4,fp64,8,ishl,524288,11.5496,86582922,2078.0,21,0.1272
device,host,4,fp64,8,ishr,524288,11.5460,86610032,2078.6,21,0.1271
device,host,4,fp64,8,icmplt,524288,11.5329,86708123,2081.0,21,0.1270
device,host,4,fp64,8,add,524288,11.5381,86669305,2080.1,21,0.1270
device,host,4,fp64,8,sub,524288,11.5488,86588839,2078.1,21,0.1272
device,host,4,fp64,8,mul,524288,11.5354,86689437,2080.5,21,0.1270
device,host,4,fp64,8,fma,524288,11.5698,86432199,2765.8,21,0.1274
device,resident,4,fp64,8,abs,524288,0.7965,1255465601,20087.4,319,0.1332
device,resident,4,fp64,8,neg,524288,0.8203,1219097566,19505.6,290,0.1247
device,resident,4,fp64,8,copysign,524288,0.8192,1220670820,29296.1,291,0.1250
device,resident,4,fp64,8,min,524288,0.8124,1230882324,29541.2,294,0.1252
device,resident,4,fp64,8,max,524288,0.8033,1244826262,29875.8,295,0.1242
device,resident,4,fp64,8,minnum,524288,0.7944,1258831577,30212.0,297,0.1237
device,resident,4,fp64,8,maxnum,524288,0.7922,1262274789,30294.6,303,0.1259
device,resident,4,fp64,8,cmplt,524288,0.8057,1241152800,29787.7,302,0.1276
device,resident,4,fp64,8,cmple,524288,0.8111,1232943227,29590.6,301,0.1280
device,resident,4,fp64,8,cmpeq,524288,0.8168,1224311310,29383.5,302,0.1293
device,resident,4,fp64,8,select,524288,0.8151,1226783072,39257.1,299,0.1278
device,resident,4,fp64,8,iand,524288,0.8098,1234879844,29637.1,301,0.1278
device,resident,4,fp64,8,ior,524288,0.8136,1229153582,29499.7,301,0.1284
device,resident,4,fp64,8,ixor,524288,0.8145,1227745436,29465.9,302,0.1290
device,resident,4,fp64,8,iadd,524288,0.8107,1233492159,29603.8,299,0.1271
device,resident,4,fp64,8,isub,524288,0.8152,1226739407,29441.7,301,0.1286
device,resident,4,fp64,8,ishl,524288,0.8162,1225120800,29402.9,302,0.1292
device,resident,4,fp64,8,ishr,524288,0.8145,1227672971,29464.2,301,0.1285
device,resident,4,fp64,8,icmplt,524288,0.8087,1236512495,29676.3,300,0.1272
device,resident,4,fp64,8,add,524288,0.8139,1228622270,29486.9,302,0.1289
device,resident,4,fp64,8,sub,524288,0.8126,1230618402,29534.8,300,0.1278
device,resident,4,fp64,8,mul,524288,0.8083,1237147935,29691.6,303,0.1284
device,resident,4,fp64,8,fma,524288,0.8184,1221830893,39098.6,299,0.1283
software,host,0,fp64,8,abs,1048576,50.6360,19748809,316.0,3,0.1593
software,host,0,fp64,8,neg,1048576,56.9028,17573816,281.2,3,0.1790
software,host,0,fp64,8,copysign,1048576,57.4766,17398394,417.6,3,0.1808
software,host,0,fp64,8,min,1048576,95.9211,10425231,250.2,1,0.1006
software,host,0,fp64,8,max,1048576,96.0185,10414664,250.0,1,0.1007
software,host,0,fp64,8,minnum,1048576,96.4165,10371666,248.9,1,0.1011
software,host,0,fp64,8,maxnum,1048576,96.6860,10342758,248.2,1,0.1014
software,host,0,fp64,8,cmplt,1048576,120.8245,8276464,198.6,1,0.1267
software,host,0,fp64,8,cmple,1048576,121.4905,8231094,197.5,1,0.1274
software,host,0,fp64,8,cmpeq,1048576,103.0181,9707036,233.0,1,0.1080
software,host,0,fp64,8,select,1048576,54.4267,18373339,587.9,3,0.1712
software,host,0,fp64,8,iand,1048576,48.7664,20505919,492.1,3,0.1534
software,host,0,fp64,8,ior,1048576,49.4746,20212381,485.1,3,0.1556
software,host,0,fp64,8,ixor,1048576,49.0280,20396512,489.5,3,0.1542
software,host,0,fp64,8,iadd,1048576,55.1652,18127366,435.1,3,0.1735
software,host,0,fp64,8,isub,1048576,64.0236,15619232,374.9,2,0.1343
software,host,0,fp64,8,ishl,1048576,69.7975,14327153,343.9,2,0.1464
software,host,0,fp64,8,ishr,1048576,55.2765,18090857,434.2,3,0.1739
software,host,0,fp64,8,icmplt,1048576,64.8413,15422268,370.1,2,0.1360
software,host,0,fp64,8,add,1048576,377.7150,2647499,63.5,1,0.3961
software,host,0,fp64,8,sub,1048576,361.2363,2768271,66.4,1,0.3788
software,host,0,fp64,8,mul,1048576,257.0778,3889874,93.4,1,0.2696
software,host,0,fp64,8,fma,1048576,308.5022,3241467,103.7,1,0.3235
device,host,1,fp64,8,abs,1048576,9.5997,104169433,1666.7,15,0.1510
device,host,1,fp64,8,neg,1048576,10.9536,91294262,1460.7,11,0.1263
device,host,1,fp64,8,copysign,1048576,11.0481,90513344,2172.3,11,0.1274
device,host,1,fp64,8,min,1048576,11.0281,90677589,2176.3,11,0.1272
device,host,1,fp64,8,max,1048576,11.0309,90654751,2175.7,11,0.1272
device,host,1,fp64,8,minnum,1048576,11.0308,90655448,2175.7,11,0.1272
device,host,1,fp64,8,maxnum,1048576,11.0337,90631135,2175.1,11,0.1273
device,host,1,fp64,8,cmplt,1048576,11.0628,90393346,2169.4,11,0.1276
device,host,1,fp64,8,cmple,1048576,11.0155,90781550,2178.8,11,0.1271
device,host,1,fp64,8,cmpeq,1048576,11.1225,89907672,2157.8,11,0.1283
device,host,1,fp64,8,select,1048576,10.0738,99267859,3176.6,15,0.1584
device,host,1,fp64,8,iand,1048576,10.7450,93066146,2233.6,11,0.1239
device,host,1,fp64,8,ior,1048576,11.0602,90413891,2169.9,11,0.1276
device,host,1,fp64,8,ixor,1048576,11.0590,90424341,2170.2,11,0.1276
device,host,1,fp64,8,iadd,1048576,11.0414,90568376,2173.6,11,0.1274
device,host,1,fp64,8,isub,1048576,11.0351,90619550,2174.9,11,0.1273
device,host,1,fp64,8,ishl,1048576,11.0339,90629554,2175.1,11,0.1273
device,host,1,fp64,8,ishr,1048576,11.0379,90596982,2174.3,11,0.1273
device,host,1,fp64,8,icmplt,1048576,11.0695,90338234,2168.1,11,0.1277
device,host,1,fp64,8,add,1048576,11.0414,90568631,2173.6,11,0.1274
device,host,1,fp64,8,sub,1048576,11.0340,90629285,2175.1,11,0.1273
device,host,1,fp64,8,mul,1048576,11.0436,90549985,2173.2,11,0.1274
device,host,1,fp64,8,fma,1048576,11.0236,90714541,2902.9,11,0.1271
device,resident,1,fp64,8,abs,1048576,2.4096,415004335,6640.1,51,0.1289
device,resident,1,fp64,8,neg,1048576,2.4135,414342519,6629.5,50,0.1265
device,resident,1,fp64,8,copysign,1048576,2.4121,414583117,9950.0,50,0.1265
device,resident,1,fp64,8,min,1048576,2.4123,414549983,9949.2,50,0.1265
device,resident,1,fp64,8,max,1048576,2.4122,414565022,9949.6,50,0.1265
device,resident,1,fp64,8,minnum,1048576,2.4150,414076618,9937.8,50,0.1266
device,resident,1,fp64,8,maxnum,1048576,2.4136,414311492,9943.5,50,0.1265
device,resident,1,fp64,8,cmplt,1048576,2.4143,414198981,9940.8,50,0.1266
device,resident,1,fp64,8,cmple,1048576,2.4151,414056863,9937.4,50,0.1266
device,resident,1,fp64,8,cmpeq,1048576,2.4154,414005850,9936.1,50,0.1266
device,resident,1,fp64,8,select,1048576,2.4144,414185797,13253.9,50,0.1266
device,resident,1,fp64,8,iand,1048576,2.4157,413962884,9935.1,50,0.1267
device,resident,1,fp64,8,ior,1048576,2.4133,414369031,9944.9,50,0.1265
device,resident,1,fp64,8,ixor,1048576,2.4130,414419341,9946.1,50,0.1265
device,resident,1,fp64,8,iadd,1048576,2.4156,413982114,9935.6,50,0.1266
device,resident,1,fp64,8,isub,1048576,2.4141,414226548,9941.4,50,0.1266
device,resident,1,fp64,8,ishl,1048576,2.4138,414288889,9942.9,50,0.1266
device,resident,1,fp64,8,ishr,1048576,2.4138,414281995,9942.8,50,0.1266
device,resident,1,fp64,8,icmplt,1048576,2.4143,414201405,9940.8,50,0.1266
device,resident,1,fp64,8,add,1048576,2.4143,414203837,9940.9,50,0.1266
device,resident,1,fp64,8,sub,1048576,2.4140,414251062,9942.0,50,0.1266
device,resident,1,fp64,8,mul,1048576,2.4142,414209616,9941.0,50,0.1266
device,resident,1,fp64,8,fma,1048576,2.4147,414131115,13252.2,50,0.1266
device,host,4,fp64,8,abs,1048576,11.5841,86325240,1381.2,12,0.1458
device,host,4,fp64,8,neg,1048576,12.9835,77020755,1232.3,10,0.1361
device,host,4,fp64,8,copysign,1048576,13.0886,76402482,1833.7,9,0.1235
device,host,4,fp64,8,min,1048576,13.3800,74738592,1793.7,10,0.1403
device,host,4,fp64,8,max,1048576,13.4171,74531945,1788.8,10,0.1407
device,host,4,fp64,8,minnum,1048576,13.3337,74998124,1800.0,9,0.1258
device,host,4,fp64,8,maxnum,1048576,13.6970,73008873,1752.2,9,0.1293
device,host,4,fp64,8,cmplt,1048576,13.6654,73177531,1756.3,10,0.1433
device,host,4,fp64,8,cmple,1048576,13.3119,75120651,1802.9,10,0.1396
device,host,4,fp64,8,cmpeq,1048576,13.4981,74084770,1778.0,10,0.1415
device,host,4,fp64,8,select,1048576,13.0305,76743183,2455.8,10,0.1366
device,host,4,fp64,8,iand,1048576,13.4110,74565620,1789.6,9,0.1266
device,host,4,fp64,8,ior,1048576,13.2165,75662943,1815.9,9,0.1247
device,host,4,fp64,8,ixor,1048576,13.2526,75456881,1811.0,9,0.1251
device,host,4,fp64,8,iadd,1048576,13.3979,74638431,1791.3,10,0.1405
device,host,4,fp64,8,isub,1048576,13.3568,74868079,1796.8,9,0.1261
device,host,4,fp64,8,ishl,1048576,13.1872,75831099,1819.9,9,0.1245
device,host,4,fp64,8,ishr,1048576,13.4919,74118714,1778.8,10,0.1415
device,host,4,fp64,8,icmplt,1048576,13.2494,75475211,1811.4,10,0.1389
device,host,4,fp64,8,add,1048576,13.1678,75942944,1822.6,9,0.1243
device,host,4,fp64,8,sub,1048576,13.3842,74714758,1793.2,9,0.1263
device,host,4,fp64,8,mul,1048576,13.3806,74735232,1793.6,9,0.1263
device,host,4,fp64,8,fma,1048576,13.3194,75078735,2402.5,10,0.1397
device,resident,4,fp64,8,abs,1048576,0.6758,1479751111,23676.0,181,0.1283
device,resident,4,fp64,8,neg,1048576,0.6762,1478870005,23661.9,177,0.1255
device,resident,4,fp64,8,copysign,1048576,0.6866,1456538423,34956.9,177,0.1274
device,resident,4,fp64,8,min,1048576,0.6880,1453511301,34884.3,174,0.1255
device,resident,4,fp64,8,max,1048576,0.6883,1452878157,34869.1,174,0.1256
device,resident,4,fp64,8,minnum,1048576,0.6875,1454491455,34907.8,174,0.1254
device,resident,4,fp64,8,maxnum,1048576,0.6876,1454406896,34905.8,174,0.1254
device,resident,4,fp64,8,cmplt,1048576,0.6885,1452418386,34858.0,174,0.1256
device,resident,4,fp64,8,cmple,1048576,0.7042,1420043221,34081.0,174,0.1285
device,resident,4,fp64,8,cmpeq,1048576,0.7061,1416317048,33991.6,171,0.1266
device,resident,4,fp64,8,select,1048576,0.7055,1417519224,45360.6,171,0.1265
device,resident,4,fp64,8,iand,1048576,0.7059,1416532190,33996.8,171,0.1266
device,resident,4,fp64,8,ior,1048576,0.7051,1418239830,34037.8,171,0.1264
device,resident,4,fp64,8,ixor,1048576,0.7040,1420468692,34091.2,171,0.1262
device,resident,4,fp64,8,iadd,1048576,0.7049,1418658228,34047.8,171,0.1264
device,resident,4,fp64,8,isub,1048576,0.7048,1418755998,34050.1,171,0.1264
device,resident,4,fp64,8,ishl,1048576,0.7057,1416960844,34007.1,171,0.1265
device,resident,4,fp64,8,ishr,1048576,0.7037,1420967960,34103.2,171,0.1262
device,resident,4,fp64,8,icmplt,1048576,0.7046,1419319861,34063.7,171,0.1263
device,resident,4,fp64,8,add,1048576,0.7061,1416185587,33988.5,171,0.1266
device,resident,4,fp64,8,sub,1048576,0.7048,1418823525,34051.8,171,0.1264
device,resident,4,fp64,8,mul,1048576,0.7053,1417827969,34027.9,171,0.1265
device,resident,4,fp64,8,fma,1048576,0.7048,1418822236,45402.3,170,0.1256
software,host,0,fp64,8,abs,2097152,51.7321,19330369,309.3,1,0.1085
software,host,0,fp64,8,neg,2097152,56.8310,17596025,281.5,1,0.1192
software,host,0,fp64,8,copysign,2097152,57.4410,17409182,417.8,1,0.1205
software,host,0,fp64,8,min,2097152,96.6397,10347712,248.3,1,0.2027
software,host,0,fp64,8,max,2097152,95.9763,10419240,250.1,1,0.2013
software,host,0,fp64,8,minnum,2097152,96.4655,10366403,248.8,1,0.2023
software,host,0,fp64,8,maxnum,2097152,96.2360,10391121,249.4,1,0.2018
software,host,0,fp64,8,cmplt,2097152,125.8930,7943255,190.6,1,0.2640
software,host,0,fp64,8,cmple,2097152,122.2079,8182775,196.4,1,0.2563
software,host,0,fp64,8,cmpeq,2097152,103.1413,9695434,232.7,1,0.2163
software,host,0,fp64,8,select,2097152,54.9569,18196067,582.3,1,0.1153
software,host,0,fp64,8,iand,2097152,48.9398,20433284,490.4,1,0.1026
software,host,0,fp64,8,ior,2097152,49.5291,20190147,484.6,1,0.1039
software,host,0,fp64,8,ixor,2097152,49.0812,20374391,489.0,1,0.1029
software,host,0,fp64,8,iadd,2097152,55.1219,18141596,435.4,1,0.1156
software,host,0,fp64,8,isub,2097152,64.0821,15604991,374.5,1,0.1344
software,host,0,fp64,8,ishl,2097152,69.6742,14352509,344.5,1,0.1461
software,host,0,fp64,8,ishr,2097152,54.9185,18208813,437.0,1,0.1152
software,host,0,fp64,8,icmplt,2097152,64.6180,15475557,371.4,1,0.1355
software,host,0,fp64,8,add,2097152,348.8904,2866229,68.8,1,0.7317
software,host,0,fp64,8,sub,2097152,362.3548,2759726,66.2,1,0.7599
software,host,0,fp64,8,mul,2097152,257.2033,3887976,93.3,1,0.5394
software,host,0,fp64,8,fma,2097152,323.7661,3088650,98.8,1,0.6790
device,host,1,fp64,8,abs,2097152,9.3106,107405033,1718.5,7,0.1367
device,host,1,fp64,8,neg,2097152,11.4361,87442343,1399.1,6,0.1439
device,host,1,fp64,8,copysign,2097152,11.4479,87352590,2096.5,6,0.1440
device,host,1,fp64,8,min,2097152,11.4676,87202158,2092.9,6,0.1443
device,host,1,fp64,8,max,2097152,11.4376,87430613,2098.3,6,0.1439
device,host,1,fp64,8,minnum,2097152,11.4589,87268195,2094.4,6,0.1442
device,host,1,fp64,8,maxnum,2097152,11.4925,87012978,2088.3,6,0.1446
device,host,1,fp64,8,cmplt,2097152,11.4702,87182310,2092.4,6,0.1443
device,host,1,fp64,8,cmple,2097152,11.4357,87445352,2098.7,6,0.1439
device,host,1,fp64,8,cmpeq,2097152,11.4660,87214332,2093.1,6,0.1443
device,host,1,fp64,8,select,2097152,11.4622,87243319,2791.8,6,0.1442
device,host,1,fp64,8,iand,2097152,11.4339,87459563,2099.0,6,0.1439
device,host,1,fp64,8,ior,2097152,11.4417,87399651,2097.6,6,0.1440
device,host,1,fp64,8,ixor,2097152,11.3659,87982528,2111.6,6,0.1430
device,host,1,fp64,8,iadd,2097152,11.5187,86815334,2083.6,6,0.1449
device,host,1,fp64,8,isub,2097152,11.4401,87411761,2097.9,6,0.1439
device,host,1,fp64,8,ishl,2097152,11.4723,87166650,2092.0,6,0.1444
device,host,1,fp64,8,ishr,2097152,11.4477,87353531,2096.5,6,0.1440
device,host,1,fp64,8,icmplt,2097152,11.4935,87005651,2088.1,6,0.1446
device,host,1,fp64,8,add,2097152,11.5418,86641442,2079.4,6,0.1452
device,host,1,fp64,8,sub,2097152,11.4499,87336630,2096.1,6,0.1441
device,host,1,fp64,8,mul,2097152,11.4389,87420889,2098.1,6,0.1439
device,host,1,fp64,8,fma,2097152,11.4434,87386278,2796.4,6,0.1440
device,resident,1,fp64,8,abs,2097152,2.3643,422960792,6767.4,26,0.1289
device,resident,1,fp64,8,neg,2097152,2.3710,421769325,6748.3,26,0.1293
device,resident,1,fp64,8,copysign,2097152,2.3724,421505537,10116.1,26,0.1294
device,resident,1,fp64,8,min,2097152,2.3755,420963484,10103.1,26,0.1295
device,resident,1,fp64,8,max,2097152,2.3699,421952468,10126.9,26,0.1292
device,resident,1,fp64,8,minnum,2097152,2.3690,422120052,10130.9,26,0.1292
device,resident,1,fp64,8,maxnum,2097152,2.3704,421871733,10124.9,26,0.1292
device,resident,1,fp64,8,cmplt,2097152,2.3701,421923997,10126.2,26,0.1292
device,resident,1,fp64,8,cmple,2097152,2.3712,421733056,10121.6,26,0.1293
device,resident,1,fp64,8,cmpeq,2097152,2.3699,421964864,10127.2,26,0.1292
device,resident,1,fp64,8,select,2097152,2.3699,421949856,13502.4,26,0.1292
device,resident,1,fp64,8,iand,2097152,2.3698,421982867,10127.6,26,0.1292
device,resident,1,fp64,8,ior,2097152,2.3698,421983870,10127.6,26,0.1292
device,resident,1,fp64,8,ixor,2097152,2.3684,422225160,10133.4,26,0.1291
device,resident,1,fp64,8,iadd,2097152,2.3687,422164369,10131.9,26,0.1292
device,resident,1,fp64,8,isub,2097152,2.3705,421860067,10124.6,26,0.1293
device,resident,1,fp64,8,ishl,2097152,2.3699,421967486,10127.2,26,0.1292
device,resident,1,fp64,8,ishr,2097152,2.3697,421998273,10128.0,26,0.1292
device,resident,1,fp64,8,icmplt,2097152,2.3696,422013110,10128.3,26,0.1292
device,resident,1,fp64,8,add,2097152,2.3725,421490917,10115.8,26,0.1294
device,resident,1,fp64,8,sub,2097152,2.3711,421747888,10121.9,26,0.1293
device,resident,1,fp64,8,mul,2097152,2.3685,422211779,10133.1,26,0.1291
device,resident,1,fp64,8,fma,2097152,2.3694,422045328,13505.5,26,0.1292
device,host,4,fp64,8,abs,2097152,10.4587,95613884,1529.8,6,0.1316
device,host,4,fp64,8,neg,2097152,12.8348,77913335,1246.6,6,0.1615
device,host,4,fp64,8,copysign,2097152,13.4426,74390290,1785.4,5,0.1410
device,host,4,fp64,8,min,2097152,13.4694,74242441,1781.8,5,0.1412
device,host,4,fp64,8,max,2097152,13.4606,74290842,1783.0,5,0.1411
device,host,4,fp64,8,minnum,2097152,13.4578,74306378,1783.4,5,0.1411
device,host,4,fp64,8,maxnum,2097152,13.3783,74748109,1794.0,5,0.1403
device,host,4,fp64,8,cmplt,2097152,13.5163,73984913,1775.6,5,0.1417
device,host,4,fp64,8,cmple,2097152,13.7362,72800579,1747.2,5,0.1440
device,host,4,fp64,8,cmpeq,2097152,13.7078,72951195,1750.8,5,0.1437
device,host,4,fp64,8,select,2097152,13.7410,72774776,2328.8,5,0.1441
device,host,4,fp64,8,iand,2097152,13.6830,73083298,1754.0,5,0.1435
device,host,4,fp64,8,ior,2097152,13.6268,73384564,1761.2,5,0.1429
device,host,4,fp64,8,ixor,2097152,13.6972,73007446,1752.2,5,0.1436
device,host,4,fp64,8,iadd,2097152,13.6691,73157802,1755.8,5,0.1433
device,host,4,fp64,8,isub,2097152,13.6652,73178774,1756.3,5,0.1433
device,host,4,fp64,8,ishl,2097152,13.6977,73005050,1752.1,5,0.1436
device,host,4,fp64,8,ishr,2097152,13.6876,73058969,1753.4,5,0.1435
device,host,4,fp64,8,icmplt,2097152,13.7428,72765402,1746.4,5,0.1441
device,host,4,fp64,8,add,2097152,13.7294,72836608,1748.1,5,0.1440
device,host,4,fp64,8,sub,2097152,13.7247,72861600,1748.7,5,0.1439
device,host,4,fp64,8,mul,2097152,13.6901,73045475,1753.1,5,0.1436
device,host,4,fp64,8,fma,2097152,13.6966,73010926,2336.3,5,0.1436
device,resident,4,fp64,8,abs,2097152,0.6361,1571964063,25151.4,96,0.1281
device,resident,4,fp64,8,neg,2097152,0.6415,1558964612,24943.4,94,0.1265
device,resident,4,fp64,8,copysign,2097152,0.6446,1551391073,37233.4,94,0.1271
device,resident,4,fp64,8,min,2097152,0.6444,1551783423,37242.8,93,0.1257
device,resident,4,fp64,8,max,2097152,0.6446,1551342168,37232.2,93,0.1257
device,resident,4,fp64,8,minnum,2097152,0.6450,1550274882,37206.6,93,0.1258
device,resident,4,fp64,8,maxnum,2097152,0.6445,1551671200,37240.1,94,0.1270
device,resident,4,fp64,8,cmplt,2097152,0.6447,1551011696,37224.3,93,0.1257
device,resident,4,fp64,8,cmple,2097152,0.6445,1551604305,37238.5,93,0.1257
device,resident,4,fp64,8,cmpeq,2097152,0.6441,1552520733,37260.5,93,0.1256
device,resident,4,fp64,8,select,2097152,0.6451,1550201073,49606.4,93,0.1258
device,resident,4,fp64,8,iand,2097152,0.6442,1552378797,37257.1,94,0.1270
device,resident,4,fp64,8,ior,2097152,0.6446,1551337843,37232.1,94,0.1271
device,resident,4,fp64,8,ixor,2097152,0.6438,1553364924,37280.8,93,0.1256
device,resident,4,fp64,8,iadd,2097152,0.6441,1552644362,37263.5,94,0.1270
device,resident,4,fp64,8,isub,2097152,0.6435,1553894143,37293.5,94,0.1269
device,resident,4,fp64,8,ishl,2097152,0.6443,1552043632,37249.0,94,0.1270
device,resident,4,fp64,8,ishr,2097152,0.6443,1552096739,37250.3,94,0.1270
device,resident,4,fp64,8,icmplt,2097152,0.6440,1552751776,37266.0,94,0.1270
device,resident,4,fp64,8,add,2097152,0.6446,1551399851,37233.6,94,0.1271
device,resident,4,fp64,8,sub,2097152,0.6438,1553389078,37281.3,94,0.1269
device,resident,4,fp64,8,mul,2097152,0.6438,1553193694,37276.6,94,0.1269
device,resident,4,fp64,8,fma,2097152,0.6447,1551054613,49633.7,94,0.1271
software,host,0,fp64,8,abs,4194304,50.8298,19673505,314.8,1,0.2132
software,host,0,fp64,8,neg,4194304,56.9660,17554326,280.9,1,0.2389
software,host,0,fp64,8,copysign,4194304,57.5249,17383779,417.2,1,0.2413
software,host,0,fp64,8,min,4194304,96.2452,10390134,249.4,1,0.4037
software,host,0,fp64,8,max,4194304,96.1363,10401902,249.6,1,0.4032
software,host,0,fp64,8,minnum,4194304,96.6374,10347960,248.4,1,0.4053
software,host,0,fp64,8,maxnum,4194304,97.8447,10220275,245.3,1,0.4104
software,host,0,fp64,8,cmplt,4194304,121.2398,8248117,198.0,1,0.5085
software,host,0,fp64,8,cmple,4194304,121.8478,8206959,197.0,1,0.5111
software,host,0,fp64,8,cmpeq,4194304,103.0826,9700955,232.8,1,0.4324
software,host,0,fp64,8,select,4194304,54.5295,18338681,586.8,1,0.2287
software,host,0,fp64,8,iand,4194304,48.8693,20462737,491.1,1,0.2050
software,host,0,fp64,8,ior,4194304,49.7046,20118848,482.9,1,0.2085
software,host,0,fp64,8,ixor,4194304,49.2457,20306349,487.4,1,0.2066
software,host,0,fp64,8,iadd,4194304,55.0786,18155883,435.7,1,0.2310
software,host,0,fp64,8,isub,4194304,73.6074,13585591,326.1,1,0.3087
software,host,0,fp64,8,ishl,4194304,69.7523,14336450,344.1,1,0.2926
software,host,0,fp64,8,ishr,4194304,55.5358,18006391,432.2,1,0.2329
software,host,0,fp64,8,icmplt,4194304,64.5940,15481307,371.6,1,0.2709
software,host,0,fp64,8,add,4194304,348.9055,2866105,68.8,1,1.4634
software,host,0,fp64,8,sub,4194304,361.0737,2769517,66.5,1,1.5145
software,host,0,fp64,8,mul,4194304,257.6136,3881783,93.2,1,1.0805
software,host,0,fp64,8,fma,4194304,308.1717,3244945,103.8,1,1.2926
device,host,1,fp64,8,abs,4194304,10.1522,98500492,1576.0,4,0.1703
device,host,1,fp64,8,neg,4194304,11.7712,84953218,1359.3,3,0.1481
device,host,1,fp64,8,copysign,4194304,11.6911,85535012,2052.8,3,0.1471
device,host,1,fp64,8,min,4194304,11.7196,85327400,2047.9,3,0.1475
device,host,1,fp64,8,max,4194304,11.8931,84082388,2018.0,3,0.1496
device,host,1,fp64,8,minnum,4194304,11.6404,85907793,2061.8,3,0.1465
device,host,1,fp64,8,maxnum,4194304,11.5151,86842169,2084.2,3,0.1449
device,host,1,fp64,8,cmplt,4194304,11.6797,85618409,2054.8,3,0.1470
device,host,1,fp64,8,cmple,4194304,11.7277,85268245,2046.4,3,0.1476
device,host,1,fp64,8,cmpeq,4194304,11.6911,85535306,2052.8,3,0.1471
device,host,1,fp64,8,select,4194304,11.6805,85612590,2739.6,3,0.1470
device,host,1,fp64,8,iand,4194304,11.7569,85056736,2041.4,3,0.1479
device,host,1,fp64,8,ior,4194304,11.6404,85907996,2061.8,3,0.1465
device,host,1,fp64,8,ixor,4194304,11.7245,85291747,2047.0,3,0.1475
device,host,1,fp64,8,iadd,4194304,11.7582,85047389,2041.1,3,0.1480
device,host,1,fp64,8,isub,4194304,11.6450,85873548,2061.0,3,0.1465
device,host,1,fp64,8,ishl,4194304,11.7055,85429918,2050.3,3,0.1473
device,host,1,fp64,8,ishr,4194304,11.7303,85249095,2046.0,3,0.1476
device,host,1,fp64,8,icmplt,4194304,11.7056,85429524,2050.3,3,0.1473
device,host,1,fp64,8,add,4194304,11.7759,84919241,2038.1,3,0.1482
device,host,1,fp64,8,sub,4194304,11.6738,85661628,2055.9,3,0.1469
device,host,1,fp64,8,mul,4194304,11.7698,84963017,2039.1,3,0.1481
device,host,1,fp64,8,fma,4194304,11.7484,85118001,2723.8,3,0.1478
device,resident,1,fp64,8,abs,4194304,2.3386,427606922,6841.7,13,0.1275
device,resident,1,fp64,8,neg,4194304,2.3430,426796310,6828.7,13,0.1278
device,resident,1,fp64,8,copysign,4194304,2.3419,427008805,10248.2,13,0.1277
device,resident,1,fp64,8,min,4194304,2.3424,426909536,10245.8,13,0.1277
device,resident,1,fp64,8,max,4194304,2.3427,426850857,10244.4,13,0.1277
device,resident,1,fp64,8,minnum,4194304,2.3441,426597634,10238.3,13,0.1278
device,resident,1,fp64,8,maxnum,4194304,2.3436,426686813,10240.5,13,0.1278
device,resident,1,fp64,8,cmplt,4194304,2.3430,426808180,10243.4,13,0.1278
device,resident,1,fp64,8,cmple,4194304,2.3420,426978981,10247.5,13,0.1277
device,resident,1,fp64,8,cmpeq,4194304,2.3428,426839383,10244.1,13,0.1277
device,resident,1,fp64,8,select,4194304,2.3453,426381764,13644.2,13,0.1279
device,resident,1,fp64,8,iand,4194304,2.3451,426412751,10233.9,13,0.1279
device,resident,1,fp64,8,ior,4194304,2.3430,426811016,10243.5,13,0.1278
device,resident,1,fp64,8,ixor,4194304,2.3426,426871232,10244.9,13,0.1277
device,resident,1,fp64,8,iadd,4194304,2.3425,426898687,10245.6,13,0.1277
device,resident,1,fp64,8,isub,4194304,2.3420,426986120,10247.7,13,0.1277
device,resident,1,fp64,8,ishl,4194304,2.3419,427005327,10248.1,13,0.1277
device,resident,1,fp64,8,ishr,4194304,2.3435,426720546,10241.3,13,0.1278
device,resident,1,fp64,8,icmplt,4194304,2.3422,426944328,10246.7,13,0.1277
device,resident,1,fp64,8,add,4194304,2.3420,426982886,10247.6,13,0.1277
device,resident,1,fp64,8,sub,4194304,2.3422,426949704,10246.8,13,0.1277
device,resident,1,fp64,8,mul,4194304,2.3422,426951622,10246.8,13,0.1277
device,resident,1,fp64,8,fma,4194304,2.3423,426921928,13661.5,13,0.1277
device,host,4,fp64,8,abs,4194304,8.3460,119818112,1917.1,5,0.1750
device,host,4,fp64,8,neg,4194304,10.1759,98271160,1572.3,4,0.1707
device,host,4,fp64,8,copysign,4194304,10.2339,97714731,2345.2,3,0.1288
device,host,4,fp64,8,min,4194304,10.2057,97984578,2351.6,3,0.1284
device,host,4,fp64,8,max,4194304,10.1852,98181403,2356.4,3,0.1282
device,host,4,fp64,8,minnum,4194304,10.2308,97743939,2345.9,3,0.1287
device,host,4,fp64,8,maxnum,4194304,10.2620,97447083,2338.7,3,0.1291
device,host,4,fp64,8,cmplt,4194304,10.2222,97826030,2347.8,3,0.1286
device,host,4,fp64,8,cmple,4194304,10.2329,97724280,2345.4,3,0.1288
device,host,4,fp64,8,cmpeq,4194304,10.2295,97756572,2346.2,3,0.1287
device,host,4,fp64,8,select,4194304,10.2238,97811444,3130.0,3,0.1286
device,host,4,fp64,8,iand,4194304,10.2373,97682209,2344.4,3,0.1288
device,host,4,fp64,8,ior,4194304,10.2247,97802623,2347.3,3,0.1287
device,host,4,fp64,8,ixor,4194304,10.2149,97895909,2349.5,3,0.1285
device,host,4,fp64,8,iadd,4194304,10.2216,97831898,2348.0,3,0.1286
device,host,4,fp64,8,isub,4194304,10.2315,97737472,2345.7,3,0.1287
device,host,4,fp64,8,ishl,4194304,10.2147,97898212,2349.6,3,0.1285
device,host,4,fp64,8,ishr,4194304,10.2604,97461744,2339.1,3,0.1291
device,host,4,fp64,8,icmplt,4194304,10.2474,97585621,2342.1,3,0.1289
device,host,4,fp64,8,add,4194304,10.2314,97738749,2345.7,3,0.1287
device,host,4,fp64,8,sub,4194304,10.2392,97663598,2343.9,3,0.1288
device,host,4,fp64,8,mul,4194304,10.2786,97289170,2334.9,3,0.1293
device,host,4,fp64,8,fma,4194304,10.2177,97869039,3131.8,3,0.1286
device,resident,4,fp64,8,abs,4194304,0.6075,1646224778,26339.6,49,0.1248
device,resident,4,fp64,8,neg,4194304,0.6118,1634460460,26151.4,49,0.1257
device,resident,4,fp64,8,copysign,4194304,0.6106,1637814857,39307.6,49,0.1255
device,resident,4,fp64,8,min,4194304,0.6100,1639351919,39344.4,49,0.1254
device,resident,4,fp64,8,max,4194304,0.6103,1638429362,39322.3,49,0.1254
device,resident,4,fp64,8,minnum,4194304,0.6101,1639063151,39337.5,49,0.1254
device,resident,4,fp64,8,maxnum,4194304,0.6109,1636799475,39283.2,49,0.1256
device,resident,4,fp64,8,cmplt,4194304,0.6105,1637965751,39311.2,49,0.1255
device,resident,4,fp64,8,cmple,4194304,0.6104,1638290058,39319.0,49,0.1254
device,resident,4,fp64,8,cmpeq,4194304,0.6100,1639279034,39342.7,49,0.1254
device,resident,4,fp64,8,select,4194304,0.6103,1638643433,52436.6,49,0.1254
device,resident,4,fp64,8,iand,4194304,0.6096,1640433934,39370.4,49,0.1253
device,resident,4,fp64,8,ior,4194304,0.6093,1641130682,39387.1,49,0.1252
device,resident,4,fp64,8,ixor,4194304,0.6102,1638733965,39329.6,49,0.1254
device,resident,4,fp64,8,iadd,4194304,0.6100,1639376607,39345.0,49,0.1254
device,resident,4,fp64,8,isub,4194304,0.6113,1635727051,39257.4,49,0.1256
device,resident,4,fp64,8,ishl,4194304,0.6094,1640947917,39382.8,49,0.1252
device,resident,4,fp64,8,ishr,4194304,0.6097,1640133909,39363.2,49,0.1253
device,resident,4,fp64,8,icmplt,4194304,0.6099,1639488213,39347.7,49,0.1254
device,resident,4,fp64,8,add,4194304,0.6100,1639428132,39346.3,49,0.1254
device,resident,4,fp64,8,sub,4194304,0.6099,1639630377,39351.1,49,0.1253
device,resident,4,fp64,8,mul,4194304,0.6094,1640976873,39383.4,49,0.1252
device,resident,4,fp64,8,fma,4194304,0.6095,1640697185,52502.3,49,0.1253
software,host,0,fp64,8,abs,8388608,51.2109,19527096,312.4,1,0.4296
software,host,0,fp64,8,neg,8388608,57.0394,17531752,280.5,1,0.4785
software,host,0,fp64,8,copysign,8388608,57.3215,17445456,418.7,1,0.4808
software,host,0,fp64,8,min,8388608,101.4116,9860801,236.7,1,0.8507
software,host,0,fp64,8,max,8388608,95.9466,10422460,250.1,1,0.8049
software,host,0,fp64,8,minnum,8388608,97.0126,10307941,247.4,1,0.8138
software,host,0,fp64,8,maxnum,8388608,96.2446,10390195,249.4,1,0.8074
software,host,0,fp64,8,cmplt,8388608,121.1654,8253179,198.1,1,1.0164
software,host,0,fp64,8,cmple,8388608,121.8082,8209627,197.0,1,1.0218
software,host,0,fp64,8,cmpeq,8388608,103.0745,9701725,232.8,1,0.8647
software,host,0,fp64,8,select,8388608,54.6384,18302155,585.7,1,0.4583
software,host,0,fp64,8,iand,8388608,48.7860,20497704,491.9,1,0.4092
software,host,0,fp64,8,ior,8388608,49.5471,20182822,484.4,1,0.4156
software,host,0,fp64,8,ixor,8388608,49.0173,20400941,489.6,1,0.4112
software,host,0,fp64,8,iadd,8388608,55.0612,18161605,435.9,1,0.4619
software,host,0,fp64,8,isub,8388608,64.2292,15569235,373.7,1,0.5388
software,host,0,fp64,8,ishl,8388608,69.8017,14326296,343.8,1,0.5855
software,host,0,fp64,8,ishr,8388608,54.9233,18207199,437.0,1,0.4607
software,host,0,fp64,8,icmplt,8388608,64.5376,15494848,371.9,1,0.5414
software,host,0,fp64,8,add,8388608,359.1560,2784305,66.8,1,3.0128
software,host,0,fp64,8,sub,8388608,360.8906,2770923,66.5,1,3.0274
software,host,0,fp64,8,mul,8388608,257.5099,3883346,93.2,1,2.1601
software,host,0,fp64,8,fma,8388608,308.1024,3245675,103.9,1,2.5845
device,host,1,fp64,8,abs,8388608,9.9668,100333523,1605.3,2,0.1672
device,host,1,fp64,8,neg,8388608,11.3803,87871171,1405.9,2,0.1909
device,host,1,fp64,8,copysign,8388608,11.4713,87173908,2092.2,2,0.1925
device,host,1,fp64,8,min,8388608,11.4386,87423468,2098.2,2,0.1919
device,host,1,fp64,8,max,8388608,11.4457,87369202,2096.9,2,0.1920
device,host,1,fp64,8,minnum,8388608,11.3999,87720316,2105.3,2,0.1913
device,host,1,fp64,8,maxnum,8388608,11.4615,87248527,2094.0,2,0.1923
device,host,1,fp64,8,cmplt,8388608,11.3898,87797588,2107.1,2,0.1911
device,host,1,fp64,8,cmple,8388608,11.3711,87942606,2110.6,2,0.1908
device,host,1,fp64,8,cmpeq,8388608,11.4638,87231341,2093.6,2,0.1923
device,host,1,fp64,8,select,8388608,11.3837,87845225,2811.0,2,0.1910
device,host,1,fp64,8,iand,8388608,11.3963,87747629,2105.9,2,0.1912
device,host,1,fp64,8,ior,8388608,9.1476,109318178,2623.6,2,0.1535
device,host,1,fp64,8,ixor,8388608,11.4208,87559761,2101.4,2,0.1916
device,host,1,fp64,8,iadd,8388608,11.3528,88083979,2114.0,2,0.1905
device,host,1,fp64,8,isub,8388608,11.4184,87578111,2101.9,2,0.1916
device,host,1,fp64,8,ishl,8388608,11.4635,87233532,2093.6,2,0.1923
device,host,1,fp64,8,ishr,8388608,11.3767,87899158,2109.6,2,0.1909
device,host,1,fp64,8,icmplt,8388608,11.4376,87431083,2098.3,2,0.1919
device,host,1,fp64,8,add,8388608,11.3807,87868016,2108.8,2,0.1909
device,host,1,fp64,8,sub,8388608,11.3864,87823977,2107.8,2,0.1910
device,host,1,fp64,8,mul,8388608,11.4531,87312627,2095.5,2,0.1922
device,host,1,fp64,8,fma,8388608,11.3761,87903867,2812.9,2,0.1909
device,resident,1,fp64,8,abs,8388608,2.3272,429701786,6875.2,7,0.1367
device,resident,1,fp64,8,neg,8388608,2.3288,429397686,6870.4,7,0.1368
device,resident,1,fp64,8,copysign,8388608,2.3288,429410332,10305.8,7,0.1367
device,resident,1,fp64,8,min,8388608,2.3286,429450433,10306.8,7,0.1367
device,resident,1,fp64,8,max,8388608,2.3284,429480344,10307.5,7,0.1367
device,resident,1,fp64,8,minnum,8388608,2.3289,429393598,10305.4,7,0.1368
device,resident,1,fp64,8,maxnum,8388608,2.3284,429479590,10307.5,7,0.1367
device,resident,1,fp64,8,cmplt,8388608,2.3283,429498919,10308.0,7,0.1367
device,resident,1,fp64,8,cmple,8388608,2.3291,429344090,10304.3,7,0.1368
device,resident,1,fp64,8,cmpeq,8388608,2.3296,429261456,10302.3,7,0.1368
device,resident,1,fp64,8,select,8388608,2.3286,429442452,13742.2,7,0.1367
device,resident,1,fp64,8,iand,8388608,2.3285,429468226,10307.2,7,0.1367
device,resident,1,fp64,8,ior,8388608,2.3296,429264331,10302.3,7,0.1368
device,resident,1,fp64,8,ixor,8388608,2.3287,429426818,10306.2,7,0.1367
device,resident,1,fp64,8,iadd,8388608,2.3286,429443250,10306.6,7,0.1367
device,resident,1,fp64,8,isub,8388608,2.3286,429434286,10306.4,7,0.1367
device,resident,1,fp64,8,ishl,8388608,2.3299,429209227,10301.0,7,0.1368
device,resident,1,fp64,8,ishr,8388608,2.3282,429512302,10308.3,7,0.1367
device,resident,1,fp64,8,icmplt,8388608,2.3287,429429347,10306.3,7,0.1367
device,resident,1,fp64,8,add,8388608,2.3285,429454902,10306.9,7,0.1367
device,resident,1,fp64,8,sub,8388608,2.3288,429398968,10305.6,7,0.1367
device,resident,1,fp64,8,mul,8388608,2.3293,429306084,10303.3,7,0.1368
device,resident,1,fp64,8,fma,8388608,2.3285,429455533,13742.6,7,0.1367
device,host,4,fp64,8,abs,8388608,8.0208,124676262,1994.8,3,0.2018
device,host,4,fp64,8,neg,8388608,9.7612,102446314,1639.1,2,0.1638
device,host,4,fp64,8,copysign,8388608,9.8323,101705696,2440.9,2,0.1650
device,host,4,fp64,8,min,8388608,9.8505,101517514,2436.4,2,0.1653
device,host,4,fp64,8,max,8388608,9.8430,101595238,2438.3,2,0.1651
device,host,4,fp64,8,minnum,8388608,9.9228,100777822,2418.7,2,0.1665
device,host,4,fp64,8,maxnum,8388608,9.8497,101526065,2436.6,2,0.1653
device,host,4,fp64,8,cmplt,8388608,9.8804,101210762,2429.1,2,0.1658
device,host,4,fp64,8,cmple,8388608,9.9124,100883572,2421.2,2,0.1663
device,host,4,fp64,8,cmpeq,8388608,9.8492,101530843,2436.7,2,0.1652
device,host,4,fp64,8,select,8388608,9.8931,101080372,3234.6,2,0.1660
device,host,4,fp64,8,iand,8388608,9.8434,101591270,2438.2,2,0.1651
device,host,4,fp64,8,ior,8388608,9.8531,101490670,2435.8,2,0.1653
device,host,4,fp64,8,ixor,8388608,9.8629,101390173,2433.4,2,0.1655
device,host,4,fp64,8,iadd,8388608,9.8423,101602584,2438.5,2,0.1651
device,host,4,fp64,8,isub,8388608,9.7301,102774233,2466.6,2,0.1632
device,host,4,fp64,8,ishl,8388608,9.7213,102867293,2468.8,2,0.1631
device,host,4,fp64,8,ishr,8388608,9.8690,101327575,2431.9,2,0.1656
device,host,4,fp64,8,icmplt,8388608,9.9580,100421302,2410.1,2,0.1671
device,host,4,fp64,8,add,8388608,9.8407,101618774,2438.9,2,0.1651
device,host,4,fp64,8,sub,8388608,9.8339,101689311,2440.5,2,0.1650
device,host,4,fp64,8,mul,8388608,9.8555,101465715,2435.2,2,0.1653
device,host,4,fp64,8,fma,8388608,9.8652,101366016,3243.7,2,0.1655
device,resident,4,fp64,8,abs,8388608,0.5921,1688959437,27023.4,25,0.1242
device,resident,4,fp64,8,neg,8388608,0.5944,1682324116,26917.2,26,0.1296
device,resident,4,fp64,8,copysign,8388608,0.5942,1683030629,40392.7,26,0.1296
device,resident,4,fp64,8,min,8388608,0.5950,1680697494,40336.7,26,0.1298
device,resident,4,fp64,8,max,8388608,0.5944,1682289935,40375.0,26,0.1296
device,resident,4,fp64,8,minnum,8388608,0.5941,1683344618,40400.3,26,0.1296
device,resident,4,fp64,8,maxnum,8388608,0.5941,1683178816,40396.3,26,0.1296
device,resident,4,fp64,8,cmplt,8388608,0.5942,1683074281,40393.8,26,0.1296
device,resident,4,fp64,8,cmple,8388608,0.5943,1682540072,40381.0,26,0.1296
device,resident,4,fp64,8,cmpeq,8388608,0.5943,1682608608,40382.6,26,0.1296
device,resident,4,fp64,8,select,8388608,0.5944,1682347914,53835.1,26,0.1296
device,resident,4,fp64,8,iand,8388608,0.5942,1682991993,40391.8,26,0.1296
device,resident,4,fp64,8,ior,8388608,0.5943,1682728156,40385.5,26,0.1296
device,resident,4,fp64,8,ixor,8388608,0.5942,1682911569,40389.9,26,0.1296
device,resident,4,fp64,8,iadd,8388608,0.5945,1682017654,40368.4,26,0.1297
device,resident,4,fp64,8,isub,8388608,0.5945,1682017784,40368.4,26,0.1297
device,resident,4,fp64,8,ishl,8388608,0.5943,1682679252,40384.3,26,0.1296
device,resident,4,fp64,8,ishr,8388608,0.5942,1682989564,40391.7,26,0.1296
device,resident,4,fp64,8,icmplt,8388608,0.5943,1682726793,40385.4,26,0.1296
device,resident,4,fp64,8,add,8388608,0.5946,1681757105,40362.2,26,0.1297
device,resident,4,fp64,8,sub,8388608,0.5945,1682151196,40371.6,26,0.1297
device,resident,4,fp64,8,mul,8388608,0.5945,1682193855,40372.7,26,0.1297
device,resident,4,fp64,8,fma,8388608,0.5953,1679932158,53757.8,26,0.1298
software,host,0,fp64,8,abs,16777216,50.9114,19641959,314.3,1,0.8542
software,host,0,fp64,8,neg,16777216,56.9224,17567763,281.1,1,0.9550
software,host,0,fp64,8,copysign,16777216,57.4227,17414707,418.0,1,0.9634
software,host,0,fp64,8,min,16777216,96.9261,10317139,247.6,1,1.6261
software,host,0,fp64,8,max,16777216,96.3768,10375942,249.0,1,1.6169
software,host,0,fp64,8,minnum,16777216,100.3074,9969357,239.3,1,1.6829
software,host,0,fp64,8,maxnum,16777216,96.7465,10336288,248.1,1,1.6231
software,host,0,fp64,8,cmplt,16777216,121.1615,8253448,198.1,1,2.0328
software,host,0,fp64,8,cmple,16777216,123.9689,8066536,193.6,1,2.0799
software,host,0,fp64,8,cmpeq,16777216,103.3725,9673757,232.2,1,1.7343
software,host,0,fp64,8,select,16777216,54.5187,18342320,587.0,1,0.9147
software,host,0,fp64,8,iand,16777216,48.9675,20421712,490.1,1,0.8215
software,host,0,fp64,8,ior,16777216,49.7020,20119913,482.9,1,0.8339
software,host,0,fp64,8,ixor,16777216,49.0861,20372373,488.9,1,0.8235
software,host,0,fp64,8,iadd,16777216,55.1119,18144908,435.5,1,0.9246
software,host,0,fp64,8,isub,16777216,64.3395,15542559,373.0,1,1.0794
software,host,0,fp64,8,ishl,16777216,69.7448,14337986,344.1,1,1.1701
software,host,0,fp64,8,ishr,16777216,55.0239,18173912,436.2,1,0.9231
software,host,0,fp64,8,icmplt,16777216,64.5755,15485744,371.7,1,1.0834
software,host,0,fp64,8,add,16777216,349.0366,2865029,68.8,1,5.8559
software,host,0,fp64,8,sub,16777216,362.9251,2755389,66.1,1,6.0889
software,host,0,fp64,8,mul,16777216,259.7628,3849665,92.4,1,4.3581
software,host,0,fp64,8,fma,16777216,310.8593,3216890,102.9,1,5.2154
device,host,1,fp64,8,abs,16777216,9.0981,109913354,1758.6,1,0.1526
device,host,1,fp64,8,neg,16777216,10.9232,91548659,1464.8,1,0.1833
device,host,1,fp64,8,copysign,16777216,11.0484,90511086,2172.3,1,0.1854
device,host,1,fp64,8,min,16777216,10.9550,91282176,2190.8,1,0.1838
device,host,1,fp64,8,max,16777216,11.0238,90712625,2177.1,1,0.1849
device,host,1,fp64,8,minnum,16777216,11.0124,90806543,2179.4,1,0.1848
device,host,1,fp64,8,maxnum,16777216,11.0211,90735101,2177.6,1,0.1849
device,host,1,fp64,8,cmplt,16777216,11.0458,90532298,2172.8,1,0.1853
device,host,1,fp64,8,cmple,16777216,11.0091,90834132,2180.0,1,0.1847
device,host,1,fp64,8,cmpeq,16777216,11.0222,90726080,2177.4,1,0.1849
device,host,1,fp64,8,select,16777216,10.9992,90915913,2909.3,1,0.1845
device,host,1,fp64,8,iand,16777216,10.9658,91192354,2188.6,1,0.1840
device,host,1,fp64,8,ior,16777216,10.9894,90996508,2183.9,1,0.1844
device,host,1,fp64,8,ixor,16777216,11.0054,90864790,2180.8,1,0.1846
device,host,1,fp64,8,iadd,16777216,10.9452,91363978,2192.7,1,0.1836
device,host,1,fp64,8,isub,16777216,10.9993,90915160,2182.0,1,0.1845
device,host,1,fp64,8,ishl,16777216,11.0586,90427078,2170.2,1,0.1855
device,host,1,fp64,8,ishr,16777216,10.9897,90994021,2183.9,1,0.1844
device,host,1,fp64,8,icmplt,16777216,10.9671,91181912,2188.4,1,0.1840
device,host,1,fp64,8,add,16777216,11.0119,90810983,2179.5,1,0.1847
device,host,1,fp64,8,sub,16777216,10.9586,91252331,2190.1,1,0.1839
device,host,1,fp64,8,mul,16777216,11.0139,90794463,2179.1,1,0.1848
device,host,1,fp64,8,fma,16777216,10.9806,91069311,2914.2,1,0.1842
device,resident,1,fp64,8,abs,16777216,2.3203,430973475,6895.6,4,0.1557
device,resident,1,fp64,8,neg,16777216,2.3209,430858363,6893.7,4,0.1558
device,resident,1,fp64,8,copysign,16777216,2.3213,430801281,10339.2,4,0.1558
device,resident,1,fp64,8,min,16777216,2.3216,430732525,10337.6,4,0.1558
device,resident,1,fp64,8,max,16777216,2.3213,430800637,10339.2,4,0.1558
device,resident,1,fp64,8,minnum,16777216,2.3213,430791835,10339.0,4,0.1558
device,resident,1,fp64,8,maxnum,16777216,2.3217,430716265,10337.2,4,0.1558
device,resident,1,fp64,8,cmplt,16777216,2.3212,430802706,10339.3,4,0.1558
device,resident,1,fp64,8,cmple,16777216,2.3212,430803922,10339.3,4,0.1558
device,resident,1,fp64,8,cmpeq,16777216,2.3219,430679846,10336.3,4,0.1558
device,resident,1,fp64,8,select,16777216,2.3212,430804323,13785.7,4,0.1558
device,resident,1,fp64,8,iand,16777216,2.3213,430799069,10339.2,4,0.1558
device,resident,1,fp64,8,ior,16777216,2.3212,430809102,10339.4,4,0.1558
device,resident,1,fp64,8,ixor,16777216,2.3216,430728768,10337.5,4,0.1558
device,resident,1,fp64,8,iadd,16777216,2.3216,430745904,10337.9,4,0.1558
device,resident,1,fp64,8,isub,16777216,2.3212,430805908,10339.3,4,0.1558
device,resident,1,fp64,8,ishl,16777216,2.3217,430718233,10337.2,4,0.1558
device,resident,1,fp64,8,ishr,16777216,2.3213,430800272,10339.2,4,0.1558
device,resident,1,fp64,8,icmplt,16777216,2.3209,430876104,10341.0,4,0.1557
device,resident,1,fp64,8,add,16777216,2.3212,430802412,10339.3,4,0.1558
device,resident,1,fp64,8,sub,16777216,2.3220,430664040,10335.9,4,0.1558
device,resident,1,fp64,8,mul,16777216,2.3223,430601232,10334.4,4,0.1558
device,resident,1,fp64,8,fma,16777216,2.3214,430771333,13784.7,4,0.1558
device,host,4,fp64,8,abs,16777216,6.7947,147174269,2354.8,1,0.1140
device,host,4,fp64,8,neg,16777216,8.6113,116127090,1858.0,1,0.1445
device,host,4,fp64,8,copysign,16777216,9.2517,108088799,2594.1,1,0.1552
device,host,4,fp64,8,min,16777216,9.3644,106787006,2562.9,1,0.1571
device,host,4,fp64,8,max,16777216,9.2600,107991188,2591.8,1,0.1554
device,host,4,fp64,8,minnum,16777216,9.4329,106011736,2544.3,1,0.1583
device,host,4,fp64,8,maxnum,16777216,9.4240,106112210,2546.7,1,0.1581
device,host,4,fp64,8,cmplt,16777216,9.3098,107413180,2577.9,1,0.1562
device,host,4,fp64,8,cmple,16777216,9.3106,107404133,2577.7,1,0.1562
device,host,4,fp64,8,cmpeq,16777216,9.4327,106013652,2544.3,1,0.1583
device,host,4,fp64,8,select,16777216,9.4281,106066339,3394.1,1,0.1582
device,host,4,fp64,8,iand,16777216,9.3646,106784848,2562.8,1,0.1571
device,host,4,fp64,8,ior,16777216,9.3055,107462787,2579.1,1,0.1561
device,host,4,fp64,8,ixor,16777216,9.3375,107095173,2570.3,1,0.1567
device,host,4,fp64,8,iadd,16777216,9.3915,106479185,2555.5,1,0.1576
device,host,4,fp64,8,isub,16777216,9.3211,107283562,2574.8,1,0.1564
device,host,4,fp64,8,ishl,16777216,9.2740,107828229,2587.9,1,0.1556
device,host,4,fp64,8,ishr,16777216,9.2730,107839717,2588.2,1,0.1556
device,host,4,fp64,8,icmplt,16777216,9.3074,107441334,2578.6,1,0.1562
device,host,4,fp64,8,add,16777216,9.2549,108051347,2593.2,1,0.1553
device,host,4,fp64,8,sub,16777216,9.2396,108229806,2597.5,1,0.1550
device,host,4,fp64,8,mul,16777216,9.4902,105371436,2528.9,1,0.1592
device,host,4,fp64,8,fma,16777216,9.3659,106770703,3416.7,1,0.1571
device,resident,4,fp64,8,abs,16777216,0.5857,1707455012,27319.3,13,0.1277
device,resident,4,fp64,8,neg,16777216,0.5861,1706183564,27298.9,13,0.1278
device,resident,4,fp64,8,copysign,16777216,0.5863,1705498450,40932.0,13,0.1279
device,resident,4,fp64,8,min,16777216,0.5864,1705324320,40927.8,13,0.1279
device,resident,4,fp64,8,max,16777216,0.5865,1704977142,40919.5,13,0.1279
device,resident,4,fp64,8,minnum,16777216,0.5865,1705073777,40921.8,13,0.1279
device,resident,4,fp64,8,maxnum,16777216,0.5865,1704889047,40917.3,13,0.1279
device,resident,4,fp64,8,cmplt,16777216,0.5865,1705085827,40922.1,13,0.1279
device,resident,4,fp64,8,cmple,16777216,0.5865,1704921604,40918.1,13,0.1279
device,resident,4,fp64,8,cmpeq,16777216,0.5863,1705498664,40932.0,13,0.1279
device,resident,4,fp64,8,select,16777216,0.5865,1704989404,54559.7,13,0.1279
device,resident,4,fp64,8,iand,16777216,0.5866,1704833008,40916.0,13,0.1279
device,resident,4,fp64,8,ior,16777216,0.5862,1705775987,40938.6,13,0.1279
device,resident,4,fp64,8,ixor,16777216,0.5864,1705420889,40930.1,13,0.1279
device,resident,4,fp64,8,iadd,16777216,0.5865,1705035282,40920.8,13,0.1279
device,resident,4,fp64,8,isub,16777216,0.5864,1705240242,40925.8,13,0.1279
device,resident,4,fp64,8,ishl,16777216,0.5866,1704674710,40912.2,13,0.1279
device,resident,4,fp64,8,ishr,16777216,0.5865,1705053770,40921.3,13,0.1279
device,resident,4,fp64,8,icmplt,16777216,0.5866,1704696868,40912.7,13,0.1279
device,resident,4,fp64,8,add,16777216,0.5865,1705085507,40922.1,13,0.1279
device,resident,4,fp64,8,sub,16777216,0.5865,1705016487,40920.4,13,0.1279
device,resident,4,fp64,8,mul,16777216,0.5865,1704957669,40919.0,13,0.1279
device,resident,4,fp64,8,fma,16777216,0.5866,1704638604,54548.4,13,0.1279
software,host,0,fp128,16,abs,1,103.2206,9687990,310.0,985380,0.1017
software,host,0,fp128,16,neg,1,103.3313,9677606,309.7,1206943,0.1247
software,host,0,fp128,16,copysign,1,104.2691,9590571,460.3,1200473,0.1252
software,host,0,fp128,16,min,1,155.8887,6414834,307.9,806018,0.1256
software,host,0,fp128,16,max,1,157.1679,6362623,305.4,795148,0.1250
software,host,0,fp128,16,minnum,1,155.9479,6412398,307.8,804896,0.1255
software,host,0,fp128,16,maxnum,1,155.2593,6440838,309.2,803987,0.1248
software,host,0,fp128,16,cmplt,1,156.9783,6370306,305.8,795229,0.1248
software,host,0,fp128,16,cmple,1,156.9649,6370852,305.8,791608,0.1243
software,host,0,fp128,16,cmpeq,1,156.3593,6395525,307.0,799754,0.1250
software,host,0,fp128,16,select,1,116.6466,8572905,548.7,1077097,0.1256
software,host,0,fp128,16,iand,1,102.1988,9784852,469.7,1225552,0.1252
software,host,0,fp128,16,ior,1,103.4912,9662653,463.8,1211965,0.1254
software,host,0,fp128,16,ixor,1,104.5071,9568732,459.3,1194309,0.1248
software,host,0,fp128,16,iadd,1,104.6979,9551291,458.5,1181519,0.1237
software,host,0,fp128,16,isub,1,118.7096,8423921,404.3,1053339,0.1250
software,host,0,fp128,16,ishl,1,136.4217,7330211,351.9,924291,0.1261
software,host,0,fp128,16,ishr,1,103.2584,9684438,464.9,1214793,0.1254
software,host,0,fp128,16,icmplt,1,91.4436,10935700,524.9,1365343,0.1249
software,host,0,fp128,16,add,1,473.1068,2113688,101.5,262144,0.1240
software,host,0,fp128,16,sub,1,485.9289,2057914,98.8,259091,0.1259
software,host,0,fp128,16,mul,1,327.0622,3057523,146.8,381028,0.1246
software,host,0,fp128,16,fma,1,409.3764,2442740,156.3,262144,0.1073
device,host,1,fp128,16,abs,1,98573.7182,10145,0.3,1306,0.1287
device,host,1,fp128,16,neg,1,112899.1541,8857,0.3,1071,0.1209
device,host,1,fp128,16,copysign,1,105708.2272,9460,0.5,1175,0.1242
device,host,1,fp128,16,min,1,105295.5253,9497,0.5,1186,0.1249
device,host,1,fp128,16,max,1,105249.7719,9501,0.5,1188,0.1250
device,host,1,fp128,16,minnum,1,105472.2946,9481,0.5,1188,0.1253
device,host,1,fp128,16,maxnum,1,105393.2858,9488,0.5,1179,0.1243
device,host,1,fp128,16,cmplt,1,105260.6333,9500,0.5,1189,0.1252
device,host,1,fp128,16,cmple,1,105344.6459,9493,0.5,1189,0.1253
device,host,1,fp128,16,cmpeq,1,105312.1538,9496,0.5,1190,0.1253
device,host,1,fp128,16,select,1,105400.7168,9488,0.6,1190,0.1254
device,host,1,fp128,16,iand,1,105466.3879,9482,0.5,1191,0.1256
device,host,1,fp128,16,ior,1,105474.7394,9481,0.5,1182,0.1247
device,host,1,fp128,16,ixor,1,105620.1537,9468,0.5,1184,0.1251
device,host,1,fp128,16,iadd,1,105630.5944,9467,0.5,1181,0.1247
device,host,1,fp128,16,isub,1,105589.9983,9471,0.5,1181,0.1247
device,host,1,fp128,16,ishl,1,105713.5296,9460,0.5,1184,0.1252
device,host,1,fp128,16,ishr,1,105598.3990,9470,0.5,1183,0.1249
device,host,1,fp128,16,icmplt,1,105648.0907,9465,0.5,1180,0.1247
device,host,1,fp128,16,add,1,105714.6489,9459,0.5,1182,0.1250
device,host,1,fp128,16,sub,1,105755.3492,9456,0.5,1180,0.1248
device,host,1,fp128,16,mul,1,105749.5093,9456,0.5,1180,0.1248
device,host,1,fp128,16,fma,1,111759.7401,8948,0.6,1181,0.1320
device,resident,1,fp128,16,abs,1,29431.3295,33977,1.1,3867,0.1138
device,resident,1,fp128,16,neg,1,28943.6575,34550,1.1,4096,0.1186
device,resident,1,fp128,16,copysign,1,28017.0930,35692,1.7,4096,0.1148
device,resident,1,fp128,16,min,1,27129.5364,36860,1.8,4096,0.1111
device,resident,1,fp128,16,max,1,26788.7358,37329,1.8,4096,0.1097
device,resident,1,fp128,16,minnum,1,26417.1216,37854,1.8,4096,0.1082
device,resident,1,fp128,16,maxnum,1,26315.1489,38001,1.8,4096,0.1078
device,resident,1,fp128,16,cmplt,1,26152.1882,38238,1.8,4096,0.1071
device,resident,1,fp128,16,cmple,1,25927.4168,38569,1.9,4096,0.1062
device,resident,1,fp128,16,cmpeq,1,25781.1135,38788,1.9,4096,0.1056
device,resident,1,fp128,16,select,1,25858.1484,38673,2.5,4096,0.1059
device,resident,1,fp128,16,iand,1,25422.6357,39335,1.9,4096,0.1041
device,resident,1,fp128,16,ior,1,25212.8499,39662,1.9,4096,0.1033
device,resident,1,fp128,16,ixor,1,25161.2373,39744,1.9,4096,0.1031
device,resident,1,fp128,16,iadd,1,25262.9121,39584,1.9,4096,0.1035
device,resident,1,fp128,16,isub,1,25397.3269,39374,1.9,4096,0.1040
device,resident,1,fp128,16,ishl,1,26223.2747,38134,1.8,4096,0.1074
device,resident,1,fp128,16,ishr,1,25688.1721,38928,1.9,4096,0.1052
device,resident,1,fp128,16,icmplt,1,25343.9167,39457,1.9,4096,0.1038
device,resident,1,fp128,16,add,1,25571.9414,39105,1.9,4096,0.1047
device,resident,1,fp128,16,sub,1,25329.3000,39480,1.9,4096,0.1037
device,resident,1,fp128,16,mul,1,25499.6133,39216,1.9,4096,0.1044
device,resident,1,fp128,16,fma,1,25464.0925,39271,2.5,4096,0.1043
device,host,4,fp128,16,abs,1,86634.9551,11543,0.4,1738,0.1506
device,host,4,fp128,16,neg,1,95348.2357,10488,0.3,1311,0.1250
device,host,4,fp128,16,copysign,1,95205.0403,10504,0.5,1316,0.1253
device,host,4,fp128,16,min,1,95210.3379,10503,0.5,1317,0.1254
device,host,4,fp128,16,max,1,95234.2012,10500,0.5,1312,0.1249
device,host,4,fp128,16,minnum,1,95257.1387,10498,0.5,1312,0.1250
device,host,4,fp128,16,maxnum,1,95159.3239,10509,0.5,1315,0.1251
device,host,4,fp128,16,cmplt,1,95211.2534,10503,0.5,1314,0.1251
device,host,4,fp128,16,cmple,1,95221.7843,10502,0.5,1312,0.1249
device,host,4,fp128,16,cmpeq,1,95202.3523,10504,0.5,1317,0.1254
device,host,4,fp128,16,select,1,95162.3871,10508,0.7,1315,0.1251
device,host,4,fp128,16,iand,1,99794.9360,10021,0.5,1313,0.1310
device,host,4,fp128,16,ior,1,103550.4129,9657,0.5,1211,0.1254
device,host,4,fp128,16,ixor,1,104822.2961,9540,0.5,1199,0.1257
device,host,4,fp128,16,iadd,1,104811.1285,9541,0.5,1183,0.1240
device,host,4,fp128,16,isub,1,105572.9196,9472,0.5,1194,0.1261
device,host,4,fp128,16,ishl,1,112374.3888,8899,0.4,1111,0.1248
device,host,4,fp128,16,ishr,1,112371.0888,8899,0.4,1115,0.1253
device,host,4,fp128,16,icmplt,1,112630.2774,8879,0.4,1096,0.1234
device,host,4,fp128,16,add,1,113042.7694,8846,0.4,1110,0.1255
device,host,4,fp128,16,sub,1,114445.5853,8738,0.4,1102,0.1261
device,host,4,fp128,16,mul,1,114517.0340,8732,0.4,1091,0.1249
device,host,4,fp128,16,fma,1,109411.1786,9140,0.6,1148,0.1256
device,resident,4,fp128,16,abs,1,28955.4634,34536,1.1,4018,0.1163
device,resident,4,fp128,16,neg,1,28730.6792,34806,1.1,4096,0.1177
device,resident,4,fp128,16,copysign,1,29222.1143,34221,1.6,4096,0.1197
device,resident,4,fp128,16,min,1,36339.4543,27518,1.3,3531,0.1283
device,resident,4,fp128,16,max,1,39778.5631,25139,1.2,3239,0.1288
device,resident,4,fp128,16,minnum,1,40970.5059,24408,1.2,3054,0.1251
device,resident,4,fp128,16,maxnum,1,41303.4775,24211,1.2,3037,0.1254
device,resident,4,fp128,16,cmplt,1,40976.7035,24404,1.2,3052,0.1251
device,resident,4,fp128,16,cmple,1,40903.9716,24448,1.2,3059,0.1251
device,resident,4,fp128,16,cmpeq,1,41412.3082,24147,1.2,3037,0.1258
device,resident,4,fp128,16,select,1,41399.8887,24155,1.5,3019,0.1250
device,resident,4,fp128,16,iand,1,41329.8410,24196,1.2,3026,0.1251
device,resident,4,fp128,16,ior,1,41425.8726,24140,1.2,3014,0.1249
device,resident,4,fp128,16,ixor,1,41442.4327,24130,1.2,3007,0.1246
device,resident,4,fp128,16,iadd,1,41493.2932,24100,1.2,3018,0.1252
device,resident,4,fp128,16,isub,1,41449.8819,24126,1.2,2998,0.1243
device,resident,4,fp128,16,ishl,1,41495.0634,24099,1.2,2998,0.1244
device,resident,4,fp128,16,ishr,1,41503.0641,24095,1.2,3011,0.1250
device,resident,4,fp128,16,icmplt,1,41601.0597,24038,1.2,2982,0.1241
device,resident,4,fp128,16,add,1,41798.3233,23924,1.1,3019,0.1262
device,resident,4,fp128,16,sub,1,41995.6597,23812,1.1,2965,0.1245
device,resident,4,fp128,16,mul,1,41963.3591,23830,1.1,2985,0.1253
device,resident,4,fp128,16,fma,1,41958.3506,23833,1.5,2958,0.1241
software,host,0,fp128,16,abs,2,93.9140,10648040,340.7,586003,0.1101
software,host,0,fp128,16,neg,2,94.4693,10585445,338.7,663452,0.1254
software,host,0,fp128,16,copysign,2,97.0407,10304953,494.6,643284,0.1248
software,host,0,fp128,16,min,2,148.6649,6726539,322.9,420023,0.1249
software,host,0,fp128,16,max,2,145.3255,6881106,330.3,430263,0.1251
software,host,0,fp128,16,minnum,2,147.2930,6789190,325.9,423230,0.1247
software,host,0,fp128,16,maxnum,2,146.3427,6833274,328.0,424108,0.1241
software,host,0,fp128,16,cmplt,2,157.6233,6344242,304.5,399807,0.1260
software,host,0,fp128,16,cmple,2,157.2500,6359302,305.2,398884,0.1254
software,host,0,fp128,16,cmpeq,2,156.4071,6393572,306.9,400226,0.1252
software,host,0,fp128,16,select,2,101.0270,9898345,633.5,618420,0.1250
software,host,0,fp128,16,iand,2,92.1459,10852352,520.9,679197,0.1252
software,host,0,fp128,16,ior,2,93.4855,10696846,513.4,670061,0.1253
software,host,0,fp128,16,ixor,2,94.2518,10609874,509.3,667638,0.1259
software,host,0,fp128,16,iadd,2,94.6967,10560027,506.9,656497,0.1243
software,host,0,fp128,16,isub,2,106.5503,9385238,450.5,587122,0.1251
software,host,0,fp128,16,ishl,2,122.5514,8159840,391.7,509814,0.1250
software,host,0,fp128,16,ishr,2,93.9725,10641407,510.8,664591,0.1249
software,host,0,fp128,16,icmplt,2,104.9524,9528126,457.4,592877,0.1244
software,host,0,fp128,16,add,2,440.2893,2271234,109.0,142307,0.1253
software,host,0,fp128,16,sub,2,467.1744,2140528,102.7,134063,0.1253
software,host,0,fp128,16,mul,2,314.9623,3174983,152.4,199486,0.1257
software,host,0,fp128,16,fma,2,381.8848,2618591,167.6,163738,0.1251
device,host,1,fp128,16,abs,2,50023.4117,19991,0.6,1246,0.1247
device,host,1,fp128,16,neg,2,50158.3460,19937,0.6,1253,0.1257
device,host,1,fp128,16,copysign,2,50243.9037,19903,1.0,1252,0.1258
device,host,1,fp128,16,min,2,50376.5646,19851,1.0,1246,0.1255
device,host,1,fp128,16,max,2,56491.0204,17702,0.8,1253,0.1416
device,host,1,fp128,16,minnum,2,56432.7747,17720,0.9,1103,0.1245
device,host,1,fp128,16,maxnum,2,56455.8356,17713,0.9,1110,0.1253
device,host,1,fp128,16,cmplt,2,56433.5511,17720,0.9,1116,0.1260
device,host,1,fp128,16,cmple,2,56398.5886,17731,0.9,1100,0.1241
device,host,1,fp128,16,cmpeq,2,56084.4620,17830,0.9,1104,0.1238
device,host,1,fp128,16,select,2,55727.3020,17945,1.1,1119,0.1247
device,host,1,fp128,16,iand,2,55765.4884,17932,0.9,1118,0.1247
device,host,1,fp128,16,ior,2,56150.7040,17809,0.9,1125,0.1263
device,host,1,fp128,16,ixor,2,53311.0040,18758,0.9,1138,0.1213
device,host,1,fp128,16,iadd,2,52535.6383,19035,0.9,1178,0.1238
device,host,1,fp128,16,isub,2,53770.3352,18598,0.9,1177,0.1266
device,host,1,fp128,16,ishl,2,54245.7357,18435,0.9,1152,0.1250
device,host,1,fp128,16,ishr,2,54200.4566,18450,0.9,1152,0.1249
device,host,1,fp128,16,icmplt,2,50381.3909,19849,1.0,1155,0.1164
device,host,1,fp128,16,add,2,39101.9481,25574,1.2,1658,0.1297
device,host,1,fp128,16,sub,2,45735.6246,21865,1.0,1441,0.1318
device,host,1,fp128,16,mul,2,49007.7680,20405,1.0,1280,0.1255
device,host,1,fp128,16,fma,2,49135.1764,20352,1.3,1264,0.1242
device,resident,1,fp128,16,abs,2,14478.9095,69066,2.2,4002,0.1159
device,resident,1,fp128,16,neg,2,14219.4265,70326,2.3,4096,0.1165
device,resident,1,fp128,16,copysign,2,13893.4480,71976,3.5,4096,0.1138
device,resident,1,fp128,16,min,2,16812.1805,59481,2.9,4096,0.1377
device,resident,1,fp128,16,max,2,19250.9574,51945,2.5,3471,0.1336
device,resident,1,fp128,16,minnum,2,19642.4914,50910,2.4,3186,0.1252
device,resident,1,fp128,16,maxnum,2,19629.0863,50945,2.4,3187,0.1251
device,resident,1,fp128,16,cmplt,2,19942.0501,50145,2.4,3073,0.1226
device,resident,1,fp128,16,cmple,2,19985.8122,50035,2.4,3152,0.1260
device,resident,1,fp128,16,cmpeq,2,20008.6724,49978,2.4,3101,0.1241
device,resident,1,fp128,16,select,2,19994.7395,50013,3.2,3109,0.1243
device,resident,1,fp128,16,iand,2,20000.1149,50000,2.4,3120,0.1248
device,resident,1,fp128,16,ior,2,20013.1226,49967,2.4,3103,0.1242
device,resident,1,fp128,16,ixor,2,20008.7834,49978,2.4,3123,0.1250
device,resident,1,fp128,16,iadd,2,19998.7422,50003,2.4,3095,0.1238
device,resident,1,fp128,16,isub,2,19999.9215,50000,2.4,3108,0.1243
device,resident,1,fp128,16,ishl,2,20010.8146,49973,2.4,3118,0.1248
device,resident,1,fp128,16,ishr,2,20059.9130,49851,2.4,3114,0.1249
device,resident,1,fp128,16,icmplt,2,20037.4612,49907,2.4,3116,0.1249
device,resident,1,fp128,16,add,2,19994.1546,50015,2.4,3138,0.1255
device,resident,1,fp128,16,sub,2,20342.6973,49158,2.4,3107,0.1264
device,resident,1,fp128,16,mul,2,20658.4231,48406,2.3,3015,0.1246
device,resident,1,fp128,16,fma,2,20624.3414,48486,3.1,3018,0.1245
device,host,4,fp128,16,abs,2,37811.9465,26447,0.8,1598,0.1208
device,host,4,fp128,16,neg,2,36188.2383,27633,0.9,1729,0.1251
device,host,4,fp128,16,copysign,2,37120.4542,26939,1.3,1746,0.1296
device,host,4,fp128,16,min,2,38167.5462,26200,1.3,1657,0.1265
device,host,4,fp128,16,max,2,40303.6936,24812,1.2,1650,0.1330
device,host,4,fp128,16,minnum,2,42506.7894,23526,1.1,1465,0.1245
device,host,4,fp128,16,maxnum,2,45768.8333,21849,1.0,1434,0.1313
device,host,4,fp128,16,cmplt,2,46662.6270,21430,1.0,1350,0.1260
device,host,4,fp128,16,cmple,2,46660.8413,21431,1.0,1355,0.1265
device,host,4,fp128,16,cmpeq,2,46622.0748,21449,1.0,1323,0.1234
device,host,4,fp128,16,select,2,46684.7430,21420,1.4,1358,0.1268
device,host,4,fp128,16,iand,2,46641.6119,21440,1.0,1358,0.1267
device,host,4,fp128,16,ior,2,50427.2217,19831,1.0,1342,0.1353
device,host,4,fp128,16,ixor,2,51334.0428,19480,0.9,1216,0.1248
device,host,4,fp128,16,iadd,2,51291.7139,19496,0.9,1211,0.1242
device,host,4,fp128,16,isub,2,51306.4056,19491,0.9,1218,0.1250
device,host,4,fp128,16,ishl,2,51265.0815,19506,0.9,1221,0.1252
device,host,4,fp128,16,ishr,2,51273.8209,19503,0.9,1220,0.1251
device,host,4,fp128,16,icmplt,2,51266.8903,19506,0.9,1221,0.1252
device,host,4,fp128,16,add,2,51311.1753,19489,0.9,1221,0.1253
device,host,4,fp128,16,sub,2,51512.9482,19413,0.9,1216,0.1253
device,host,4,fp128,16,mul,2,59798.9840,16723,0.8,1216,0.1454
device,host,4,fp128,16,fma,2,52861.4742,18917,1.2,1179,0.1246
device,resident,4,fp128,16,abs,2,14612.3565,68435,2.2,4021,0.1175
device,resident,4,fp128,16,neg,2,14859.7937,67296,2.2,4096,0.1217
device,resident,4,fp128,16,copysign,2,18356.6093,54476,2.6,3464,0.1272
device,resident,4,fp128,16,min,2,19171.0515,52162,2.5,3225,0.1237
device,resident,4,fp128,16,max,2,18092.5665,55271,2.7,3428,0.1240
device,resident,4,fp128,16,minnum,2,18140.6034,55125,2.6,3448,0.1251
device,resident,4,fp128,16,maxnum,2,18130.1156,55157,2.6,3452,0.1252
device,resident,4,fp128,16,cmplt,2,18601.8904,53758,2.6,3436,0.1278
device,resident,4,fp128,16,cmple,2,20553.6403,48653,2.3,3194,0.1313
device,resident,4,fp128,16,cmpeq,2,21283.7908,46984,2.3,3035,0.1292
device,resident,4,fp128,16,select,2,23983.0812,41696,2.7,2606,0.1250
device,resident,4,fp128,16,iand,2,23923.7158,41800,2.0,2644,0.1265
device,resident,4,fp128,16,ior,2,24118.5451,41462,2.0,2607,0.1258
device,resident,4,fp128,16,ixor,2,23657.8491,42269,2.0,2644,0.1251
device,resident,4,fp128,16,iadd,2,23656.9226,42271,2.0,2644,0.1251
device,resident,4,fp128,16,isub,2,24095.6433,41501,2.0,2621,0.1263
device,resident,4,fp128,16,ishl,2,24204.8466,41314,2.0,2595,0.1256
device,resident,4,fp128,16,ishr,2,23238.3283,43032,2.1,2635,0.1225
device,resident,4,fp128,16,icmplt,2,21010.9657,47594,2.3,2956,0.1242
device,resident,4,fp128,16,add,2,21873.2312,45718,2.2,2965,0.1297
device,resident,4,fp128,16,sub,2,23610.5507,42354,2.0,2642,0.1248
device,resident,4,fp128,16,mul,2,22208.7199,45027,2.2,2651,0.1178
device,resident,4,fp128,16,fma,2,21137.4100,47309,3.0,2916,0.1233
software,host,0,fp128,16,abs,4,90.3719,11065389,354.1,322427,0.1166
software,host,0,fp128,16,neg,4,92.0591,10862582,347.6,339592,0.1251
software,host,0,fp128,16,copysign,4,94.5338,10578223,507.8,330275,0.1249
software,host,0,fp128,16,min,4,138.5638,7216891,346.4,225117,0.1248
software,host,0,fp128,16,max,4,139.3022,7178638,344.6,220442,0.1228
software,host,0,fp128,16,minnum,4,138.9411,7197292,345.5,224288,0.1247
software,host,0,fp128,16,maxnum,4,139.6986,7158270,343.6,224058,0.1252
software,host,0,fp128,16,cmplt,4,174.8399,5719520,274.5,181078,0.1266
software,host,0,fp128,16,cmple,4,173.3653,5768166,276.9,180679,0.1253
software,host,0,fp128,16,cmpeq,4,139.3712,7175084,344.4,224508,0.1252
software,host,0,fp128,16,select,4,94.0648,10630970,680.4,329037,0.1238
software,host,0,fp128,16,iand,4,89.4453,11180018,536.6,341000,0.1220
software,host,0,fp128,16,ior,4,101.2333,9878173,474.2,262144,0.1062
software,host,0,fp128,16,ixor,4,103.3042,9680146,464.6,249358,0.1030
software,host,0,fp128,16,iadd,4,102.0739,9796823,470.2,262144,0.1070
software,host,0,fp128,16,isub,4,103.1410,9695462,465.4,262144,0.1082
software,host,0,fp128,16,ishl,4,116.5591,8579336,411.8,262144,0.1222
software,host,0,fp128,16,ishr,4,91.2146,10963153,526.2,341372,0.1246
software,host,0,fp128,16,icmplt,4,114.7175,8717067,418.4,262144,0.1203
software,host,0,fp128,16,add,4,449.4635,2224875,106.8,69518,0.1250
software,host,0,fp128,16,sub,4,462.2126,2163507,103.8,68040,0.1258
software,host,0,fp128,16,mul,4,314.7759,3176863,152.5,100191,0.1262
software,host,0,fp128,16,fma,4,379.3784,2635891,168.7,82677,0.1255
device,host,1,fp128,16,abs,4,26533.6175,37688,1.2,1306,0.1386
device,host,1,fp128,16,neg,4,28843.6956,34670,1.1,1079,0.1245
device,host,1,fp128,16,copysign,4,28841.2255,34673,1.7,1083,0.1249
device,host,1,fp128,16,min,4,28256.2676,35390,1.7,1122,0.1268
device,host,1,fp128,16,max,4,28774.8560,34753,1.7,1087,0.1251
device,host,1,fp128,16,minnum,4,28827.7892,34689,1.7,1085,0.1251
device,host,1,fp128,16,maxnum,4,28844.9818,34668,1.7,1083,0.1250
device,host,1,fp128,16,cmplt,4,28784.3933,34741,1.7,1085,0.1249
device,host,1,fp128,16,cmple,4,28752.7941,34779,1.7,1083,0.1246
device,host,1,fp128,16,cmpeq,4,28974.6004,34513,1.7,1086,0.1259
device,host,1,fp128,16,select,4,27230.6165,36723,2.4,1112,0.1211
device,host,1,fp128,16,iand,4,25986.3921,38482,1.8,1209,0.1257
device,host,1,fp128,16,ior,4,25727.1486,38869,1.9,1216,0.1251
device,host,1,fp128,16,ixor,4,25721.7553,38878,1.9,1217,0.1252
device,host,1,fp128,16,iadd,4,25943.4123,38545,1.9,1215,0.1261
device,host,1,fp128,16,isub,4,25856.4284,38675,1.9,1264,0.1307
device,host,1,fp128,16,ishl,4,26619.1695,37567,1.8,1174,0.1250
device,host,1,fp128,16,ishr,4,26640.0995,37537,1.8,1171,0.1248
device,host,1,fp128,16,icmplt,4,27640.6767,36179,1.7,1174,0.1298
device,host,1,fp128,16,add,4,27184.9254,36785,1.8,1049,0.1141
device,host,1,fp128,16,sub,4,26620.5171,37565,1.8,1169,0.1245
device,host,1,fp128,16,mul,4,26602.7065,37590,1.8,1173,0.1248
device,host,1,fp128,16,fma,4,27601.1149,36230,2.3,1173,0.1295
device,resident,1,fp128,16,abs,4,7393.2997,135258,4.3,3889,0.1150
device,resident,1,fp128,16,neg,4,7298.6252,137012,4.4,4096,0.1196
device,resident,1,fp128,16,copysign,4,7149.6135,139868,6.7,4096,0.1171
device,resident,1,fp128,16,min,4,7015.0417,142551,6.8,4096,0.1149
device,resident,1,fp128,16,max,4,6891.2676,145111,7.0,4096,0.1129
device,resident,1,fp128,16,minnum,4,6872.5999,145505,7.0,4096,0.1126
device,resident,1,fp128,16,maxnum,4,7685.4658,130116,6.2,4096,0.1259
device,resident,1,fp128,16,cmplt,4,9100.0499,109890,5.3,3674,0.1337
device,resident,1,fp128,16,cmple,4,9548.2194,104732,5.0,3322,0.1269
device,resident,1,fp128,16,cmpeq,4,9542.6921,104792,5.0,3332,0.1272
device,resident,1,fp128,16,select,4,9536.4332,104861,6.7,3326,0.1269
device,resident,1,fp128,16,iand,4,9535.2928,104874,5.0,3239,0.1235
device,resident,1,fp128,16,ior,4,9538.2199,104841,5.0,3243,0.1237
device,resident,1,fp128,16,ixor,4,9585.9783,104319,5.0,3272,0.1255
device,resident,1,fp128,16,iadd,4,9598.8649,104179,5.0,3221,0.1237
device,resident,1,fp128,16,isub,4,9549.7940,104714,5.0,3231,0.1234
device,resident,1,fp128,16,ishl,4,9544.4535,104773,5.0,3257,0.1243
device,resident,1,fp128,16,ishr,4,9560.3942,104598,5.0,3242,0.1240
device,resident,1,fp128,16,icmplt,4,9545.8195,104758,5.0,3328,0.1271
device,resident,1,fp128,16,add,4,9556.9169,104636,5.0,3314,0.1267
device,resident,1,fp128,16,sub,4,9545.5970,104760,5.0,3330,0.1271
device,resident,1,fp128,16,mul,4,9548.0257,104734,5.0,3254,0.1243
device,resident,1,fp128,16,fma,4,9544.8858,104768,6.7,3333,0.1273
device,host,4,fp128,16,abs,4,31098.2138,32156,1.0,982,0.1222
device,host,4,fp128,16,neg,4,34139.4292,29292,0.9,999,0.1364
device,host,4,fp128,16,copysign,4,36705.2844,27244,1.3,857,0.1258
device,host,4,fp128,16,min,4,36710.9388,27240,1.3,854,0.1254
device,host,4,fp128,16,max,4,36858.7121,27131,1.3,857,0.1264
device,host,4,fp128,16,minnum,4,36781.3004,27188,1.3,853,0.1255
device,host,4,fp128,16,maxnum,4,36829.1533,27152,1.3,853,0.1257
device,host,4,fp128,16,cmplt,4,36827.2757,27154,1.3,847,0.1248
device,host,4,fp128,16,cmple,4,37284.6701,26821,1.3,845,0.1260
device,host,4,fp128,16,cmpeq,4,40472.0240,24708,1.2,792,0.1282
device,host,4,fp128,16,select,4,40496.9651,24693,1.6,767,0.1242
device,host,4,fp128,16,iand,4,40505.9845,24688,1.2,775,0.1256
device,host,4,fp128,16,ior,4,40482.8149,24702,1.2,770,0.1247
device,host,4,fp128,16,ixor,4,40469.6533,24710,1.2,768,0.1243
device,host,4,fp128,16,iadd,4,40487.7833,24699,1.2,774,0.1254
device,host,4,fp128,16,isub,4,40363.5835,24775,1.2,769,0.1242
device,host,4,fp128,16,ishl,4,40307.8241,24809,1.2,779,0.1256
device,host,4,fp128,16,ishr,4,40271.2829,24832,1.2,775,0.1248
device,host,4,fp128,16,icmplt,4,40320.6422,24801,1.2,777,0.1253
device,host,4,fp128,16,add,4,40314.1076,24805,1.2,771,0.1243
device,host,4,fp128,16,sub,4,40296.2747,24816,1.2,778,0.1254
device,host,4,fp128,16,mul,4,40086.6384,24946,1.2,777,0.1246
device,host,4,fp128,16,fma,4,36977.5363,27043,1.7,772,0.1142
device,resident,4,fp128,16,abs,4,10349.7866,96620,3.1,2768,0.1146
device,resident,4,fp128,16,neg,4,10333.0113,96777,3.1,3025,0.1250
device,resident,4,fp128,16,copysign,4,10346.9958,96646,4.6,3022,0.1251
device,resident,4,fp128,16,min,4,10317.3920,96924,4.7,3024,0.1248
device,resident,4,fp128,16,max,4,10350.5999,96613,4.6,3014,0.1248
device,resident,4,fp128,16,minnum,4,10850.8631,92159,4.4,3003,0.1303
device,resident,4,fp128,16,maxnum,4,11510.3655,86878,4.2,2707,0.1246
device,resident,4,fp128,16,cmplt,4,12166.2342,82195,3.9,2718,0.1323
device,resident,4,fp128,16,cmple,4,12812.4997,78049,3.7,2438,0.1249
device,resident,4,fp128,16,cmpeq,4,12809.4176,78068,3.7,2433,0.1247
device,resident,4,fp128,16,select,4,12807.9345,78077,5.0,2434,0.1247
device,resident,4,fp128,16,iand,4,12812.2039,78051,3.7,2441,0.1251
device,resident,4,fp128,16,ior,4,12793.4809,78165,3.8,2442,0.1250
device,resident,4,fp128,16,ixor,4,12942.2538,77266,3.7,2420,0.1253
device,resident,4,fp128,16,iadd,4,12962.5364,77145,3.7,2411,0.1250
device,resident,4,fp128,16,isub,4,12945.9452,77244,3.7,2417,0.1252
device,resident,4,fp128,16,ishl,4,12933.8052,77317,3.7,2418,0.1251
device,resident,4,fp128,16,ishr,4,12930.5867,77336,3.7,2410,0.1247
device,resident,4,fp128,16,icmplt,4,12929.6425,77342,3.7,2415,0.1249
device,resident,4,fp128,16,add,4,12932.4068,77325,3.7,2413,0.1248
device,resident,4,fp128,16,sub,4,13006.6381,76884,3.7,2423,0.1261
device,resident,4,fp128,16,mul,4,14250.2733,70174,3.4,2176,0.1240
device,resident,4,fp128,16,fma,4,13986.6406,71497,4.6,2202,0.1232
software,host,0,fp128,16,abs,8,86.6746,11537406,369.2,166165,0.1152
software,host,0,fp128,16,neg,8,90.3060,11073466,354.4,173010,0.1250
software,host,0,fp128,16,copysign,8,92.5137,10809206,518.8,168171,0.1245
software,host,0,fp128,16,min,8,134.2281,7450006,357.6,115550,0.1241
software,host,0,fp128,16,max,8,134.0337,7460811,358.1,117045,0.1255
software,host,0,fp128,16,minnum,8,134.5933,7429792,356.6,116838,0.1258
software,host,0,fp128,16,maxnum,8,134.8389,7416260,356.0,113136,0.1220
software,host,0,fp128,16,cmplt,8,144.1612,6936679,333.0,108978,0.1257
software,host,0,fp128,16,cmple,8,142.6299,7011152,336.5,110136,0.1257
software,host,0,fp128,16,cmpeq,8,134.2376,7449480,357.6,116473,0.1251
software,host,0,fp128,16,select,8,90.3660,11066109,708.2,173410,0.1254
software,host,0,fp128,16,iand,8,86.0043,11627321,558.1,182207,0.1254
software,host,0,fp128,16,ior,8,87.1025,11480726,551.1,180162,0.1255
software,host,0,fp128,16,ixor,8,86.5812,11549846,554.4,180562,0.1251
software,host,0,fp128,16,iadd,8,91.5767,10919810,524.2,171192,0.1254
software,host,0,fp128,16,isub,8,102.8969,9718461,466.5,151512,0.1247
software,host,0,fp128,16,ishl,8,114.5835,8727263,418.9,136316,0.1250
software,host,0,fp128,16,ishr,8,91.4483,10935145,524.9,171307,0.1253
software,host,0,fp128,16,icmplt,8,96.2237,10392453,498.8,162335,0.1250
software,host,0,fp128,16,add,8,446.9455,2237409,107.4,35210,0.1259
software,host,0,fp128,16,sub,8,457.4821,2185878,104.9,34068,0.1247
software,host,0,fp128,16,mul,8,309.6634,3229313,155.0,50482,0.1251
software,host,0,fp128,16,fma,8,389.2741,2568884,164.4,39778,0.1239
device,host,1,fp128,16,abs,8,12736.8635,78512,2.5,1285,0.1309
device,host,1,fp128,16,neg,8,13163.4723,75968,2.4,1205,0.1269
device,host,1,fp128,16,copysign,8,14705.6481,68001,3.3,1064,0.1252
device,host,1,fp128,16,min,8,14706.1765,67999,3.3,1064,0.1252
device,host,1,fp128,16,max,8,14702.9978,68013,3.3,1064,0.1252
device,host,1,fp128,16,minnum,8,14721.0778,67930,3.3,1062,0.1251
device,host,1,fp128,16,maxnum,8,14390.1001,69492,3.3,1066,0.1227
device,host,1,fp128,16,cmplt,8,14253.7911,70157,3.4,1098,0.1252
device,host,1,fp128,16,cmple,8,14233.4380,70257,3.4,1096,0.1248
device,host,1,fp128,16,cmpeq,8,14230.0404,70274,3.4,1095,0.1247
device,host,1,fp128,16,select,8,14243.2169,70209,4.5,1098,0.1251
device,host,1,fp128,16,iand,8,14247.2481,70189,3.4,1098,0.1251
device,host,1,fp128,16,ior,8,14235.7795,70246,3.4,1098,0.1250
device,host,1,fp128,16,ixor,8,13939.7576,71737,3.4,1098,0.1224
device,host,1,fp128,16,iadd,8,13888.8731,72000,3.5,1124,0.1249
device,host,1,fp128,16,isub,8,13888.8312,72000,3.5,1125,0.1250
device,host,1,fp128,16,ishl,8,13892.0245,71984,3.5,1131,0.1257
device,host,1,fp128,16,ishr,8,13891.1842,71988,3.5,1131,0.1257
device,host,1,fp128,16,icmplt,8,13888.1244,72004,3.5,1128,0.1253
device,host,1,fp128,16,add,8,13954.2398,71663,3.4,1125,0.1256
device,host,1,fp128,16,sub,8,14279.6737,70030,3.4,1085,0.1239
device,host,1,fp128,16,mul,8,14241.0595,70219,3.4,1097,0.1250
device,host,1,fp128,16,fma,8,14430.6507,69297,4.4,1096,0.1265
device,resident,1,fp128,16,abs,8,3654.9640,273601,8.8,4044,0.1182
device,resident,1,fp128,16,neg,8,3598.1456,277921,8.9,4096,0.1179
device,resident,1,fp128,16,copysign,8,3511.5543,284774,13.7,4096,0.1151
device,resident,1,fp128,16,min,8,3437.2516,290930,14.0,4096,0.1126
device,resident,1,fp128,16,max,8,3393.3608,294693,14.1,4096,0.1112
device,resident,1,fp128,16,minnum,8,4063.2316,246110,11.8,4096,0.1331
device,resident,1,fp128,16,maxnum,8,4767.3890,209758,10.1,3496,0.1333
device,resident,1,fp128,16,cmplt,8,4897.4378,204188,9.8,3187,0.1249
device,resident,1,fp128,16,cmple,8,4952.0169,201938,9.7,3140,0.1244
device,resident,1,fp128,16,cmpeq,8,4951.0182,201979,9.7,3159,0.1251
device,resident,1,fp128,16,select,8,4949.5514,202039,12.9,3154,0.1249
device,resident,1,fp128,16,iand,8,4950.2035,202012,9.7,3166,0.1254
device,resident,1,fp128,16,ior,8,4952.0685,201936,9.7,3137,0.1243
device,resident,1,fp128,16,ixor,8,4950.6702,201993,9.7,3136,0.1242
device,resident,1,fp128,16,iadd,8,4955.5600,201794,9.7,3152,0.1250
device,resident,1,fp128,16,isub,8,4951.2180,201971,9.7,3158,0.1251
device,resident,1,fp128,16,ishl,8,4951.3988,201963,9.7,3151,0.1248
device,resident,1,fp128,16,ishr,8,4957.7084,201706,9.7,3145,0.1247
device,resident,1,fp128,16,icmplt,8,4955.5519,201794,9.7,3149,0.1248
device,resident,1,fp128,16,add,8,4963.4210,201474,9.7,3156,0.1253
device,resident,1,fp128,16,sub,8,4958.2258,201685,9.7,3160,0.1253
device,resident,1,fp128,16,mul,8,4952.0150,201938,9.7,3156,0.1250
device,resident,1,fp128,16,fma,8,4952.0007,201939,12.9,3161,0.1252
device,host,4,fp128,16,abs,8,28908.4841,34592,1.1,527,0.1219
device,host,4,fp128,16,neg,8,28890.9188,34613,1.1,542,0.1253
device,host,4,fp128,16,copysign,8,28883.9669,34621,1.7,536,0.1239
device,host,4,fp128,16,min,8,28868.8354,34639,1.7,543,0.1254
device,host,4,fp128,16,max,8,28843.3060,34670,1.7,540,0.1246
device,host,4,fp128,16,minnum,8,28922.9734,34575,1.7,545,0.1261
device,host,4,fp128,16,maxnum,8,28846.8258,34666,1.7,539,0.1244
device,host,4,fp128,16,cmplt,8,28827.0350,34690,1.7,543,0.1252
device,host,4,fp128,16,cmple,8,28792.5221,34731,1.7,538,0.1239
device,host,4,fp128,16,cmpeq,8,28913.3653,34586,1.7,543,0.1256
device,host,4,fp128,16,select,8,28871.7615,34636,2.2,542,0.1252
device,host,4,fp128,16,iand,8,28845.7646,34667,1.7,541,0.1248
device,host,4,fp128,16,ior,8,28828.4413,34688,1.7,543,0.1252
device,host,4,fp128,16,ixor,8,30961.5249,32298,1.6,542,0.1342
device,host,4,fp128,16,iadd,8,32894.9293,30400,1.5,479,0.1261
device,host,4,fp128,16,isub,8,33009.9108,30294,1.5,475,0.1254
device,host,4,fp128,16,ishl,8,32929.5345,30368,1.5,474,0.1249
device,host,4,fp128,16,ishr,8,32968.6857,30332,1.5,474,0.1250
device,host,4,fp128,16,icmplt,8,32976.4792,30325,1.5,475,0.1253
device,host,4,fp128,16,add,8,32850.8171,30441,1.5,475,0.1248
device,host,4,fp128,16,sub,8,32879.1921,30414,1.5,475,0.1249
device,host,4,fp128,16,mul,8,32863.4777,30429,1.5,477,0.1254
device,host,4,fp128,16,fma,8,32855.6482,30436,1.9,474,0.1246
device,resident,4,fp128,16,abs,8,8200.1409,121949,3.9,1868,0.1225
device,resident,4,fp128,16,neg,8,8185.2224,122171,3.9,1909,0.1250
device,resident,4,fp128,16,copysign,8,8196.4933,122003,5.9,1896,0.1243
device,resident,4,fp128,16,min,8,8196.4986,122003,5.9,1869,0.1226
device,resident,4,fp128,16,max,8,8195.8364,122013,5.9,1897,0.1244
device,resident,4,fp128,16,minnum,8,8217.9876,121684,5.8,1899,0.1248
device,resident,4,fp128,16,maxnum,8,8220.9586,121640,5.8,1898,0.1248
device,resident,4,fp128,16,cmplt,8,8270.2468,120915,5.8,1892,0.1252
device,resident,4,fp128,16,cmple,8,8324.7720,120123,5.8,1901,0.1266
device,resident,4,fp128,16,cmpeq,8,8850.5138,112988,5.4,1828,0.1294
device,resident,4,fp128,16,select,8,9050.0907,110496,7.1,1720,0.1245
device,resident,4,fp128,16,iand,8,8894.8033,112425,5.4,1744,0.1241
device,resident,4,fp128,16,ior,8,9033.3463,110701,5.3,1762,0.1273
device,resident,4,fp128,16,ixor,8,8887.4930,112518,5.4,1759,0.1251
device,resident,4,fp128,16,iadd,8,8886.9583,112524,5.4,1762,0.1253
device,resident,4,fp128,16,isub,8,8886.1781,112534,5.4,1759,0.1250
device,resident,4,fp128,16,ishl,8,8979.5506,111364,5.3,1755,0.1261
device,resident,4,fp128,16,ishr,8,9135.1715,109467,5.3,1707,0.1247
device,resident,4,fp128,16,icmplt,8,9135.4652,109464,5.3,1715,0.1253
device,resident,4,fp128,16,add,8,9131.5610,109510,5.3,1709,0.1248
device,resident,4,fp128,16,sub,8,9127.7717,109556,5.3,1708,0.1247
device,resident,4,fp128,16,mul,8,9138.5059,109427,5.3,1709,0.1249
device,resident,4,fp128,16,fma,8,9124.9116,109590,7.0,1703,0.1243
software,host,0,fp128,16,abs,16,84.7738,11796097,377.5,87572,0.1188
software,host,0,fp128,16,neg,16,90.0953,11099353,355.2,86124,0.1241
software,host,0,fp128,16,copysign,16,91.3190,10950620,525.6,84665,0.1237
software,host,0,fp128,16,min,16,131.7150,7592152,364.4,59709,0.1258
software,host,0,fp128,16,max,16,130.3369,7672427,368.3,60076,0.1253
software,host,0,fp128,16,minnum,16,131.4754,7605984,365.1,59678,0.1255
software,host,0,fp128,16,maxnum,16,130.5856,7657810,367.6,59846,0.1250
software,host,0,fp128,16,cmplt,16,155.8049,6418285,308.1,50306,0.1254
software,host,0,fp128,16,cmple,16,155.3642,6436489,309.0,50244,0.1249
software,host,0,fp128,16,cmpeq,16,133.1351,7511168,360.5,57971,0.1235
software,host,0,fp128,16,select,16,89.3439,11192708,716.3,88094,0.1259
software,host,0,fp128,16,iand,16,84.2003,11876439,570.1,92833,0.1251
software,host,0,fp128,16,ior,16,85.2449,11730906,563.1,91950,0.1254
software,host,0,fp128,16,ixor,16,84.7016,11806146,566.7,92164,0.1249
software,host,0,fp128,16,iadd,16,89.8614,11128253,534.2,87047,0.1252
software,host,0,fp128,16,isub,16,99.2595,10074606,483.6,78825,0.1252
software,host,0,fp128,16,ishl,16,115.1632,8683328,416.8,67893,0.1251
software,host,0,fp128,16,ishr,16,89.5722,11164175,535.9,87064,0.1248
software,host,0,fp128,16,icmplt,16,109.9625,9094011,436.5,71409,0.1256
software,host,0,fp128,16,add,16,434.5575,2301191,110.5,18063,0.1256
software,host,0,fp128,16,sub,16,446.1962,2241166,107.6,17463,0.1247
software,host,0,fp128,16,mul,16,317.4340,3150261,151.2,24547,0.1247
software,host,0,fp128,16,fma,16,374.4446,2670622,170.9,20912,0.1253
device,host,1,fp128,16,abs,16,6216.0126,160875,5.1,1310,0.1303
device,host,1,fp128,16,neg,16,6344.6106,157614,5.0,1235,0.1254
device,host,1,fp128,16,copysign,16,6122.0998,163343,7.8,1232,0.1207
device,host,1,fp128,16,min,16,5584.2296,179076,8.6,1359,0.1214
device,host,1,fp128,16,max,16,6041.4606,165523,7.9,1412,0.1365
device,host,1,fp128,16,minnum,16,6491.5719,154046,7.4,1179,0.1225
device,host,1,fp128,16,maxnum,16,6563.7631,152352,7.3,1190,0.1250
device,host,1,fp128,16,cmplt,16,6518.0264,153421,7.4,1196,0.1247
device,host,1,fp128,16,cmple,16,5152.8049,194069,9.3,1530,0.1261
device,host,1,fp128,16,cmpeq,16,5807.4511,172193,8.3,1418,0.1318
device,host,1,fp128,16,select,16,6348.3205,157522,10.1,1235,0.1254
device,host,1,fp128,16,iand,16,6350.3294,157472,7.6,1232,0.1252
device,host,1,fp128,16,ior,16,6350.9006,157458,7.6,1234,0.1254
device,host,1,fp128,16,ixor,16,6355.4060,157346,7.6,1227,0.1248
device,host,1,fp128,16,iadd,16,7157.5509,139713,6.7,1086,0.1244
device,host,1,fp128,16,isub,16,7138.6625,140082,6.7,1096,0.1252
device,host,1,fp128,16,ishl,16,7163.7685,139591,6.7,1090,0.1249
device,host,1,fp128,16,ishr,16,7212.1994,138654,6.7,1087,0.1254
device,host,1,fp128,16,icmplt,16,7172.6951,139418,6.7,1088,0.1249
device,host,1,fp128,16,add,16,7169.5243,139479,6.7,1091,0.1252
device,host,1,fp128,16,sub,16,7164.5327,139576,6.7,1092,0.1252
device,host,1,fp128,16,mul,16,7169.9864,139470,6.7,1086,0.1246
device,host,1,fp128,16,fma,16,7172.9776,139412,8.9,1090,0.1251
device,resident,1,fp128,16,abs,16,1806.9629,553415,17.7,4096,0.1184
device,resident,1,fp128,16,neg,16,2048.7639,488099,15.6,4096,0.1343
device,resident,1,fp128,16,copysign,16,2327.4900,429647,20.6,3565,0.1328
device,resident,1,fp128,16,min,16,2370.2110,421903,20.3,3303,0.1253
device,resident,1,fp128,16,max,16,2372.0289,421580,20.2,3293,0.1250
device,resident,1,fp128,16,minnum,16,2370.6328,421828,20.2,3300,0.1252
device,resident,1,fp128,16,maxnum,16,2444.2319,409126,19.6,3294,0.1288
device,resident,1,fp128,16,cmplt,16,2522.8065,396384,19.0,3114,0.1257
device,resident,1,fp128,16,cmple,16,2531.4646,395028,19.0,3085,0.1250
device,resident,1,fp128,16,cmpeq,16,2530.3796,395198,19.0,3073,0.1244
device,resident,1,fp128,16,select,16,2530.6107,395162,25.3,3086,0.1250
device,resident,1,fp128,16,iand,16,2532.5686,394856,19.0,3105,0.1258
device,resident,1,fp128,16,ior,16,2526.9392,395736,19.0,3095,0.1251
device,resident,1,fp128,16,ixor,16,2525.7980,395914,19.0,3097,0.1252
device,resident,1,fp128,16,iadd,16,2525.9681,395888,19.0,3079,0.1244
device,resident,1,fp128,16,isub,16,2523.6838,396246,19.0,3100,0.1252
device,resident,1,fp128,16,ishl,16,2531.5379,395017,19.0,3083,0.1249
device,resident,1,fp128,16,ishr,16,2559.1334,390757,18.8,3064,0.1255
device,resident,1,fp128,16,icmplt,16,2557.6351,390986,18.8,3026,0.1238
device,resident,1,fp128,16,add,16,2560.5843,390536,18.7,3046,0.1248
device,resident,1,fp128,16,sub,16,2560.2764,390583,18.7,3061,0.1254
device,resident,1,fp128,16,mul,16,2551.3234,391953,18.8,3033,0.1238
device,resident,1,fp128,16,fma,16,2548.4993,392388,25.1,3067,0.1251
device,host,4,fp128,16,abs,16,14549.8049,68729,2.2,533,0.1241
device,host,4,fp128,16,neg,16,14502.6053,68953,2.2,537,0.1246
device,host,4,fp128,16,copysign,16,14512.5595,68906,3.3,540,0.1254
device,host,4,fp128,16,min,16,14584.4464,68566,3.3,534,0.1246
device,host,4,fp128,16,max,16,14476.9212,69075,3.3,540,0.1251
device,host,4,fp128,16,minnum,16,14505.0130,68942,3.3,539,0.1251
device,host,4,fp128,16,maxnum,16,14546.7399,68744,3.3,538,0.1252
device,host,4,fp128,16,cmplt,16,14702.9729,68013,3.3,542,0.1275
device,host,4,fp128,16,cmple,16,15594.8042,64124,3.1,489,0.1220
device,host,4,fp128,16,cmpeq,16,15591.6442,64137,3.1,505,0.1260
device,host,4,fp128,16,select,16,15617.2213,64032,4.1,510,0.1274
device,host,4,fp128,16,iand,16,15660.3190,63856,3.1,499,0.1250
device,host,4,fp128,16,ior,16,15543.0225,64338,3.1,500,0.1243
device,host,4,fp128,16,ixor,16,15509.9261,64475,3.1,504,0.1251
device,host,4,fp128,16,iadd,16,15531.0838,64387,3.1,504,0.1252
device,host,4,fp128,16,isub,16,15523.6252,64418,3.1,503,0.1249
device,host,4,fp128,16,ishl,16,15518.5396,64439,3.1,505,0.1254
device,host,4,fp128,16,ishr,16,16097.1493,62123,3.0,504,0.1298
device,host,4,fp128,16,icmplt,16,16340.1862,61199,2.9,478,0.1250
device,host,4,fp128,16,add,16,16294.6326,61370,2.9,478,0.1246
device,host,4,fp128,16,sub,16,15498.1773,64524,3.1,499,0.1237
device,host,4,fp128,16,mul,16,15600.8395,64099,3.1,503,0.1256
device,host,4,fp128,16,fma,16,15473.4469,64627,4.1,503,0.1245
device,resident,4,fp128,16,abs,16,4309.0895,232068,7.4,1805,0.1244
device,resident,4,fp128,16,neg,16,4293.8441,232892,7.5,1819,0.1250
device,resident,4,fp128,16,copysign,16,4297.8425,232675,11.2,1809,0.1244
device,resident,4,fp128,16,min,16,4296.3603,232755,11.2,1816,0.1248
device,resident,4,fp128,16,max,16,4321.8010,231385,11.1,1830,0.1265
device,resident,4,fp128,16,minnum,16,4314.1366,231796,11.1,1830,0.1263
device,resident,4,fp128,16,maxnum,16,4299.9830,232559,11.2,1789,0.1231
device,resident,4,fp128,16,cmplt,16,4303.4201,232373,11.2,1801,0.1240
device,resident,4,fp128,16,cmple,16,4292.5591,232961,11.2,1820,0.1250
device,resident,4,fp128,16,cmpeq,16,4306.3939,232213,11.1,1808,0.1246
device,resident,4,fp128,16,select,16,4300.0517,232555,14.9,1826,0.1256
device,resident,4,fp128,16,iand,16,4283.3794,233461,11.2,1816,0.1245
device,resident,4,fp128,16,ior,16,4352.1155,229773,11.0,1839,0.1281
device,resident,4,fp128,16,ixor,16,4434.3088,225514,10.8,1797,0.1275
device,resident,4,fp128,16,iadd,16,4530.2973,220736,10.6,1725,0.1250
device,resident,4,fp128,16,isub,16,4513.9985,221533,10.6,1729,0.1249
device,resident,4,fp128,16,ishl,16,4462.3673,224096,10.8,1768,0.1262
device,resident,4,fp128,16,ishr,16,4495.6347,222438,10.7,1741,0.1252
device,resident,4,fp128,16,icmplt,16,4504.1570,222017,10.7,1738,0.1253
device,resident,4,fp128,16,add,16,4500.9482,222175,10.7,1727,0.1244
device,resident,4,fp128,16,sub,16,4502.0264,222122,10.7,1731,0.1247
device,resident,4,fp128,16,mul,16,4598.6098,217457,10.4,1729,0.1272
device,resident,4,fp128,16,fma,16,4580.8253,218301,14.0,1708,0.1252
software,host,0,fp128,16,abs,32,84.1016,11890374,380.5,45237,0.1217
software,host,0,fp128,16,neg,32,90.9179,10998935,352.0,42431,0.1234
software,host,0,fp128,16,copysign,32,90.0254,11107972,533.2,43172,0.1244
software,host,0,fp128,16,min,32,129.7936,7704542,369.8,30065,0.1249
software,host,0,fp128,16,max,32,129.2923,7734415,371.3,30251,0.1252
software,host,0,fp128,16,minnum,32,130.1954,7680766,368.7,30027,0.1251
software,host,0,fp128,16,maxnum,32,129.4508,7724944,370.8,30079,0.1246
software,host,0,fp128,16,cmplt,32,160.7483,6220905,298.6,24316,0.1251
software,host,0,fp128,16,cmple,32,161.4450,6194062,297.3,24194,0.1250
software,host,0,fp128,16,cmpeq,32,132.6418,7539104,361.9,29524,0.1253
software,host,0,fp128,16,select,32,87.9257,11373236,727.9,44602,0.1255
software,host,0,fp128,16,iand,32,83.5244,11972554,574.7,47052,0.1258
software,host,0,fp128,16,ior,32,84.4807,11837022,568.2,46277,0.1251
software,host,0,fp128,16,ixor,32,83.8921,11920077,572.2,46574,0.1250
software,host,0,fp128,16,iadd,32,90.0170,11109014,533.2,43513,0.1253
software,host,0,fp128,16,isub,32,99.1995,10080694,483.9,39439,0.1252
software,host,0,fp128,16,ishl,32,112.2819,8906151,427.5,34561,0.1242
software,host,0,fp128,16,ishr,32,88.3644,11316776,543.2,44344,0.1254
software,host,0,fp128,16,icmplt,32,104.2066,9596321,460.6,37537,0.1252
software,host,0,fp128,16,add,32,448.5539,2229386,107.0,8738,0.1254
software,host,0,fp128,16,sub,32,461.6770,2166017,104.0,8507,0.1257
software,host,0,fp128,16,mul,32,311.9820,3205313,153.9,12544,0.1252
software,host,0,fp128,16,fma,32,381.6051,2620510,167.7,10215,0.1247
device,host,1,fp128,16,abs,32,3094.7668,323126,10.3,1322,0.1309
device,host,1,fp128,16,neg,32,3196.6658,312826,10.0,1219,0.1247
device,host,1,fp128,16,copysign,32,3220.6479,310497,14.9,1213,0.1250
device,host,1,fp128,16,min,32,3222.4673,310321,14.9,1213,0.1251
device,host,1,fp128,16,max,32,3220.6396,310497,14.9,1212,0.1249
device,host,1,fp128,16,minnum,32,3224.0835,310166,14.9,1212,0.1250
device,host,1,fp128,16,maxnum,32,3222.3501,310333,14.9,1212,0.1250
device,host,1,fp128,16,cmplt,32,3219.4035,310617,14.9,1213,0.1250
device,host,1,fp128,16,cmple,32,3650.8413,273909,13.1,1142,0.1334
device,host,1,fp128,16,cmpeq,32,3642.6777,274523,13.2,1074,0.1252
device,host,1,fp128,16,select,32,3636.2530,275008,17.6,1075,0.1251
device,host,1,fp128,16,iand,32,3629.4514,275524,13.2,1072,0.1245
device,host,1,fp128,16,ior,32,3650.3150,273949,13.1,1070,0.1250
device,host,1,fp128,16,ixor,32,3650.7448,273917,13.1,1069,0.1249
device,host,1,fp128,16,iadd,32,3651.4004,273868,13.1,1069,0.1249
device,host,1,fp128,16,isub,32,3663.4681,272965,13.1,1070,0.1254
device,host,1,fp128,16,ishl,32,3657.5770,273405,13.1,1067,0.1249
device,host,1,fp128,16,ishr,32,3660.4284,273192,13.1,1057,0.1238
device,host,1,fp128,16,icmplt,32,3666.1017,272769,13.1,1071,0.1256
device,host,1,fp128,16,add,32,3672.6221,272285,13.1,1064,0.1250
device,host,1,fp128,16,sub,32,3666.6979,272725,13.1,1067,0.1252
device,host,1,fp128,16,mul,32,3669.7082,272501,13.1,1065,0.1251
device,host,1,fp128,16,fma,32,3676.6354,271988,17.4,1065,0.1253
device,resident,1,fp128,16,abs,32,1006.4031,993638,31.8,3679,0.1185
device,resident,1,fp128,16,neg,32,997.4314,1002575,32.1,3919,0.1251
device,resident,1,fp128,16,copysign,32,1085.0748,921595,44.2,3930,0.1365
device,resident,1,fp128,16,min,32,1094.7586,913443,43.8,3585,0.1256
device,resident,1,fp128,16,max,32,1094.2101,913901,43.9,3574,0.1251
device,resident,1,fp128,16,minnum,32,1118.3093,894207,42.9,3563,0.1275
device,resident,1,fp128,16,maxnum,32,1453.7802,687862,33.0,3334,0.1551
device,resident,1,fp128,16,cmplt,32,1492.0235,670231,32.2,2609,0.1246
device,resident,1,fp128,16,cmple,32,1489.4259,671400,32.2,2610,0.1244
device,resident,1,fp128,16,cmpeq,32,1487.9183,672080,32.3,2630,0.1252
device,resident,1,fp128,16,select,32,1488.2609,671925,43.0,2609,0.1243
device,resident,1,fp128,16,iand,32,1488.1178,671990,32.3,2605,0.1240
device,resident,1,fp128,16,ior,32,1487.9386,672071,32.3,2626,0.1250
device,resident,1,fp128,16,ixor,32,1487.7507,672156,32.3,2623,0.1249
device,resident,1,fp128,16,iadd,32,1452.1399,688639,33.1,2621,0.1218
device,resident,1,fp128,16,isub,32,1307.6774,764715,36.7,2976,0.1245
device,resident,1,fp128,16,ishl,32,1306.6236,765331,36.7,2986,0.1249
device,resident,1,fp128,16,ishr,32,1310.6906,762957,36.6,3001,0.1259
device,resident,1,fp128,16,icmplt,32,1318.6182,758370,36.4,2965,0.1251
device,resident,1,fp128,16,add,32,1451.1964,689087,33.1,2690,0.1249
device,resident,1,fp128,16,sub,32,1342.3628,744955,35.8,2647,0.1137
device,resident,1,fp128,16,mul,32,1020.3827,980024,47.0,3655,0.1193
device,resident,1,fp128,16,fma,32,1042.3773,959346,61.4,3738,0.1247
device,host,4,fp128,16,abs,32,7236.3302,138192,4.4,520,0.1204
device,host,4,fp128,16,neg,32,7174.7499,139378,4.5,541,0.1242
device,host,4,fp128,16,copysign,32,7193.5206,139014,6.7,542,0.1248
device,host,4,fp128,16,min,32,7171.5340,139440,6.7,528,0.1212
device,host,4,fp128,16,max,32,7211.1884,138673,6.7,546,0.1260
device,host,4,fp128,16,minnum,32,7416.2331,134839,6.5,544,0.1291
device,host,4,fp128,16,maxnum,32,7979.9638,125314,6.0,496,0.1267
device,host,4,fp128,16,cmplt,32,7997.6575,125037,6.0,489,0.1251
device,host,4,fp128,16,cmple,32,7993.3536,125104,6.0,489,0.1251
device,host,4,fp128,16,cmpeq,32,7979.7902,125317,6.0,490,0.1251
device,host,4,fp128,16,select,32,7976.3207,125371,8.0,490,0.1251
device,host,4,fp128,16,iand,32,8786.0834,113816,5.5,456,0.1282
device,host,4,fp128,16,ior,32,11431.8855,87475,4.2,399,0.1460
device,host,4,fp128,16,ixor,32,11695.1125,85506,4.1,342,0.1280
device,host,4,fp128,16,iadd,32,11701.1619,85462,4.1,347,0.1299
device,host,4,fp128,16,isub,32,11655.3566,85797,4.1,334,0.1246
device,host,4,fp128,16,ishl,32,11658.1607,85777,4.1,334,0.1246
device,host,4,fp128,16,ishr,32,11655.9769,85793,4.1,339,0.1264
device,host,4,fp128,16,icmplt,32,11676.8385,85640,4.1,334,0.1248
device,host,4,fp128,16,add,32,11595.5631,86240,4.1,334,0.1239
device,host,4,fp128,16,sub,32,11715.2269,85359,4.1,339,0.1271
device,host,4,fp128,16,mul,32,11528.6967,86740,4.2,333,0.1228
device,host,4,fp128,16,fma,32,11577.4445,86375,5.5,343,0.1271
device,resident,4,fp128,16,abs,32,2072.1463,482591,15.4,1882,0.1248
device,resident,4,fp128,16,neg,32,2068.7379,483387,15.5,1866,0.1235
device,resident,4,fp128,16,copysign,32,2072.7744,482445,23.2,1893,0.1256
device,resident,4,fp128,16,min,32,2072.0407,482616,23.2,1883,0.1249
device,resident,4,fp128,16,max,32,2074.0304,482153,23.1,1886,0.1252
device,resident,4,fp128,16,minnum,32,2072.3533,482543,23.2,1887,0.1251
device,resident,4,fp128,16,maxnum,32,2078.0207,481227,23.1,1875,0.1247
device,resident,4,fp128,16,cmplt,32,2083.3794,479989,23.0,1889,0.1259
device,resident,4,fp128,16,cmple,32,2083.3541,479995,23.0,1872,0.1248
device,resident,4,fp128,16,cmpeq,32,2083.3663,479992,23.0,1858,0.1239
device,resident,4,fp128,16,select,32,2083.3870,479988,30.7,1874,0.1249
device,resident,4,fp128,16,iand,32,2082.4820,480196,23.0,1884,0.1255
device,resident,4,fp128,16,ior,32,2083.4508,479973,23.0,1866,0.1244
device,resident,4,fp128,16,ixor,32,2085.6251,479473,23.0,1886,0.1259
device,resident,4,fp128,16,iadd,32,2085.6848,479459,23.0,1865,0.1245
device,resident,4,fp128,16,isub,32,2087.6725,479002,23.0,1877,0.1254
device,resident,4,fp128,16,ishl,32,2083.5919,479940,23.0,1881,0.1254
device,resident,4,fp128,16,ishr,32,2143.2947,466571,22.4,1868,0.1281
device,resident,4,fp128,16,icmplt,32,2224.2901,449582,21.6,1768,0.1258
device,resident,4,fp128,16,add,32,2227.1526,449004,21.6,1758,0.1253
device,resident,4,fp128,16,sub,32,2223.2516,449792,21.6,1763,0.1254
device,resident,4,fp128,16,mul,32,2222.0086,450043,21.6,1758,0.1250
device,resident,4,fp128,16,fma,32,2223.2874,449784,28.8,1753,0.1247
software,host,0,fp128,16,abs,64,83.4295,11986166,383.6,23205,0.1239
software,host,0,fp128,16,neg,64,89.0000,11235959,359.6,21333,0.1215
software,host,0,fp128,16,copysign,64,89.6521,11154225,535.4,21856,0.1254
software,host,0,fp128,16,min,64,129.8051,7703858,369.8,15104,0.1255
software,host,0,fp128,16,max,64,129.3885,7728662,371.0,15098,0.1250
software,host,0,fp128,16,minnum,64,130.3140,7673771,368.3,15045,0.1255
software,host,0,fp128,16,maxnum,64,129.4419,7725473,370.8,15050,0.1247
software,host,0,fp128,16,cmplt,64,159.4950,6269789,300.9,12278,0.1253
software,host,0,fp128,16,cmple,64,160.2925,6238594,299.5,12207,0.1252
software,host,0,fp128,16,cmpeq,64,132.8267,7528608,361.4,14668,0.1247
software,host,0,fp128,16,select,64,87.2474,11461659,733.5,22337,0.1247
software,host,0,fp128,16,iand,64,82.9561,12054564,578.6,23663,0.1256
software,host,0,fp128,16,ior,64,83.9601,11910417,571.7,23065,0.1239
software,host,0,fp128,16,ixor,64,83.5359,11970905,574.6,23453,0.1254
software,host,0,fp128,16,iadd,64,90.1572,11091732,532.4,21553,0.1244
software,host,0,fp128,16,isub,64,99.7929,10020748,481.0,19551,0.1249
software,host,0,fp128,16,ishl,64,112.7430,8869730,425.7,17442,0.1259
software,host,0,fp128,16,ishr,64,88.7237,11270943,541.0,22025,0.1251
software,host,0,fp128,16,icmplt,64,102.5456,9751762,468.1,19241,0.1263
software,host,0,fp128,16,add,64,447.7495,2233392,107.2,4096,0.1174
software,host,0,fp128,16,sub,64,455.0062,2197772,105.5,4096,0.1193
software,host,0,fp128,16,mul,64,315.4300,3170276,152.2,6166,0.1245
software,host,0,fp128,16,fma,64,386.9508,2584308,165.4,4096,0.1014
device,host,1,fp128,16,abs,64,1621.3795,616759,19.7,1197,0.1242
device,host,1,fp128,16,neg,64,1630.9896,613125,19.6,1203,0.1256
device,host,1,fp128,16,copysign,64,1632.9228,612399,29.4,1187,0.1240
device,host,1,fp128,16,min,64,1633.1070,612330,29.4,1187,0.1241
device,host,1,fp128,16,max,64,1637.6113,610646,29.3,1189,0.1246
device,host,1,fp128,16,minnum,64,1635.2496,611527,29.4,1189,0.1244
device,host,1,fp128,16,maxnum,64,1638.0311,610489,29.3,1196,0.1254
device,host,1,fp128,16,cmplt,64,1633.7658,612083,29.4,1192,0.1246
device,host,1,fp128,16,cmple,64,1634.9759,611630,29.4,1202,0.1258
device,host,1,fp128,16,cmpeq,64,1640.6265,609523,29.3,1194,0.1254
device,host,1,fp128,16,select,64,1639.6875,609872,39.0,1187,0.1246
device,host,1,fp128,16,iand,64,1637.4138,610719,29.3,1204,0.1262
device,host,1,fp128,16,ior,64,1635.1070,611581,29.4,1189,0.1244
device,host,1,fp128,16,ixor,64,1643.5126,608453,29.2,1186,0.1247
device,host,1,fp128,16,iadd,64,1644.2538,608179,29.2,1193,0.1255
device,host,1,fp128,16,isub,64,1637.0093,610870,29.3,1198,0.1255
device,host,1,fp128,16,ishl,64,1640.8384,609445,29.3,1184,0.1243
device,host,1,fp128,16,ishr,64,1634.0944,611960,29.4,1182,0.1236
device,host,1,fp128,16,icmplt,64,1642.6653,608767,29.2,1186,0.1247
device,host,1,fp128,16,add,64,1641.7583,609103,29.2,1198,0.1259
device,host,1,fp128,16,sub,64,1636.3313,611123,29.3,1188,0.1244
device,host,1,fp128,16,mul,64,1636.9641,610887,29.3,1188,0.1245
device,host,1,fp128,16,fma,64,1640.2773,609653,39.0,1185,0.1244
device,resident,1,fp128,16,abs,64,494.9029,2020598,64.7,3610,0.1143
device,resident,1,fp128,16,neg,64,572.8573,1745635,55.9,3423,0.1255
device,resident,1,fp128,16,copysign,64,583.0330,1715169,82.3,3429,0.1280
device,resident,1,fp128,16,min,64,601.7137,1661920,79.8,3273,0.1260
device,resident,1,fp128,16,max,64,599.6079,1667757,80.1,3268,0.1254
device,resident,1,fp128,16,minnum,64,596.0152,1677810,80.5,3280,0.1251
device,resident,1,fp128,16,maxnum,64,598.0324,1672150,80.3,3256,0.1246
device,resident,1,fp128,16,cmplt,64,601.6696,1662042,79.8,3279,0.1263
device,resident,1,fp128,16,cmple,64,653.2436,1530822,73.5,3140,0.1313
device,resident,1,fp128,16,cmpeq,64,671.2311,1489800,71.5,2922,0.1255
device,resident,1,fp128,16,select,64,678.1358,1474631,94.4,2902,0.1259
device,resident,1,fp128,16,iand,64,678.8196,1473145,70.7,2884,0.1253
device,resident,1,fp128,16,ior,64,647.0317,1545519,74.2,2901,0.1201
device,resident,1,fp128,16,ixor,64,599.8269,1667148,80.0,3174,0.1218
device,resident,1,fp128,16,iadd,64,602.7341,1659106,79.6,3257,0.1256
device,resident,1,fp128,16,isub,64,604.6804,1653766,79.4,3274,0.1267
device,resident,1,fp128,16,ishl,64,593.6633,1684456,80.9,3288,0.1249
device,resident,1,fp128,16,ishr,64,597.4828,1673688,80.3,3286,0.1257
device,resident,1,fp128,16,icmplt,64,604.1992,1655083,79.4,3257,0.1259
device,resident,1,fp128,16,add,64,655.5203,1525506,73.2,3132,0.1314
device,resident,1,fp128,16,sub,64,680.7850,1468893,70.5,2879,0.1254
device,resident,1,fp128,16,mul,64,684.1863,1461590,70.2,2868,0.1256
device,resident,1,fp128,16,fma,64,684.4022,1461129,93.5,2867,0.1256
device,host,4,fp128,16,abs,64,3633.4442,275221,8.8,531,0.1235
device,host,4,fp128,16,neg,64,3621.0967,276159,8.8,542,0.1256
device,host,4,fp128,16,copysign,64,3629.0273,275556,13.2,542,0.1259
device,host,4,fp128,16,min,64,3622.7342,276035,13.2,536,0.1243
device,host,4,fp128,16,max,64,3633.9335,275184,13.2,542,0.1261
device,host,4,fp128,16,minnum,64,3628.0656,275629,13.2,543,0.1261
device,host,4,fp128,16,maxnum,64,3629.9203,275488,13.2,539,0.1252
device,host,4,fp128,16,cmplt,64,3629.9976,275482,13.2,536,0.1245
device,host,4,fp128,16,cmple,64,3620.3916,276213,13.3,540,0.1251
device,host,4,fp128,16,cmpeq,64,3909.6744,255776,12.3,541,0.1354
device,host,4,fp128,16,select,64,4197.3739,238244,15.2,448,0.1203
device,host,4,fp128,16,iand,64,4173.7984,239590,11.5,465,0.1242
device,host,4,fp128,16,ior,64,4808.6175,207960,10.0,471,0.1450
device,host,4,fp128,16,ixor,64,6410.7754,155987,7.5,306,0.1255
device,host,4,fp128,16,iadd,64,6996.2602,142934,6.9,281,0.1258
device,host,4,fp128,16,isub,64,7010.7797,142637,6.8,281,0.1261
device,host,4,fp128,16,ishl,64,6977.7561,143313,6.9,281,0.1255
device,host,4,fp128,16,ishr,64,6994.8936,142961,6.9,279,0.1249
device,host,4,fp128,16,icmplt,64,7012.5999,142600,6.8,281,0.1261
device,host,4,fp128,16,add,64,6980.7234,143252,6.9,279,0.1246
device,host,4,fp128,16,sub,64,6980.6499,143253,6.9,280,0.1251
device,host,4,fp128,16,mul,64,6983.1251,143202,6.9,281,0.1256
device,host,4,fp128,16,fma,64,7003.9938,142776,9.1,280,0.1255
device,resident,4,fp128,16,abs,64,1041.0336,960584,30.7,1857,0.1237
device,resident,4,fp128,16,neg,64,1041.2150,960416,30.7,1874,0.1249
device,resident,4,fp128,16,copysign,64,1041.6127,960050,46.1,1863,0.1242
device,resident,4,fp128,16,min,64,1044.7561,957161,45.9,1860,0.1244
device,resident,4,fp128,16,max,64,1043.9356,957913,46.0,1856,0.1240
device,resident,4,fp128,16,minnum,64,1054.7472,948094,45.5,1850,0.1249
device,resident,4,fp128,16,maxnum,64,1051.4214,951093,45.7,1863,0.1254
device,resident,4,fp128,16,cmplt,64,1051.1529,951336,45.7,1857,0.1249
device,resident,4,fp128,16,cmple,64,1053.7379,949003,45.6,1852,0.1249
device,resident,4,fp128,16,cmpeq,64,1053.3958,949311,45.6,1861,0.1255
device,resident,4,fp128,16,select,64,1053.2297,949460,60.8,1861,0.1254
device,resident,4,fp128,16,iand,64,1056.9693,946101,45.4,1848,0.1250
device,resident,4,fp128,16,ior,64,1056.7136,946330,45.4,1853,0.1253
device,resident,4,fp128,16,ixor,64,1050.5814,951854,45.7,1870,0.1257
device,resident,4,fp128,16,iadd,64,1054.5982,948228,45.5,1858,0.1254
device,resident,4,fp128,16,isub,64,1083.8432,922643,44.3,1824,0.1265
device,resident,4,fp128,16,ishl,64,1114.9740,896882,43.1,1767,0.1261
device,resident,4,fp128,16,ishr,64,1146.7575,872024,41.9,1752,0.1286
device,resident,4,fp128,16,icmplt,64,1154.3047,866322,41.6,1688,0.1247
device,resident,4,fp128,16,add,64,1154.3537,866286,41.6,1690,0.1249
device,resident,4,fp128,16,sub,64,1155.6584,865308,41.5,1689,0.1249
device,resident,4,fp128,16,mul,64,1156.4957,864681,41.5,1689,0.1250
device,resident,4,fp128,16,fma,64,1156.1781,864919,55.4,1694,0.1253
software,host,0,fp128,16,abs,128,83.5575,11967814,383.0,10276,0.1099
software,host,0,fp128,16,neg,128,89.4014,11185501,357.9,10912,0.1249
software,host,0,fp128,16,copysign,128,89.2214,11208076,538.0,10844,0.1238
software,host,0,fp128,16,min,128,128.3411,7791739,374.0,7592,0.1247
software,host,0,fp128,16,max,128,128.3010,7794169,374.1,7597,0.1248
software,host,0,fp128,16,minnum,128,129.5522,7718896,370.5,7571,0.1255
software,host,0,fp128,16,maxnum,128,128.4017,7788057,373.8,7612,0.1251
software,host,0,fp128,16,cmplt,128,159.9483,6252021,300.1,6100,0.1249
software,host,0,fp128,16,cmple,128,160.1386,6244590,299.7,6093,0.1249
software,host,0,fp128,16,cmpeq,128,132.4231,7551554,362.5,7344,0.1245
software,host,0,fp128,16,select,128,87.2670,11459084,733.4,11163,0.1247
software,host,0,fp128,16,iand,128,82.9161,12060389,578.9,11797,0.1252
software,host,0,fp128,16,ior,128,84.0398,11899122,571.2,11634,0.1251
software,host,0,fp128,16,ixor,128,83.5352,11971000,574.6,11674,0.1248
software,host,0,fp128,16,iadd,128,90.0056,11110418,533.3,10880,0.1253
software,host,0,fp128,16,isub,128,99.2679,10073750,483.5,9834,0.1250
software,host,0,fp128,16,ishl,128,112.8127,8864247,425.5,8679,0.1253
software,host,0,fp128,16,ishr,128,89.7782,11138565,534.7,10849,0.1247
software,host,0,fp128,16,icmplt,128,101.5846,9844010,472.5,9657,0.1256
software,host,0,fp128,16,add,128,446.8484,2237895,107.4,2194,0.1255
software,host,0,fp128,16,sub,128,458.5850,2180621,104.7,2133,0.1252
software,host,0,fp128,16,mul,128,316.8132,3156434,151.5,3088,0.1252
software,host,0,fp128,16,fma,128,388.7159,2572573,164.6,2529,0.1258
device,host,1,fp128,16,abs,128,816.1653,1225242,39.2,1294,0.1352
device,host,1,fp128,16,neg,128,969.2662,1031708,33.0,1034,0.1283
device,host,1,fp128,16,copysign,128,962.9389,1038487,49.8,1007,0.1241
device,host,1,fp128,16,min,128,935.7031,1068715,51.3,1015,0.1216
device,host,1,fp128,16,max,128,863.1895,1158494,55.6,1099,0.1214
device,host,1,fp128,16,minnum,128,886.8757,1127554,54.1,1155,0.1311
device,host,1,fp128,16,maxnum,128,894.6759,1117723,53.7,1143,0.1309
device,host,1,fp128,16,cmplt,128,920.4379,1086439,52.1,1046,0.1232
device,host,1,fp128,16,cmple,128,920.1114,1086825,52.2,1059,0.1247
device,host,1,fp128,16,cmpeq,128,919.8072,1087184,52.2,1062,0.1250
device,host,1,fp128,16,select,128,919.5330,1087509,69.6,1063,0.1251
device,host,1,fp128,16,iand,128,920.0437,1086905,52.2,1058,0.1246
device,host,1,fp128,16,ior,128,926.4193,1079425,51.8,1057,0.1253
device,host,1,fp128,16,ixor,128,929.6313,1075695,51.6,1043,0.1241
device,host,1,fp128,16,iadd,128,920.3008,1086601,52.2,1054,0.1242
device,host,1,fp128,16,isub,128,920.4787,1086391,52.1,1065,0.1255
device,host,1,fp128,16,ishl,128,919.0370,1088096,52.2,1063,0.1250
device,host,1,fp128,16,ishr,128,919.1268,1087989,52.2,1065,0.1253
device,host,1,fp128,16,icmplt,128,919.1362,1087978,52.2,1064,0.1252
device,host,1,fp128,16,add,128,919.4280,1087633,52.2,1062,0.1250
device,host,1,fp128,16,sub,128,936.8931,1067358,51.2,1065,0.1277
device,host,1,fp128,16,mul,128,970.4321,1030469,49.5,1004,0.1247
device,host,1,fp128,16,fma,128,973.6248,1027090,65.7,1003,0.1250
device,resident,1,fp128,16,abs,128,256.8779,3892901,124.6,3676,0.1209
device,resident,1,fp128,16,neg,128,282.7521,3536667,113.2,3793,0.1373
device,resident,1,fp128,16,copysign,128,280.4977,3565092,171.1,3514,0.1262
device,resident,1,fp128,16,min,128,299.3555,3340509,160.3,3430,0.1314
device,resident,1,fp128,16,max,128,341.8932,2924890,140.4,2970,0.1300
device,resident,1,fp128,16,minnum,128,346.5168,2885863,138.5,2818,0.1250
device,resident,1,fp128,16,maxnum,128,346.3193,2887509,138.6,2818,0.1249
device,resident,1,fp128,16,cmplt,128,346.1809,2888663,138.7,2829,0.1254
device,resident,1,fp128,16,cmple,128,345.9964,2890203,138.7,2832,0.1254
device,resident,1,fp128,16,cmpeq,128,346.2460,2888120,138.6,2817,0.1248
device,resident,1,fp128,16,select,128,346.4903,2886083,184.7,2824,0.1252
device,resident,1,fp128,16,iand,128,347.0587,2881357,138.3,2823,0.1254
device,resident,1,fp128,16,ior,128,346.3108,2887580,138.6,2815,0.1248
device,resident,1,fp128,16,ixor,128,347.3376,2879043,138.2,2812,0.1250
device,resident,1,fp128,16,iadd,128,347.0843,2881145,138.3,2821,0.1253
device,resident,1,fp128,16,isub,128,347.0213,2881668,138.3,2801,0.1244
device,resident,1,fp128,16,ishl,128,347.0817,2881166,138.3,2819,0.1252
device,resident,1,fp128,16,ishr,128,346.7656,2883793,138.4,2818,0.1251
device,resident,1,fp128,16,icmplt,128,346.1337,2889057,138.7,2816,0.1248
device,resident,1,fp128,16,add,128,339.6491,2944215,141.3,2880,0.1252
device,resident,1,fp128,16,sub,128,339.6452,2944249,141.3,2888,0.1256
device,resident,1,fp128,16,mul,128,339.3240,2947036,141.5,2895,0.1257
device,resident,1,fp128,16,fma,128,339.4916,2945581,188.5,2877,0.1250
device,host,4,fp128,16,abs,128,1829.5599,546580,17.5,501,0.1173
device,host,4,fp128,16,neg,128,1830.5948,546271,17.5,539,0.1263
device,host,4,fp128,16,copysign,128,1849.0339,540823,26.0,530,0.1254
device,host,4,fp128,16,min,128,2051.6514,487412,23.4,494,0.1297
device,host,4,fp128,16,max,128,2086.3847,479298,23.0,469,0.1252
device,host,4,fp128,16,minnum,128,2083.8992,479870,23.0,470,0.1254
device,host,4,fp128,16,maxnum,128,2077.6737,481308,23.1,469,0.1247
device,host,4,fp128,16,cmplt,128,2097.1427,476839,22.9,470,0.1262
device,host,4,fp128,16,cmple,128,2105.1737,475020,22.8,464,0.1250
device,host,4,fp128,16,cmpeq,128,2103.7202,475348,22.8,463,0.1247
device,host,4,fp128,16,select,128,2104.6504,475138,30.4,467,0.1258
device,host,4,fp128,16,iand,128,2105.7966,474880,22.8,463,0.1248
device,host,4,fp128,16,ior,128,3171.9398,315264,15.1,395,0.1604
device,host,4,fp128,16,ixor,128,3165.6722,315889,15.2,273,0.1106
device,host,4,fp128,16,iadd,128,3056.0247,327222,15.7,308,0.1205
device,host,4,fp128,16,isub,128,2982.1842,335325,16.1,330,0.1260
device,host,4,fp128,16,ishl,128,2909.9574,343648,16.5,340,0.1266
device,host,4,fp128,16,ishr,128,2866.7239,348830,16.7,340,0.1248
device,host,4,fp128,16,icmplt,128,2986.9155,334794,16.1,341,0.1304
device,host,4,fp128,16,add,128,3191.2523,313357,15.0,321,0.1311
device,host,4,fp128,16,sub,128,3172.0699,315252,15.1,305,0.1238
device,host,4,fp128,16,mul,128,3170.2486,315433,15.1,305,0.1238
device,host,4,fp128,16,fma,128,3153.8747,317070,20.3,310,0.1251
device,resident,4,fp128,16,abs,128,521.4044,1917897,61.4,1836,0.1225
device,resident,4,fp128,16,neg,128,518.0591,1930282,61.8,1881,0.1247
device,resident,4,fp128,16,copysign,128,518.1578,1929914,92.6,1886,0.1251
device,resident,4,fp128,16,min,128,517.5417,1932211,92.7,1878,0.1244
device,resident,4,fp128,16,max,128,517.5656,1932122,92.7,1887,0.1250
device,resident,4,fp128,16,minnum,128,518.0523,1930307,92.7,1888,0.1252
device,resident,4,fp128,16,maxnum,128,517.3414,1932960,92.8,1880,0.1245
device,resident,4,fp128,16,cmplt,128,522.1113,1915301,91.9,1870,0.1250
device,resident,4,fp128,16,cmple,128,522.6583,1913296,91.8,1858,0.1243
device,resident,4,fp128,16,cmpeq,128,540.7070,1849430,88.8,1859,0.1287
device,resident,4,fp128,16,select,128,576.2427,1735380,111.1,1731,0.1277
device,resident,4,fp128,16,iand,128,577.7935,1730722,83.1,1689,0.1249
device,resident,4,fp128,16,ior,128,577.4964,1731612,83.1,1688,0.1248
device,resident,4,fp128,16,ixor,128,577.5710,1731389,83.1,1689,0.1249
device,resident,4,fp128,16,iadd,128,578.1761,1729577,83.0,1685,0.1247
device,resident,4,fp128,16,isub,128,579.2022,1726513,82.9,1694,0.1256
device,resident,4,fp128,16,ishl,128,581.2825,1720334,82.6,1668,0.1241
device,resident,4,fp128,16,ishr,128,581.3015,1720278,82.6,1686,0.1254
device,resident,4,fp128,16,icmplt,128,580.7154,1722014,82.7,1613,0.1199
device,resident,4,fp128,16,add,128,589.7070,1695757,81.4,1684,0.1271
device,resident,4,fp128,16,sub,128,589.3202,1696870,81.4,1660,0.1252
device,resident,4,fp128,16,mul,128,587.9019,1700964,81.6,1660,0.1249
device,resident,4,fp128,16,fma,128,588.4691,1699325,108.8,1655,0.1247
software,host,0,fp128,16,abs,256,83.3262,12001023,384.0,5466,0.1166
software,host,0,fp128,16,neg,256,92.0065,10868794,347.8,5394,0.1270
software,host,0,fp128,16,copysign,256,89.7424,11143001,534.9,5434,0.1248
software,host,0,fp128,16,min,256,128.7295,7768225,372.9,3374,0.1112
software,host,0,fp128,16,max,256,128.3908,7788717,373.9,3808,0.1252
software,host,0,fp128,16,minnum,256,128.7905,7764548,372.7,3794,0.1251
software,host,0,fp128,16,maxnum,256,128.8098,7763387,372.6,3800,0.1253
software,host,0,fp128,16,cmplt,256,159.5640,6267077,300.8,3075,0.1256
software,host,0,fp128,16,cmple,256,159.7880,6258292,300.4,3061,0.1252
software,host,0,fp128,16,cmpeq,256,132.1431,7567553,363.2,3704,0.1253
software,host,0,fp128,16,select,256,87.2014,11467709,733.9,5608,0.1252
software,host,0,fp128,16,iand,256,82.4510,12128415,582.2,5922,0.1250
software,host,0,fp128,16,ior,256,83.6872,11949260,573.6,5817,0.1246
software,host,0,fp128,16,ixor,256,84.0151,11902627,571.3,5830,0.1254
software,host,0,fp128,16,iadd,256,89.8510,11129535,534.2,5434,0.1250
software,host,0,fp128,16,isub,256,99.3385,10066586,483.2,4096,0.1042
software,host,0,fp128,16,ishl,256,112.2133,8911597,427.8,4096,0.1177
software,host,0,fp128,16,ishr,256,88.5382,11294556,542.1,5536,0.1255
software,host,0,fp128,16,icmplt,256,99.6488,10035243,481.7,4096,0.1045
software,host,0,fp128,16,add,256,446.3927,2240180,107.5,1098,0.1255
software,host,0,fp128,16,sub,256,461.6165,2166300,104.0,1061,0.1254
software,host,0,fp128,16,mul,256,317.7384,3147243,151.1,1541,0.1253
software,host,0,fp128,16,fma,256,391.4337,2554711,163.5,1253,0.1256
device,host,1,fp128,16,abs,256,368.9935,2710075,86.7,1261,0.1191
device,host,1,fp128,16,neg,256,392.0281,2550838,81.6,1333,0.1338
device,host,1,fp128,16,copysign,256,456.8179,2189056,105.1,1191,0.1393
device,host,1,fp128,16,min,256,478.3491,2090523,100.3,1022,0.1252
device,host,1,fp128,16,max,256,478.3998,2090302,100.3,1021,0.1250
device,host,1,fp128,16,minnum,256,478.5184,2089784,100.3,1019,0.1248
device,host,1,fp128,16,maxnum,256,477.4671,2094385,100.5,1020,0.1247
device,host,1,fp128,16,cmplt,256,477.7542,2093126,100.5,1025,0.1254
device,host,1,fp128,16,cmple,256,470.6276,2124822,102.0,1021,0.1230
device,host,1,fp128,16,cmpeq,256,464.3678,2153465,103.4,1064,0.1265
device,host,1,fp128,16,select,256,462.2323,2163414,138.5,1057,0.1251
device,host,1,fp128,16,iand,256,460.5018,2171544,104.2,1057,0.1246
device,host,1,fp128,16,ior,256,460.6137,2171017,104.2,1064,0.1255
device,host,1,fp128,16,ixor,256,460.5254,2171433,104.2,1060,0.1250
device,host,1,fp128,16,iadd,256,460.2217,2172866,104.3,1062,0.1251
device,host,1,fp128,16,isub,256,460.6246,2170965,104.2,1059,0.1249
device,host,1,fp128,16,ishl,256,464.0498,2154941,103.4,1062,0.1262
device,host,1,fp128,16,ishr,256,462.2363,2163396,103.8,1025,0.1213
device,host,1,fp128,16,icmplt,256,459.7597,2175049,104.4,1064,0.1252
device,host,1,fp128,16,add,256,461.0668,2168883,104.1,1064,0.1256
device,host,1,fp128,16,sub,256,460.0505,2173675,104.3,1058,0.1246
device,host,1,fp128,16,mul,256,460.5038,2171535,104.2,1064,0.1254
device,host,1,fp128,16,fma,256,461.5784,2166479,138.7,1060,0.1253
device,resident,1,fp128,16,abs,256,126.3732,7913068,253.2,3708,0.1200
device,resident,1,fp128,16,neg,256,144.7643,6907782,221.0,3481,0.1290
device,resident,1,fp128,16,copysign,256,157.8178,6336419,304.1,3161,0.1277
device,resident,1,fp128,16,min,256,158.6489,6303225,302.6,3076,0.1249
device,resident,1,fp128,16,max,256,158.7643,6298645,302.3,3079,0.1251
device,resident,1,fp128,16,minnum,256,158.7627,6298710,302.3,3081,0.1252
device,resident,1,fp128,16,maxnum,256,160.2758,6239244,299.5,3076,0.1262
device,resident,1,fp128,16,cmplt,256,165.7996,6031379,289.5,2958,0.1256
device,resident,1,fp128,16,cmple,256,166.1169,6019856,289.0,2945,0.1252
device,resident,1,fp128,16,cmpeq,256,165.7401,6033542,289.6,2945,0.1250
device,resident,1,fp128,16,select,256,165.8709,6028786,385.8,2943,0.1250
device,resident,1,fp128,16,iand,256,165.7017,6034942,289.7,2943,0.1248
device,resident,1,fp128,16,ior,256,165.7812,6032047,289.5,2937,0.1246
device,resident,1,fp128,16,ixor,256,165.7506,6033161,289.6,2929,0.1243
device,resident,1,fp128,16,iadd,256,166.0266,6023131,289.1,2947,0.1253
device,resident,1,fp128,16,isub,256,166.0974,6020563,289.0,2945,0.1252
device,resident,1,fp128,16,ishl,256,166.3641,6010911,288.5,2927,0.1247
device,resident,1,fp128,16,ishr,256,166.3470,6011529,288.6,2937,0.1251
device,resident,1,fp128,16,icmplt,256,166.3901,6009972,288.5,2946,0.1255
device,resident,1,fp128,16,add,256,166.3104,6012852,288.6,2939,0.1251
device,resident,1,fp128,16,sub,256,166.2154,6016289,288.8,2934,0.1248
device,resident,1,fp128,16,mul,256,166.2520,6014964,288.7,2947,0.1254
device,resident,1,fp128,16,fma,256,166.6096,6002056,384.1,2909,0.1241
device,host,4,fp128,16,abs,256,1082.9131,923435,29.5,480,0.1331
device,host,4,fp128,16,neg,256,1492.3515,670083,21.4,354,0.1352
device,host,4,fp128,16,copysign,256,1580.1833,632838,30.4,304,0.1230
device,host,4,fp128,16,min,256,1587.5388,629906,30.2,314,0.1276
device,host,4,fp128,16,max,256,1525.1353,655680,31.5,308,0.1203
device,host,4,fp128,16,minnum,256,1460.3576,684764,32.9,330,0.1234
device,host,4,fp128,16,maxnum,256,1433.6075,697541,33.5,344,0.1262
device,host,4,fp128,16,cmplt,256,1433.2067,697736,33.5,341,0.1251
device,host,4,fp128,16,cmple,256,1430.9001,698861,33.5,340,0.1245
device,host,4,fp128,16,cmpeq,256,1431.6442,698498,33.5,343,0.1257
device,host,4,fp128,16,select,256,1428.8151,699881,44.8,341,0.1247
device,host,4,fp128,16,iand,256,1447.9881,690613,33.1,339,0.1257
device,host,4,fp128,16,ior,256,1475.6847,677652,32.5,329,0.1243
device,host,4,fp128,16,ixor,256,1430.0394,699281,33.6,338,0.1237
device,host,4,fp128,16,iadd,256,1433.7318,697481,33.5,341,0.1252
device,host,4,fp128,16,isub,256,1433.1878,697745,33.5,343,0.1258
device,host,4,fp128,16,ishl,256,1437.5140,695645,33.4,343,0.1262
device,host,4,fp128,16,ishr,256,1436.0721,696344,33.4,345,0.1268
device,host,4,fp128,16,icmplt,256,1517.5487,658957,31.6,341,0.1325
device,host,4,fp128,16,add,256,1578.3165,633586,30.4,308,0.1244
device,host,4,fp128,16,sub,256,1572.8765,635778,30.5,310,0.1248
device,host,4,fp128,16,mul,256,901.7609,1108941,53.2,534,0.1233
device,host,4,fp128,16,fma,256,901.9390,1108722,71.0,542,0.1251
device,resident,4,fp128,16,abs,256,264.4144,3781942,121.0,1844,0.1248
device,resident,4,fp128,16,neg,256,284.0278,3520782,112.7,1739,0.1264
device,resident,4,fp128,16,copysign,256,299.2891,3341251,160.4,1663,0.1274
device,resident,4,fp128,16,min,256,299.2408,3341790,160.4,1641,0.1257
device,resident,4,fp128,16,max,256,299.0027,3344451,160.5,1625,0.1244
device,resident,4,fp128,16,minnum,256,294.9125,3390836,162.8,1636,0.1235
device,resident,4,fp128,16,maxnum,256,283.4410,3528071,169.3,1734,0.1258
device,resident,4,fp128,16,cmplt,256,283.4650,3527772,169.3,1718,0.1247
device,resident,4,fp128,16,cmple,256,283.5303,3526960,169.3,1719,0.1248
device,resident,4,fp128,16,cmpeq,256,283.3582,3529102,169.4,1721,0.1248
device,resident,4,fp128,16,select,256,284.6713,3512824,224.8,1715,0.1250
device,resident,4,fp128,16,iand,256,284.6355,3513265,168.6,1716,0.1250
device,resident,4,fp128,16,ior,256,283.7925,3523702,169.1,1713,0.1245
device,resident,4,fp128,16,ixor,256,283.5720,3526441,169.3,1721,0.1249
device,resident,4,fp128,16,iadd,256,271.1118,3688515,177.0,1720,0.1194
device,resident,4,fp128,16,isub,256,256.1596,3903816,187.4,1895,0.1243
device,resident,4,fp128,16,ishl,256,255.8186,3909020,187.6,1897,0.1242
device,resident,4,fp128,16,ishr,256,262.5924,3808183,182.8,1858,0.1249
device,resident,4,fp128,16,icmplt,256,279.6953,3575319,171.6,1699,0.1217
device,resident,4,fp128,16,add,256,279.2571,3580929,171.9,1746,0.1248
device,resident,4,fp128,16,sub,256,274.8407,3638471,174.6,1777,0.1250
device,resident,4,fp128,16,mul,256,280.9953,3558779,170.8,1743,0.1254
device,resident,4,fp128,16,fma,256,280.9901,3558844,227.8,1737,0.1249
software,host,0,fp128,16,abs,512,83.3884,11992078,383.7,2766,0.1181
software,host,0,fp128,16,neg,512,88.9344,11244243,359.8,2747,0.1251
software,host,0,fp128,16,copysign,512,90.3707,11065529,531.1,2726,0.1261
software,host,0,fp128,16,min,512,128.3032,7794039,374.1,1906,0.1252
software,host,0,fp128,16,max,512,130.2973,7674757,368.4,1909,0.1274
software,host,0,fp128,16,minnum,512,128.5174,7781048,373.5,1899,0.1250
software,host,0,fp128,16,maxnum,512,128.2455,7797545,374.3,1906,0.1252
software,host,0,fp128,16,cmplt,512,157.5043,6349032,304.8,1548,0.1248
software,host,0,fp128,16,cmple,512,158.8770,6294178,302.1,1543,0.1255
software,host,0,fp128,16,cmpeq,512,131.9712,7577411,363.7,1857,0.1255
software,host,0,fp128,16,select,512,87.0050,11493588,735.6,2764,0.1231
software,host,0,fp128,16,iand,512,82.3053,12149889,583.2,2974,0.1253
software,host,0,fp128,16,ior,512,87.2409,11462514,550.2,2926,0.1307
software,host,0,fp128,16,ixor,512,89.4732,11176528,536.5,2592,0.1187
software,host,0,fp128,16,iadd,512,89.4982,11173403,536.3,2736,0.1254
software,host,0,fp128,16,isub,512,112.4477,8893020,426.9,2466,0.1420
software,host,0,fp128,16,ishl,512,133.0876,7513849,360.7,1892,0.1289
software,host,0,fp128,16,ishr,512,93.6356,10679704,512.6,2519,0.1208
software,host,0,fp128,16,icmplt,512,100.3805,9962094,478.2,2439,0.1254
software,host,0,fp128,16,add,512,448.6875,2228723,107.0,546,0.1254
software,host,0,fp128,16,sub,512,462.3279,2162967,103.8,528,0.1250
software,host,0,fp128,16,mul,512,318.1834,3142842,150.9,768,0.1251
software,host,0,fp128,16,fma,512,388.7552,2572313,164.6,629,0.1252
device,host,1,fp128,16,abs,512,210.0939,4759777,152.3,1189,0.1279
device,host,1,fp128,16,neg,512,214.4196,4663752,149.2,1136,0.1247
device,host,1,fp128,16,copysign,512,214.3931,4664330,223.9,1142,0.1254
device,host,1,fp128,16,min,512,239.5149,4175105,200.4,1140,0.1398
device,host,1,fp128,16,max,512,248.5249,4023742,193.1,978,0.1244
device,host,1,fp128,16,minnum,512,248.1836,4029276,193.4,982,0.1248
device,host,1,fp128,16,maxnum,512,247.9381,4033265,193.6,985,0.1250
device,host,1,fp128,16,cmplt,512,248.0674,4031163,193.5,986,0.1252
device,host,1,fp128,16,cmple,512,248.4570,4024842,193.2,981,0.1248
device,host,1,fp128,16,cmpeq,512,248.5494,4023345,193.1,982,0.1250
device,host,1,fp128,16,select,512,248.4939,4024243,257.6,984,0.1252
device,host,1,fp128,16,iand,512,249.0453,4015334,192.7,981,0.1251
device,host,1,fp128,16,ior,512,249.1688,4013344,192.6,981,0.1252
device,host,1,fp128,16,ixor,512,249.2035,4012784,192.6,982,0.1253
device,host,1,fp128,16,iadd,512,249.3156,4010981,192.5,980,0.1251
device,host,1,fp128,16,isub,512,249.2025,4012801,192.6,980,0.1250
device,host,1,fp128,16,ishl,512,249.4160,4009365,192.4,978,0.1249
device,host,1,fp128,16,ishr,512,249.6392,4005781,192.3,978,0.1250
device,host,1,fp128,16,icmplt,512,247.5489,4039605,193.9,985,0.1248
device,host,1,fp128,16,add,512,247.6170,4038495,193.8,988,0.1253
device,host,1,fp128,16,sub,512,248.4905,4024299,193.2,985,0.1253
device,host,1,fp128,16,mul,512,248.6308,4022028,193.1,981,0.1249
device,host,1,fp128,16,fma,512,248.8411,4018629,257.2,982,0.1251
device,resident,1,fp128,16,abs,512,62.9206,15893036,508.6,3582,0.1154
device,resident,1,fp128,16,neg,512,61.9184,16150285,516.8,3830,0.1214
device,resident,1,fp128,16,copysign,512,60.4507,16542397,794.0,3805,0.1178
device,resident,1,fp128,16,min,512,59.3018,16862887,809.4,4079,0.1238
device,resident,1,fp128,16,max,512,58.3611,17134711,822.5,4096,0.1224
device,resident,1,fp128,16,minnum,512,57.6824,17336296,832.1,4096,0.1210
device,resident,1,fp128,16,maxnum,512,56.9270,17566345,843.2,4096,0.1194
device,resident,1,fp128,16,cmplt,512,56.8193,17599656,844.8,4096,0.1192
device,resident,1,fp128,16,cmple,512,56.6671,17646919,847.1,4096,0.1188
device,resident,1,fp128,16,cmpeq,512,55.7293,17943889,861.3,4096,0.1169
device,resident,1,fp128,16,select,512,55.0319,18171265,1163.0,4096,0.1154
device,resident,1,fp128,16,iand,512,54.8904,18218117,874.5,4096,0.1151
device,resident,1,fp128,16,ior,512,55.3905,18053649,866.6,4096,0.1162
device,resident,1,fp128,16,ixor,512,55.2068,18113714,869.5,4096,0.1158
device,resident,1,fp128,16,iadd,512,55.2552,18097846,868.7,4096,0.1159
device,resident,1,fp128,16,isub,512,55.2795,18089890,868.3,4096,0.1159
device,resident,1,fp128,16,ishl,512,55.6297,17976002,862.8,4096,0.1167
device,resident,1,fp128,16,ishr,512,55.8975,17889877,858.7,4096,0.1172
device,resident,1,fp128,16,icmplt,512,57.5623,17372472,833.9,4096,0.1207
device,resident,1,fp128,16,add,512,72.8489,13727037,658.9,3509,0.1309
device,resident,1,fp128,16,sub,512,73.5577,13594774,652.5,3258,0.1227
device,resident,1,fp128,16,mul,512,73.3642,13630628,654.3,3315,0.1245
device,resident,1,fp128,16,fma,512,73.4267,13619025,871.6,3323,0.1249
device,host,4,fp128,16,abs,512,552.1982,1810944,58.0,487,0.1377
device,host,4,fp128,16,neg,512,756.6119,1321682,42.3,328,0.1271
device,host,4,fp128,16,copysign,512,808.0866,1237491,59.4,318,0.1316
device,host,4,fp128,16,min,512,836.1401,1195972,57.4,289,0.1237
device,host,4,fp128,16,max,512,835.5941,1196753,57.4,293,0.1254
device,host,4,fp128,16,minnum,512,820.6277,1218579,58.5,292,0.1227
device,host,4,fp128,16,maxnum,512,824.8795,1212298,58.2,296,0.1250
device,host,4,fp128,16,cmplt,512,826.0468,1210585,58.1,297,0.1256
device,host,4,fp128,16,cmple,512,823.5305,1214284,58.3,298,0.1257
device,host,4,fp128,16,cmpeq,512,822.5033,1215801,58.4,297,0.1251
device,host,4,fp128,16,select,512,798.7358,1251978,80.1,305,0.1247
device,host,4,fp128,16,iand,512,824.7208,1212532,58.2,308,0.1301
device,host,4,fp128,16,ior,512,834.3713,1198507,57.5,291,0.1243
device,host,4,fp128,16,ixor,512,812.4395,1230861,59.1,319,0.1327
device,host,4,fp128,16,iadd,512,824.6239,1212674,58.2,297,0.1254
device,host,4,fp128,16,isub,512,823.7707,1213930,58.3,297,0.1253
device,host,4,fp128,16,ishl,512,822.9577,1215129,58.3,297,0.1251
device,host,4,fp128,16,ishr,512,827.3329,1208703,58.0,296,0.1254
device,host,4,fp128,16,icmplt,512,822.9862,1215087,58.3,297,0.1251
device,host,4,fp128,16,add,512,818.4069,1221886,58.7,295,0.1236
device,host,4,fp128,16,sub,512,818.4657,1221798,58.6,303,0.1270
device,host,4,fp128,16,mul,512,839.4507,1191255,57.2,297,0.1277
device,host,4,fp128,16,fma,512,837.6349,1193838,76.4,290,0.1244
device,resident,4,fp128,16,abs,512,130.4533,7665579,245.3,1874,0.1252
device,resident,4,fp128,16,neg,512,129.1524,7742789,247.8,1857,0.1228
device,resident,4,fp128,16,copysign,512,126.4922,7905628,379.5,1916,0.1241
device,resident,4,fp128,16,min,512,128.1788,7801604,374.5,1902,0.1248
device,resident,4,fp128,16,max,512,131.0469,7630854,366.3,1871,0.1255
device,resident,4,fp128,16,minnum,512,132.6618,7537965,361.8,1837,0.1248
device,resident,4,fp128,16,maxnum,512,136.9255,7303239,350.6,1820,0.1276
device,resident,4,fp128,16,cmplt,512,139.6983,7158281,343.6,1772,0.1267
device,resident,4,fp128,16,cmple,512,140.5924,7112762,341.4,1732,0.1247
device,resident,4,fp128,16,cmpeq,512,140.5581,7114494,341.5,1738,0.1251
device,resident,4,fp128,16,select,512,140.6091,7111915,455.2,1734,0.1248
device,resident,4,fp128,16,iand,512,141.7434,7055002,338.6,1732,0.1257
device,resident,4,fp128,16,ior,512,140.6718,7108743,341.2,1733,0.1248
device,resident,4,fp128,16,ixor,512,140.7362,7105493,341.1,1733,0.1249
device,resident,4,fp128,16,iadd,512,141.5671,7063789,339.1,1728,0.1252
device,resident,4,fp128,16,isub,512,141.4797,7068154,339.3,1736,0.1258
device,resident,4,fp128,16,ishl,512,140.8806,7098209,340.7,1731,0.1249
device,resident,4,fp128,16,ishr,512,144.5593,6917574,332.0,1732,0.1282
device,resident,4,fp128,16,icmplt,512,150.5502,6642303,318.8,1616,0.1246
device,resident,4,fp128,16,add,512,153.3074,6522842,313.1,1611,0.1265
device,resident,4,fp128,16,sub,512,153.7463,6504222,312.2,1572,0.1237
device,resident,4,fp128,16,mul,512,147.9866,6757369,324.4,1610,0.1220
device,resident,4,fp128,16,fma,512,146.2367,6838230,437.6,1667,0.1248
software,host,0,fp128,16,abs,1024,83.0637,12038949,385.2,1397,0.1188
software,host,0,fp128,16,neg,1024,89.4048,11185080,357.9,1373,0.1257
software,host,0,fp128,16,copysign,1024,89.5818,11162981,535.8,1364,0.1251
software,host,0,fp128,16,min,1024,128.5830,7777080,373.3,945,0.1244
software,host,0,fp128,16,max,1024,128.4963,7782327,373.6,956,0.1258
software,host,0,fp128,16,minnum,1024,130.3132,7673822,368.3,950,0.1268
software,host,0,fp128,16,maxnum,1024,128.2983,7794334,374.1,954,0.1253
software,host,0,fp128,16,cmplt,1024,159.3410,6275847,301.2,764,0.1247
software,host,0,fp128,16,cmple,1024,159.9211,6253082,300.1,764,0.1251
software,host,0,fp128,16,cmpeq,1024,132.2403,7561990,363.0,924,0.1251
software,host,0,fp128,16,select,1024,86.9699,11498226,735.9,1396,0.1243
software,host,0,fp128,16,iand,1024,82.3530,12142851,582.9,1484,0.1251
software,host,0,fp128,16,ior,1024,83.6023,11961392,574.1,1464,0.1253
software,host,0,fp128,16,ixor,1024,83.4767,11979395,575.0,1394,0.1192
software,host,0,fp128,16,iadd,1024,89.5235,11170257,536.2,1369,0.1255
software,host,0,fp128,16,isub,1024,98.9464,10106477,485.1,1236,0.1252
software,host,0,fp128,16,ishl,1024,112.6088,8880303,426.3,1084,0.1250
software,host,0,fp128,16,ishr,1024,88.7390,11269009,540.9,1376,0.1250
software,host,0,fp128,16,icmplt,1024,99.3353,10066912,483.2,1228,0.1249
software,host,0,fp128,16,add,1024,452.2660,2211088,106.1,272,0.1260
software,host,0,fp128,16,sub,1024,463.5405,2157309,103.6,264,0.1253
software,host,0,fp128,16,mul,1024,319.8033,3126922,150.1,383,0.1254
software,host,0,fp128,16,fma,1024,389.8209,2565281,164.2,314,0.1253
device,host,1,fp128,16,abs,1024,117.1495,8536101,273.2,1085,0.1302
device,host,1,fp128,16,neg,1024,119.4444,8372098,267.9,1021,0.1249
device,host,1,fp128,16,copysign,1024,126.6645,7894870,379.0,1015,0.1317
device,host,1,fp128,16,min,1024,135.3731,7386990,354.6,866,0.1200
device,host,1,fp128,16,max,1024,134.5805,7430498,356.7,906,0.1249
device,host,1,fp128,16,minnum,1024,134.6567,7426294,356.5,908,0.1252
device,host,1,fp128,16,maxnum,1024,134.6477,7426788,356.5,906,0.1249
device,host,1,fp128,16,cmplt,1024,134.7315,7422169,356.3,908,0.1253
device,host,1,fp128,16,cmple,1024,135.3000,7390980,354.8,907,0.1257
device,host,1,fp128,16,cmpeq,1024,137.1042,7293723,350.1,888,0.1247
device,host,1,fp128,16,select,1024,137.1262,7292551,466.7,891,0.1251
device,host,1,fp128,16,iand,1024,137.3152,7282517,349.6,892,0.1254
device,host,1,fp128,16,ior,1024,137.2259,7287256,349.8,891,0.1252
device,host,1,fp128,16,ixor,1024,137.3099,7282794,349.6,889,0.1250
device,host,1,fp128,16,iadd,1024,137.2414,7286429,349.7,887,0.1247
device,host,1,fp128,16,isub,1024,137.7650,7258738,348.4,889,0.1254
device,host,1,fp128,16,ishl,1024,137.5900,7267969,348.9,887,0.1250
device,host,1,fp128,16,ishr,1024,137.6873,7262834,348.6,887,0.1251
device,host,1,fp128,16,icmplt,1024,137.5691,7269072,348.9,887,0.1250
device,host,1,fp128,16,add,1024,135.6183,7373636,353.9,893,0.1240
device,host,1,fp128,16,sub,1024,139.0160,7193419,345.3,871,0.1240
device,host,1,fp128,16,mul,1024,137.6169,7266547,348.8,888,0.1251
device,host,1,fp128,16,fma,1024,137.5564,7269746,465.3,885,0.1247
device,resident,1,fp128,16,abs,1024,33.9737,29434534,941.9,3417,0.1189
device,resident,1,fp128,16,neg,1024,33.2302,30093142,963.0,3618,0.1231
device,resident,1,fp128,16,copysign,1024,31.7223,31523573,1513.1,3774,0.1226
device,resident,1,fp128,16,min,1024,30.9476,32312677,1551.0,3904,0.1237
device,resident,1,fp128,16,max,1024,30.4194,32873789,1577.9,3973,0.1238
device,resident,1,fp128,16,minnum,1024,29.9515,33387342,1602.6,4063,0.1246
device,resident,1,fp128,16,maxnum,1024,30.0817,33242756,1595.7,4062,0.1251
device,resident,1,fp128,16,cmplt,1024,39.0178,25629361,1230.2,4034,0.1612
device,resident,1,fp128,16,cmple,1024,45.1802,22133607,1062.4,2697,0.1248
device,resident,1,fp128,16,cmpeq,1024,45.1769,22135217,1062.5,2709,0.1253
device,resident,1,fp128,16,select,1024,47.2906,21145857,1353.3,2651,0.1284
device,resident,1,fp128,16,iand,1024,51.7109,19338292,928.2,2438,0.1291
device,resident,1,fp128,16,ior,1024,51.6753,19351620,928.9,2363,0.1250
device,resident,1,fp128,16,ixor,1024,51.1890,19535464,937.7,2342,0.1228
device,resident,1,fp128,16,iadd,1024,51.3222,19484752,935.3,2479,0.1303
device,resident,1,fp128,16,isub,1024,52.5363,19034443,913.7,2328,0.1252
device,resident,1,fp128,16,ishl,1024,52.6064,19009098,912.4,2310,0.1244
device,resident,1,fp128,16,ishr,1024,52.4551,19063934,915.1,2332,0.1253
device,resident,1,fp128,16,icmplt,1024,52.4662,19059907,914.9,2310,0.1241
device,resident,1,fp128,16,add,1024,52.5589,19026255,913.3,2317,0.1247
device,resident,1,fp128,16,sub,1024,52.5223,19039540,913.9,2322,0.1249
device,resident,1,fp128,16,mul,1024,52.5860,19016485,912.8,2331,0.1255
device,resident,1,fp128,16,fma,1024,52.6564,18991048,1215.4,2312,0.1247
device,host,4,fp128,16,abs,1024,308.2773,3243833,103.8,505,0.1594
device,host,4,fp128,16,neg,1024,365.6560,2734811,87.5,392,0.1468
device,host,4,fp128,16,copysign,1024,396.5617,2521676,121.0,326,0.1324
device,host,4,fp128,16,min,1024,400.3784,2497637,119.9,309,0.1267
device,host,4,fp128,16,max,1024,394.5251,2534693,121.7,310,0.1252
device,host,4,fp128,16,minnum,1024,400.3467,2497835,119.9,307,0.1259
device,host,4,fp128,16,maxnum,1024,399.1319,2505438,120.3,308,0.1259
device,host,4,fp128,16,cmplt,1024,399.7081,2501826,120.1,307,0.1257
device,host,4,fp128,16,cmple,1024,400.6302,2496067,119.8,302,0.1239
device,host,4,fp128,16,cmpeq,1024,396.4936,2522109,121.1,305,0.1238
device,host,4,fp128,16,select,1024,394.8551,2532574,162.1,310,0.1253
device,host,4,fp128,16,iand,1024,394.3544,2535790,121.7,310,0.1252
device,host,4,fp128,16,ior,1024,396.3087,2523285,121.1,313,0.1270
device,host,4,fp128,16,ixor,1024,395.2140,2530275,121.5,308,0.1246
device,host,4,fp128,16,iadd,1024,396.8211,2520027,121.0,309,0.1256
device,host,4,fp128,16,isub,1024,399.4176,2503645,120.2,311,0.1272
device,host,4,fp128,16,ishl,1024,400.9182,2494275,119.7,306,0.1256
device,host,4,fp128,16,ishr,1024,397.1515,2517931,120.9,306,0.1244
device,host,4,fp128,16,icmplt,1024,399.5511,2502809,120.1,306,0.1252
device,host,4,fp128,16,add,1024,400.4668,2497086,119.9,305,0.1251
device,host,4,fp128,16,sub,1024,400.1083,2499323,120.0,306,0.1254
device,host,4,fp128,16,mul,1024,400.8901,2494449,119.7,305,0.1252
device,host,4,fp128,16,fma,1024,398.0589,2512191,160.8,308,0.1255
device,resident,4,fp128,16,abs,1024,68.2074,14661161,469.2,1854,0.1295
device,resident,4,fp128,16,neg,1024,71.4663,13992603,447.8,1704,0.1247
device,resident,4,fp128,16,copysign,1024,70.7674,14130802,678.3,1699,0.1231
device,resident,4,fp128,16,min,1024,64.9939,15386057,738.5,1879,0.1251
device,resident,4,fp128,16,max,1024,63.8537,15660787,751.7,1887,0.1234
device,resident,4,fp128,16,minnum,1024,62.8339,15914967,763.9,1947,0.1253
device,resident,4,fp128,16,maxnum,1024,63.3308,15790096,757.9,1948,0.1263
device,resident,4,fp128,16,cmplt,1024,63.7414,15688379,753.0,1899,0.1240
device,resident,4,fp128,16,cmple,1024,63.5409,15737893,755.4,1915,0.1246
device,resident,4,fp128,16,cmpeq,1024,63.6003,15723204,754.7,1917,0.1248
device,resident,4,fp128,16,select,1024,63.9982,15625444,1000.0,1922,0.1260
device,resident,4,fp128,16,iand,1024,64.4448,15517165,744.8,1885,0.1244
device,resident,4,fp128,16,ior,1024,64.5027,15503238,744.2,1873,0.1237
device,resident,4,fp128,16,ixor,1024,64.4931,15505538,744.3,1911,0.1262
device,resident,4,fp128,16,iadd,1024,64.5420,15493782,743.7,1872,0.1237
device,resident,4,fp128,16,isub,1024,63.5403,15738053,755.4,1938,0.1261
device,resident,4,fp128,16,ishl,1024,63.6254,15716995,754.4,1898,0.1237
device,resident,4,fp128,16,ishr,1024,63.6227,15717652,754.4,1906,0.1242
device,resident,4,fp128,16,icmplt,1024,64.0178,15620664,749.8,1915,0.1255
device,resident,4,fp128,16,add,1024,63.8330,15665883,752.0,1927,0.1260
device,resident,4,fp128,16,sub,1024,63.6893,15701229,753.7,1920,0.1252
device,resident,4,fp128,16,mul,1024,63.8011,15673699,752.3,1900,0.1241
device,resident,4,fp128,16,fma,1024,64.1841,15580193,997.1,1923,0.1264
software,host,0,fp128,16,abs,2048,92.6813,10789666,345.3,551,0.1046
software,host,0,fp128,16,neg,2048,96.9659,10312909,330.0,629,0.1249
software,host,0,fp128,16,copysign,2048,97.9078,10213695,490.3,595,0.1193
software,host,0,fp128,16,min,2048,139.8207,7152018,343.3,439,0.1257
software,host,0,fp128,16,max,2048,139.8665,7149674,343.2,440,0.1260
software,host,0,fp128,16,minnum,2048,138.6451,7212660,346.2,443,0.1258
software,host,0,fp128,16,maxnum,2048,139.9052,7147697,343.1,439,0.1258
software,host,0,fp128,16,cmplt,2048,175.0885,5711398,274.1,354,0.1269
software,host,0,fp128,16,cmple,2048,176.3410,5670830,272.2,338,0.1221
software,host,0,fp128,16,cmpeq,2048,161.7435,6182630,296.8,364,0.1206
software,host,0,fp128,16,select,2048,101.3000,9871665,631.8,617,0.1280
software,host,0,fp128,16,iand,2048,85.3165,11721067,562.6,719,0.1256
software,host,0,fp128,16,ior,2048,86.9641,11498996,552.0,715,0.1273
software,host,0,fp128,16,ixor,2048,85.1898,11738499,563.4,711,0.1240
software,host,0,fp128,16,iadd,2048,91.1430,10971771,526.6,667,0.1245
software,host,0,fp128,16,isub,2048,102.0429,9799804,470.4,602,0.1258
software,host,0,fp128,16,ishl,2048,116.4838,8584887,412.1,530,0.1264
software,host,0,fp128,16,ishr,2048,93.3366,10713916,514.3,667,0.1275
software,host,0,fp128,16,icmplt,2048,105.0619,9518196,456.9,593,0.1276
software,host,0,fp128,16,add,2048,465.1857,2149679,103.2,126,0.1200
software,host,0,fp128,16,sub,2048,475.3637,2103652,101.0,130,0.1266
software,host,0,fp128,16,mul,2048,339.5355,2945200,141.4,187,0.1300
software,host,0,fp128,16,fma,2048,434.0001,2304147,147.5,144,0.1280
device,host,1,fp128,16,abs,2048,66.5082,15035744,481.1,935,0.1274
device,host,1,fp128,16,neg,2048,65.4856,15270534,488.7,925,0.1241
device,host,1,fp128,16,copysign,2048,65.9230,15169206,728.1,931,0.1257
device,host,1,fp128,16,min,2048,66.1204,15123917,725.9,912,0.1235
device,host,1,fp128,16,max,2048,65.4781,15272274,733.1,933,0.1251
device,host,1,fp128,16,minnum,2048,65.3056,15312631,735.0,936,0.1252
device,host,1,fp128,16,maxnum,2048,65.3617,15299481,734.4,931,0.1246
device,host,1,fp128,16,cmplt,2048,67.0850,14906466,715.5,936,0.1286
device,host,1,fp128,16,cmple,2048,71.3209,14021132,673.0,847,0.1237
device,host,1,fp128,16,cmpeq,2048,71.6920,13948559,669.5,850,0.1248
device,host,1,fp128,16,select,2048,71.6434,13958017,893.3,851,0.1249
device,host,1,fp128,16,iand,2048,71.1387,14057043,674.7,849,0.1237
device,host,1,fp128,16,ior,2048,70.9923,14086025,676.1,862,0.1253
device,host,1,fp128,16,ixor,2048,71.2312,14038797,673.9,861,0.1256
device,host,1,fp128,16,iadd,2048,71.3201,14021297,673.0,855,0.1249
device,host,1,fp128,16,isub,2048,70.8621,14111909,677.4,865,0.1255
device,host,1,fp128,16,ishl,2048,71.1822,14048455,674.3,864,0.1260
device,host,1,fp128,16,ishr,2048,71.4139,14002881,672.1,859,0.1256
device,host,1,fp128,16,icmplt,2048,71.5066,13984733,671.3,855,0.1252
device,host,1,fp128,16,add,2048,71.2791,14029362,673.4,857,0.1251
device,host,1,fp128,16,sub,2048,71.5720,13971944,670.7,855,0.1253
device,host,1,fp128,16,mul,2048,71.2373,14037580,673.8,860,0.1255
device,host,1,fp128,16,fma,2048,71.4166,14002346,896.2,854,0.1249
device,resident,1,fp128,16,abs,2048,19.6037,51010693,1632.3,3033,0.1218
device,resident,1,fp128,16,neg,2048,19.0411,52518080,1680.6,3128,0.1220
device,resident,1,fp128,16,copysign,2048,18.4893,54085457,2596.1,3267,0.1237
device,resident,1,fp128,16,min,2048,18.0573,55379193,2658.2,3362,0.1243
device,resident,1,fp128,16,max,2048,18.5882,53797622,2582.3,3382,0.1287
device,resident,1,fp128,16,minnum,2048,22.1335,45180359,2168.7,2746,0.1245
device,resident,1,fp128,16,maxnum,2048,22.1019,45245070,2171.8,2750,0.1245
device,resident,1,fp128,16,cmplt,2048,22.0248,45403347,2179.4,2775,0.1252
device,resident,1,fp128,16,cmple,2048,21.9563,45545055,2186.2,2774,0.1247
device,resident,1,fp128,16,cmpeq,2048,21.6894,46105529,2213.1,2782,0.1236
device,resident,1,fp128,16,select,2048,21.6933,46097140,2950.2,2815,0.1251
device,resident,1,fp128,16,iand,2048,21.6734,46139571,2214.7,2795,0.1241
device,resident,1,fp128,16,ior,2048,21.6768,46132288,2214.3,2828,0.1255
device,resident,1,fp128,16,ixor,2048,21.8227,45823831,2199.5,2785,0.1245
device,resident,1,fp128,16,iadd,2048,21.7607,45954465,2205.8,2791,0.1244
device,resident,1,fp128,16,isub,2048,21.7205,46039553,2209.9,2797,0.1244
device,resident,1,fp128,16,ishl,2048,21.7174,46046064,2210.2,2812,0.1251
device,resident,1,fp128,16,ishr,2048,21.7966,45878738,2202.2,2809,0.1254
device,resident,1,fp128,16,icmplt,2048,21.7496,45977812,2206.9,2818,0.1255
device,resident,1,fp128,16,add,2048,21.7143,46052529,2210.5,2794,0.1243
device,resident,1,fp128,16,sub,2048,21.7606,45954698,2205.8,2801,0.1248
device,resident,1,fp128,16,mul,2048,22.6946,44063362,2115.0,2814,0.1308
device,resident,1,fp128,16,fma,2048,22.0196,45414062,2906.5,2803,0.1264
device,host,4,fp128,16,abs,2048,123.5796,8091948,258.9,495,0.1253
device,host,4,fp128,16,neg,2048,124.4043,8038310,257.2,502,0.1279
device,host,4,fp128,16,copysign,2048,123.0070,8129621,390.2,500,0.1260
device,host,4,fp128,16,min,2048,123.4163,8102656,388.9,500,0.1264
device,host,4,fp128,16,max,2048,123.3926,8104214,389.0,490,0.1238
device,host,4,fp128,16,minnum,2048,123.2470,8113789,389.5,500,0.1262
device,host,4,fp128,16,maxnum,2048,122.4156,8168893,392.1,495,0.1241
device,host,4,fp128,16,cmplt,2048,124.0625,8060456,386.9,496,0.1260
device,host,4,fp128,16,cmple,2048,145.7657,6860325,329.3,474,0.1415
device,host,4,fp128,16,cmpeq,2048,182.3356,5484392,263.3,366,0.1367
device,host,4,fp128,16,select,2048,197.6114,5060436,323.9,304,0.1230
device,host,4,fp128,16,iand,2048,199.0405,5024103,241.2,306,0.1247
device,host,4,fp128,16,ior,2048,197.4532,5064492,243.1,310,0.1254
device,host,4,fp128,16,ixor,2048,195.3517,5118973,245.7,313,0.1252
device,host,4,fp128,16,iadd,2048,196.6157,5086064,244.1,314,0.1264
device,host,4,fp128,16,isub,2048,125.2555,7983680,383.2,392,0.1006
device,host,4,fp128,16,ishl,2048,124.4538,8035111,385.7,490,0.1249
device,host,4,fp128,16,ishr,2048,125.2227,7985770,383.3,491,0.1259
device,host,4,fp128,16,icmplt,2048,124.7365,8016901,384.8,488,0.1247
device,host,4,fp128,16,add,2048,124.3422,8042320,386.0,491,0.1250
device,host,4,fp128,16,sub,2048,124.3643,8040892,386.0,491,0.1251
device,host,4,fp128,16,mul,2048,137.3845,7278842,349.4,491,0.1381
device,host,4,fp128,16,fma,2048,150.9703,6623820,423.9,438,0.1354
device,resident,4,fp128,16,abs,2048,32.8171,30471950,975.1,1850,0.1243
device,resident,4,fp128,16,neg,2048,32.7732,30512766,976.4,1845,0.1238
device,resident,4,fp128,16,copysign,2048,32.3930,30870870,1481.8,1860,0.1234
device,resident,4,fp128,16,min,2048,32.0331,31217698,1498.4,1898,0.1245
device,resident,4,fp128,16,max,2048,32.0211,31229390,1499.0,1904,0.1249
device,resident,4,fp128,16,minnum,2048,32.0532,31198174,1497.5,1908,0.1253
device,resident,4,fp128,16,maxnum,2048,32.0156,31234772,1499.3,1916,0.1256
device,resident,4,fp128,16,cmplt,2048,31.8426,31404505,1507.4,1931,0.1259
device,resident,4,fp128,16,cmple,2048,31.7137,31532125,1513.5,1912,0.1242
device,resident,4,fp128,16,cmpeq,2048,31.6087,31636810,1518.6,1925,0.1246
device,resident,4,fp128,16,select,2048,31.6969,31548814,2019.1,1928,0.1252
device,resident,4,fp128,16,iand,2048,31.7986,31447941,1509.5,1930,0.1257
device,resident,4,fp128,16,ior,2048,31.7720,31474268,1510.8,1923,0.1251
device,resident,4,fp128,16,ixor,2048,31.6923,31553365,1514.6,1920,0.1246
device,resident,4,fp128,16,iadd,2048,31.6559,31589715,1516.3,1930,0.1251
device,resident,4,fp128,16,isub,2048,31.7594,31486706,1511.4,1917,0.1247
device,resident,4,fp128,16,ishl,2048,31.7697,31476491,1510.9,1919,0.1249
device,resident,4,fp128,16,ishr,2048,31.7611,31485044,1511.3,1923,0.1251
device,resident,4,fp128,16,icmplt,2048,31.7760,31470256,1510.6,1894,0.1233
device,resident,4,fp128,16,add,2048,31.5787,31666962,1520.0,1927,0.1246
device,resident,4,fp128,16,sub,2048,31.6666,31578998,1515.8,1914,0.1241
device,resident,4,fp128,16,mul,2048,31.8004,31446121,1509.4,1904,0.1240
device,resident,4,fp128,16,fma,2048,32.8150,30473856,1950.3,1886,0.1267
software,host,0,fp128,16,abs,4096,93.0555,10746272,343.9,362,0.1380
software,host,0,fp128,16,neg,4096,97.9911,10205005,326.6,285,0.1144
software,host,0,fp128,16,copysign,4096,91.3571,10946061,525.4,283,0.1059
software,host,0,fp128,16,min,4096,130.5219,7661548,367.8,238,0.1272
software,host,0,fp128,16,max,4096,134.0509,7459850,358.1,225,0.1235
software,host,0,fp128,16,minnum,4096,128.5861,7776888,373.3,238,0.1254
software,host,0,fp128,16,maxnum,4096,128.4941,7782460,373.6,238,0.1253
software,host,0,fp128,16,cmplt,4096,159.4842,6270214,301.0,193,0.1261
software,host,0,fp128,16,cmple,4096,161.0465,6209388,298.1,191,0.1260
software,host,0,fp128,16,cmpeq,4096,132.1843,7565196,363.1,232,0.1256
software,host,0,fp128,16,select,4096,87.1027,11480701,734.8,345,0.1231
software,host,0,fp128,16,iand,4096,82.3754,12139541,582.7,372,0.1255
software,host,0,fp128,16,ior,4096,83.7631,11938425,573.0,365,0.1252
software,host,0,fp128,16,ixor,4096,83.2462,12012557,576.6,368,0.1255
software,host,0,fp128,16,iadd,4096,89.5463,11167408,536.0,341,0.1251
software,host,0,fp128,16,isub,4096,99.1199,10088792,484.3,309,0.1255
software,host,0,fp128,16,ishl,4096,113.0113,8848672,424.7,271,0.1254
software,host,0,fp128,16,ishr,4096,88.4746,11302685,542.5,343,0.1243
software,host,0,fp128,16,icmplt,4096,100.2270,9977354,478.9,305,0.1252
software,host,0,fp128,16,add,4096,450.2828,2220827,106.6,64,0.1180
software,host,0,fp128,16,sub,4096,462.2398,2163379,103.8,64,0.1212
software,host,0,fp128,16,mul,4096,319.9585,3125405,150.0,95,0.1245
software,host,0,fp128,16,fma,4096,397.4283,2516177,161.0,64,0.1042
device,host,1,fp128,16,abs,4096,44.0830,22684485,725.9,721,0.1302
device,host,1,fp128,16,neg,4096,48.8526,20469735,655.0,616,0.1233
device,host,1,fp128,16,copysign,4096,48.0576,20808379,998.8,626,0.1232
device,host,1,fp128,16,min,4096,48.0354,20817979,999.3,678,0.1334
device,host,1,fp128,16,max,4096,48.8289,20479679,983.0,626,0.1252
device,host,1,fp128,16,minnum,4096,48.8176,20484396,983.3,626,0.1252
device,host,1,fp128,16,maxnum,4096,51.0200,19600143,940.8,610,0.1275
device,host,1,fp128,16,cmplt,4096,51.0971,19570588,939.4,597,0.1249
device,host,1,fp128,16,cmple,4096,51.0830,19575998,939.6,597,0.1249
device,host,1,fp128,16,cmpeq,4096,51.1090,19566019,939.2,599,0.1254
device,host,1,fp128,16,select,4096,51.1401,19554127,1251.5,598,0.1253
device,host,1,fp128,16,iand,4096,51.0891,19573637,939.5,597,0.1249
device,host,1,fp128,16,ior,4096,51.0389,19592886,940.5,600,0.1254
device,host,1,fp128,16,ixor,4096,53.1321,18821028,903.4,597,0.1299
device,host,1,fp128,16,iadd,4096,52.2532,19137600,918.6,564,0.1207
device,host,1,fp128,16,isub,4096,51.6511,19360660,929.3,591,0.1250
device,host,1,fp128,16,ishl,4096,51.7493,19323928,927.5,590,0.1251
device,host,1,fp128,16,ishr,4096,52.9276,18893716,906.9,591,0.1281
device,host,1,fp128,16,icmplt,4096,52.2565,19136375,918.5,585,0.1252
device,host,1,fp128,16,add,4096,52.2515,19138197,918.6,584,0.1250
device,host,1,fp128,16,sub,4096,56.2798,17768372,852.9,584,0.1346
device,host,1,fp128,16,mul,4096,51.3783,19463452,934.2,582,0.1225
device,host,1,fp128,16,fma,4096,46.3683,21566478,1380.3,634,0.1204
device,resident,1,fp128,16,abs,4096,11.7674,84980762,2719.4,2503,0.1206
device,resident,1,fp128,16,neg,4096,11.3451,88143405,2820.6,2630,0.1222
device,resident,1,fp128,16,copysign,4096,11.0405,90575659,4347.6,2716,0.1228
device,resident,1,fp128,16,min,4096,10.9782,91089717,4372.3,2763,0.1242
device,resident,1,fp128,16,max,4096,10.9709,91150636,4375.2,2765,0.1242
device,resident,1,fp128,16,minnum,4096,10.9842,91040153,4369.9,2768,0.1245
device,resident,1,fp128,16,maxnum,4096,11.0146,90788876,4357.9,2748,0.1240
device,resident,1,fp128,16,cmplt,4096,10.9588,91251185,4380.1,2776,0.1246
device,resident,1,fp128,16,cmple,4096,10.8878,91846032,4408.6,2779,0.1239
device,resident,1,fp128,16,cmpeq,4096,10.9510,91315837,4383.2,2790,0.1251
device,resident,1,fp128,16,select,4096,11.0004,90906104,5818.0,2791,0.1258
device,resident,1,fp128,16,iand,4096,10.9010,91734782,4403.3,2790,0.1246
device,resident,1,fp128,16,ior,4096,10.9038,91711498,4402.2,2770,0.1237
device,resident,1,fp128,16,ixor,4096,10.9313,91480522,4391.1,2811,0.1259
device,resident,1,fp128,16,iadd,4096,10.9424,91387659,4386.6,2772,0.1242
device,resident,1,fp128,16,isub,4096,10.9275,91512092,4392.6,2793,0.1250
device,resident,1,fp128,16,ishl,4096,10.8957,91779203,4405.4,2788,0.1244
device,resident,1,fp128,16,ishr,4096,10.9421,91390505,4386.7,2793,0.1252
device,resident,1,fp128,16,icmplt,4096,10.9741,91123436,4373.9,2738,0.1231
device,resident,1,fp128,16,add,4096,10.9075,91680388,4400.7,2768,0.1237
device,resident,1,fp128,16,sub,4096,10.9897,90993909,4367.7,2779,0.1251
device,resident,1,fp128,16,mul,4096,10.9900,90992037,4367.6,2776,0.1250
device,resident,1,fp128,16,fma,4096,10.9509,91316985,5844.3,2786,0.1250
device,host,4,fp128,16,abs,4096,68.4516,14608859,467.5,441,0.1236
device,host,4,fp128,16,neg,4096,68.8394,14526560,464.8,445,0.1255
device,host,4,fp128,16,copysign,4096,68.4586,14607362,701.2,451,0.1265
device,host,4,fp128,16,min,4096,68.0177,14702055,705.7,428,0.1192
device,host,4,fp128,16,max,4096,67.7972,14749869,708.0,456,0.1266
device,host,4,fp128,16,minnum,4096,69.8547,14315420,687.1,453,0.1296
device,host,4,fp128,16,maxnum,4096,85.5604,11687652,561.0,425,0.1489
device,host,4,fp128,16,cmplt,4096,105.4819,9480302,455.1,299,0.1292
device,host,4,fp128,16,cmple,4096,113.5751,8804745,422.6,289,0.1344
device,host,4,fp128,16,cmpeq,4096,118.2689,8455305,405.9,259,0.1255
device,host,4,fp128,16,select,4096,118.6087,8431084,539.6,260,0.1263
device,host,4,fp128,16,iand,4096,117.6688,8498429,407.9,259,0.1248
device,host,4,fp128,16,ior,4096,117.4258,8516018,408.8,261,0.1255
device,host,4,fp128,16,ixor,4096,117.8391,8486145,407.3,261,0.1260
device,host,4,fp128,16,iadd,4096,117.3972,8518089,408.9,260,0.1250
device,host,4,fp128,16,isub,4096,117.2776,8526780,409.3,259,0.1244
device,host,4,fp128,16,ishl,4096,117.3860,8518902,408.9,261,0.1255
device,host,4,fp128,16,ishr,4096,117.2885,8525986,409.2,259,0.1244
device,host,4,fp128,16,icmplt,4096,116.6885,8569826,411.4,260,0.1243
device,host,4,fp128,16,add,4096,117.2973,8525346,409.2,260,0.1249
device,host,4,fp128,16,sub,4096,118.4784,8440357,405.1,258,0.1252
device,host,4,fp128,16,mul,4096,114.0355,8769197,420.9,268,0.1252
device,host,4,fp128,16,fma,4096,118.8967,8410666,538.3,270,0.1315
device,resident,4,fp128,16,abs,4096,16.8098,59489118,1903.7,1832,0.1261
device,resident,4,fp128,16,neg,4096,17.1651,58257587,1864.2,1760,0.1237
device,resident,4,fp128,16,copysign,4096,16.9777,58900951,2827.2,1785,0.1241
device,resident,4,fp128,16,min,4096,16.9379,59039129,2833.9,1801,0.1249
device,resident,4,fp128,16,max,4096,16.9477,59005063,2832.2,1803,0.1252
device,resident,4,fp128,16,minnum,4096,16.9062,59149863,2839.2,1807,0.1251
device,resident,4,fp128,16,maxnum,4096,16.8840,59227517,2842.9,1805,0.1248
device,resident,4,fp128,16,cmplt,4096,16.8451,59364447,2849.5,1810,0.1249
device,resident,4,fp128,16,cmple,4096,16.8081,59495111,2855.8,1817,0.1251
device,resident,4,fp128,16,cmpeq,4096,16.7362,59750824,2868.0,1821,0.1248
device,resident,4,fp128,16,select,4096,16.6628,60014088,3840.9,1833,0.1251
device,resident,4,fp128,16,iand,4096,16.5799,60314059,2895.1,1828,0.1241
device,resident,4,fp128,16,ior,4096,16.5133,60557308,2906.8,1850,0.1251
device,resident,4,fp128,16,ixor,4096,16.5714,60344778,2896.5,1811,0.1229
device,resident,4,fp128,16,iadd,4096,16.4998,60606621,2909.1,1841,0.1244
device,resident,4,fp128,16,isub,4096,16.5267,60507990,2904.4,1838,0.1244
device,resident,4,fp128,16,ishl,4096,16.5060,60584052,2908.0,1848,0.1249
device,resident,4,fp128,16,ishr,4096,16.5188,60537206,2905.8,1814,0.1227
device,resident,4,fp128,16,icmplt,4096,16.4821,60671916,2912.3,1848,0.1248
device,resident,4,fp128,16,add,4096,16.5237,60519066,2904.9,1843,0.1247
device,resident,4,fp128,16,sub,4096,16.6042,60225568,2890.8,1845,0.1255
device,resident,4,fp128,16,mul,4096,16.5071,60579885,2907.8,1824,0.1233
device,resident,4,fp128,16,fma,4096,16.5241,60517708,3873.1,1844,0.1248
software,host,0,fp128,16,abs,8192,83.6491,11954698,382.6,161,0.1103
software,host,0,fp128,16,neg,8192,89.5610,11165574,357.3,170,0.1247
software,host,0,fp128,16,copysign,8192,89.9187,11121155,533.8,170,0.1252
software,host,0,fp128,16,min,8192,134.3060,7445686,357.4,114,0.1254
software,host,0,fp128,16,max,8192,133.7627,7475927,358.8,115,0.1260
software,host,0,fp128,16,minnum,8192,134.7839,7419282,356.1,114,0.1259
software,host,0,fp128,16,maxnum,8192,133.8380,7471720,358.6,114,0.1250
software,host,0,fp128,16,cmplt,8192,158.7942,6297459,302.3,97,0.1262
software,host,0,fp128,16,cmple,8192,160.1341,6244767,299.7,96,0.1259
software,host,0,fp128,16,cmpeq,8192,131.8725,7583083,364.0,116,0.1253
software,host,0,fp128,16,select,8192,87.1750,11471181,734.2,176,0.1257
software,host,0,fp128,16,iand,8192,82.4488,12128743,582.2,186,0.1256
software,host,0,fp128,16,ior,8192,83.6152,11959548,574.1,182,0.1247
software,host,0,fp128,16,ixor,8192,83.0800,12036594,577.8,184,0.1252
software,host,0,fp128,16,iadd,8192,89.6579,11153502,535.4,170,0.1249
software,host,0,fp128,16,isub,8192,99.0712,10093750,484.5,154,0.1250
software,host,0,fp128,16,ishl,8192,112.3698,8899189,427.2,137,0.1261
software,host,0,fp128,16,ishr,8192,88.7146,11272105,541.1,172,0.1250
software,host,0,fp128,16,icmplt,8192,100.3912,9961032,478.1,153,0.1258
software,host,0,fp128,16,add,8192,448.9906,2227218,106.9,34,0.1251
software,host,0,fp128,16,sub,8192,465.2324,2149463,103.2,34,0.1296
software,host,0,fp128,16,mul,8192,319.3516,3131345,150.3,48,0.1256
software,host,0,fp128,16,fma,8192,390.4626,2561065,163.9,40,0.1279
device,host,1,fp128,16,abs,8192,32.3475,30914273,989.3,497,0.1317
device,host,1,fp128,16,neg,8192,42.5013,23528703,752.9,463,0.1612
device,host,1,fp128,16,copysign,8192,47.8428,20901771,1003.3,325,0.1274
device,host,1,fp128,16,min,8192,47.6676,20978616,1007.0,315,0.1230
device,host,1,fp128,16,max,8192,48.3530,20681232,992.7,326,0.1291
device,host,1,fp128,16,minnum,8192,47.7387,20947387,1005.5,325,0.1271
device,host,1,fp128,16,maxnum,8192,47.4532,21073383,1011.5,321,0.1248
device,host,1,fp128,16,cmplt,8192,38.5955,25909785,1243.7,327,0.1034
device,host,1,fp128,16,cmple,8192,36.6402,27292443,1310.0,412,0.1237
device,host,1,fp128,16,cmpeq,8192,37.2795,26824400,1287.6,432,0.1319
device,host,1,fp128,16,select,8192,37.3711,26758674,1712.6,408,0.1249
device,host,1,fp128,16,iand,8192,37.2293,26860568,1289.3,409,0.1247
device,host,1,fp128,16,ior,8192,37.0644,26980086,1295.0,410,0.1245
device,host,1,fp128,16,ixor,8192,36.8883,27108877,1301.2,414,0.1251
device,host,1,fp128,16,iadd,8192,36.8919,27106236,1301.1,414,0.1251
device,host,1,fp128,16,isub,8192,36.8929,27105498,1301.1,414,0.1251
device,host,1,fp128,16,ishl,8192,36.9254,27081647,1299.9,414,0.1252
device,host,1,fp128,16,ishr,8192,36.9183,27086854,1300.2,414,0.1252
device,host,1,fp128,16,icmplt,8192,36.9389,27071719,1299.4,413,0.1250
device,host,1,fp128,16,add,8192,36.9184,27086798,1300.2,414,0.1252
device,host,1,fp128,16,sub,8192,36.9444,27067699,1299.2,414,0.1253
device,host,1,fp128,16,mul,8192,36.9722,27047371,1298.3,414,0.1254
device,host,1,fp128,16,fma,8192,36.9459,27066575,1732.3,413,0.1250
device,resident,1,fp128,16,abs,8192,8.6368,115783905,3705.1,1752,0.1240
device,resident,1,fp128,16,neg,8192,8.5377,117128223,3748.1,1787,0.1250
device,resident,1,fp128,16,copysign,8192,8.3776,119366163,5729.6,1762,0.1209
device,resident,1,fp128,16,min,8192,8.3495,119768172,5748.9,1808,0.1237
device,resident,1,fp128,16,max,8192,8.3140,120279432,5773.4,1826,0.1244
device,resident,1,fp128,16,minnum,8192,8.3173,120231046,5771.1,1834,0.1250
device,resident,1,fp128,16,maxnum,8192,8.3387,119922407,5756.3,1832,0.1251
device,resident,1,fp128,16,cmplt,8192,8.3406,119895257,5755.0,1821,0.1244
device,resident,1,fp128,16,cmple,8192,8.3340,119990777,5759.6,1820,0.1243
device,resident,1,fp128,16,cmpeq,8192,8.3109,120324191,5775.6,1839,0.1252
device,resident,1,fp128,16,select,8192,8.3066,120386763,7704.8,1831,0.1246
device,resident,1,fp128,16,iand,8192,9.6895,103204751,4953.8,1617,0.1284
device,resident,1,fp128,16,ior,8192,9.6049,104113970,4997.5,1579,0.1242
device,resident,1,fp128,16,ixor,8192,9.6021,104143662,4998.9,1588,0.1249
device,resident,1,fp128,16,iadd,8192,9.6062,104099478,4996.8,1580,0.1243
device,resident,1,fp128,16,isub,8192,9.6202,103947917,4989.5,1588,0.1251
device,resident,1,fp128,16,ishl,8192,9.6227,103921004,4988.2,1586,0.1250
device,resident,1,fp128,16,ishr,8192,9.6147,104007621,4992.4,1583,0.1247
device,resident,1,fp128,16,icmplt,8192,9.6118,104039208,4993.9,1587,0.1250
device,resident,1,fp128,16,add,8192,9.6177,103975419,4990.8,1587,0.1250
device,resident,1,fp128,16,sub,8192,9.6150,104004018,4992.2,1587,0.1250
device,resident,1,fp128,16,mul,8192,9.6222,103926131,4988.5,1584,0.1249
device,resident,1,fp128,16,fma,8192,9.6096,104062676,6660.0,1586,0.1249
device,host,4,fp128,16,abs,8192,60.5449,16516672,528.5,247,0.1225
device,host,4,fp128,16,neg,8192,65.6827,15224709,487.2,249,0.1340
device,host,4,fp128,16,copysign,8192,72.2117,13848171,664.7,211,0.1248
device,host,4,fp128,16,min,8192,72.3035,13830593,663.9,212,0.1256
device,host,4,fp128,16,max,8192,72.1106,13867581,665.6,212,0.1252
device,host,4,fp128,16,minnum,8192,72.1244,13864941,665.5,214,0.1264
device,host,4,fp128,16,maxnum,8192,71.8292,13921918,668.3,212,0.1247
device,host,4,fp128,16,cmplt,8192,71.8070,13926223,668.5,213,0.1253
device,host,4,fp128,16,cmple,8192,71.8779,13912486,667.8,213,0.1254
device,host,4,fp128,16,cmpeq,8192,71.9393,13900608,667.2,211,0.1243
device,host,4,fp128,16,select,8192,71.6936,13948239,892.7,212,0.1245
device,host,4,fp128,16,iand,8192,71.7584,13935649,668.9,213,0.1252
device,host,4,fp128,16,ior,8192,71.8992,13908360,667.6,214,0.1260
device,host,4,fp128,16,ixor,8192,72.2526,13840340,664.3,212,0.1255
device,host,4,fp128,16,iadd,8192,71.7991,13927744,668.5,211,0.1241
device,host,4,fp128,16,isub,8192,72.1043,13868794,665.7,212,0.1252
device,host,4,fp128,16,ishl,8192,71.4154,14002578,672.1,212,0.1240
device,host,4,fp128,16,ishr,8192,70.1993,14245151,683.8,219,0.1259
device,host,4,fp128,16,icmplt,8192,69.7914,14328405,687.8,214,0.1224
device,host,4,fp128,16,add,8192,69.9376,14298456,686.3,220,0.1260
device,host,4,fp128,16,sub,8192,70.9432,14095788,676.6,220,0.1279
device,host,4,fp128,16,mul,8192,72.5963,13774810,661.2,210,0.1249
device,host,4,fp128,16,fma,8192,72.1845,13853394,886.6,214,0.1265
device,resident,4,fp128,16,abs,8192,9.2976,107554264,3441.7,1605,0.1222
device,resident,4,fp128,16,neg,8192,9.2913,107627151,3444.1,1634,0.1244
device,resident,4,fp128,16,copysign,8192,9.4792,105494020,5063.7,1647,0.1279
device,resident,4,fp128,16,min,8192,9.9752,100248813,4811.9,1580,0.1291
device,resident,4,fp128,16,max,8192,10.1268,98747574,4739.9,1510,0.1253
device,resident,4,fp128,16,minnum,8192,10.1413,98606701,4733.1,1506,0.1251
device,resident,4,fp128,16,maxnum,8192,10.1300,98716300,4738.4,1505,0.1249
device,resident,4,fp128,16,cmplt,8192,10.1244,98770956,4741.0,1505,0.1248
device,resident,4,fp128,16,cmple,8192,10.1887,98148144,4711.1,1513,0.1263
device,resident,4,fp128,16,cmpeq,8192,10.2608,97458669,4678.0,1492,0.1254
device,resident,4,fp128,16,select,8192,10.2748,97325515,6228.8,1483,0.1248
device,resident,4,fp128,16,iand,8192,10.2345,97708732,4690.0,1482,0.1243
device,resident,4,fp128,16,ior,8192,10.3604,96521234,4633.0,1492,0.1266
device,resident,4,fp128,16,ixor,8192,10.4880,95347497,4576.7,1455,0.1250
device,resident,4,fp128,16,iadd,8192,10.4814,95407083,4579.5,1456,0.1250
device,resident,4,fp128,16,isub,8192,10.4844,95379849,4578.2,1453,0.1248
device,resident,4,fp128,16,ishl,8192,10.4812,95409220,4579.6,1458,0.1252
device,resident,4,fp128,16,ishr,8192,10.4875,95351275,4576.9,1453,0.1248
device,resident,4,fp128,16,icmplt,8192,10.4770,95447141,4581.5,1455,0.1249
device,resident,4,fp128,16,add,8192,10.4731,95483079,4583.2,1455,0.1248
device,resident,4,fp128,16,sub,8192,10.4627,95577664,4587.7,1460,0.1251
device,resident,4,fp128,16,mul,8192,10.1944,98092774,4708.5,1501,0.1254
device,resident,4,fp128,16,fma,8192,10.1733,98296250,6291.0,1486,0.1238
software,host,0,fp128,16,abs,16384,83.8366,11927960,381.7,87,0.1195
software,host,0,fp128,16,neg,16384,89.2563,11203694,358.5,86,0.1258
software,host,0,fp128,16,copysign,16384,89.6124,11159172,535.6,86,0.1263
software,host,0,fp128,16,min,16384,128.4229,7786776,373.8,60,0.1262
software,host,0,fp128,16,max,16384,128.5586,7778553,373.4,60,0.1264
software,host,0,fp128,16,minnum,16384,128.6828,7771048,373.0,60,0.1265
software,host,0,fp128,16,maxnum,16384,128.7638,7766158,372.8,60,0.1266
software,host,0,fp128,16,cmplt,16384,159.1146,6284779,301.7,49,0.1277
software,host,0,fp128,16,cmple,16384,159.3797,6274326,301.2,48,0.1253
software,host,0,fp128,16,cmpeq,16384,131.8024,7587114,364.2,58,0.1252
software,host,0,fp128,16,select,16384,86.8501,11514094,736.9,88,0.1252
software,host,0,fp128,16,iand,16384,82.2938,12151579,583.3,92,0.1240
software,host,0,fp128,16,ior,16384,83.8223,11929999,572.6,92,0.1263
software,host,0,fp128,16,ixor,16384,83.1464,12026983,577.3,92,0.1253
software,host,0,fp128,16,iadd,16384,90.2080,11085487,532.1,84,0.1241
software,host,0,fp128,16,isub,16384,116.7355,8566372,411.2,64,0.1224
software,host,0,fp128,16,ishl,16384,119.1770,8390880,402.8,59,0.1152
software,host,0,fp128,16,ishr,16384,100.8937,9911417,475.7,85,0.1405
software,host,0,fp128,16,icmplt,16384,100.6123,9939143,477.1,64,0.1055
software,host,0,fp128,16,add,16384,450.1023,2221717,106.6,18,0.1327
software,host,0,fp128,16,sub,16384,464.9199,2150908,103.2,17,0.1295
software,host,0,fp128,16,mul,16384,320.3870,3121226,149.8,24,0.1260
software,host,0,fp128,16,fma,16384,390.8326,2558641,163.8,20,0.1281
device,host,1,fp128,16,abs,16384,34.4253,29048372,929.5,238,0.1342
device,host,1,fp128,16,neg,16384,34.5605,28934740,925.9,221,0.1251
device,host,1,fp128,16,copysign,16384,33.8826,29513715,1416.7,221,0.1227
device,host,1,fp128,16,min,16384,33.7071,29667304,1424.0,226,0.1248
device,host,1,fp128,16,max,16384,33.6234,29741151,1427.6,225,0.1239
device,host,1,fp128,16,minnum,16384,33.6225,29741971,1427.6,228,0.1256
device,host,1,fp128,16,maxnum,16384,33.7296,29647538,1423.1,228,0.1260
device,host,1,fp128,16,cmplt,16384,33.5799,29779692,1429.4,226,0.1243
device,host,1,fp128,16,cmple,16384,35.4989,28169861,1352.2,213,0.1239
device,host,1,fp128,16,cmpeq,16384,35.5921,28096135,1348.6,215,0.1254
device,host,1,fp128,16,select,16384,35.5781,28107185,1798.9,214,0.1247
device,host,1,fp128,16,iand,16384,35.0668,28516980,1368.8,216,0.1241
device,host,1,fp128,16,ior,16384,35.0679,28516070,1368.8,226,0.1298
device,host,1,fp128,16,ixor,16384,35.4025,28246585,1355.8,217,0.1259
device,host,1,fp128,16,iadd,16384,35.0420,28537144,1369.8,217,0.1246
device,host,1,fp128,16,isub,16384,34.8411,28701753,1377.7,218,0.1244
device,host,1,fp128,16,ishl,16384,34.9114,28643976,1374.9,220,0.1258
device,host,1,fp128,16,ishr,16384,34.8783,28671111,1376.2,220,0.1257
device,host,1,fp128,16,icmplt,16384,34.8714,28676757,1376.5,219,0.1251
device,host,1,fp128,16,add,16384,34.8908,28660827,1375.7,220,0.1258
device,host,1,fp128,16,sub,16384,34.8434,28699869,1377.6,220,0.1256
device,host,1,fp128,16,mul,16384,34.7862,28747038,1379.9,220,0.1254
device,host,1,fp128,16,fma,16384,35.1324,28463742,1821.7,216,0.1243
device,resident,1,fp128,16,abs,16384,6.8829,145286955,4649.2,1174,0.1324
device,resident,1,fp128,16,neg,16384,6.8054,146941690,4702.1,1109,0.1237
device,resident,1,fp128,16,copysign,16384,6.8347,146312824,7023.0,1120,0.1254
device,resident,1,fp128,16,min,16384,7.0109,142635253,6846.5,1086,0.1247
device,resident,1,fp128,16,max,16384,7.0048,142759082,6852.4,1086,0.1246
device,resident,1,fp128,16,minnum,16384,6.7872,147336104,7072.1,1111,0.1235
device,resident,1,fp128,16,maxnum,16384,6.7912,147249242,7068.0,1124,0.1251
device,resident,1,fp128,16,cmplt,16384,6.9588,143703566,6897.8,1113,0.1269
device,resident,1,fp128,16,cmple,16384,7.2029,138832357,6664.0,1060,0.1251
device,resident,1,fp128,16,cmpeq,16384,7.1719,139432965,6692.8,1061,0.1247
device,resident,1,fp128,16,select,16384,7.2379,138162209,8842.4,1059,0.1256
device,resident,1,fp128,16,iand,16384,7.1849,139180300,6680.7,1050,0.1236
device,resident,1,fp128,16,ior,16384,7.0778,141286033,6781.7,1082,0.1255
device,resident,1,fp128,16,ixor,16384,7.1621,139623142,6701.9,1073,0.1259
device,resident,1,fp128,16,iadd,16384,7.1736,139400089,6691.2,1065,0.1252
device,resident,1,fp128,16,isub,16384,7.0680,141482565,6791.2,1058,0.1225
device,resident,1,fp128,16,ishl,16384,7.0151,142550561,6842.4,1091,0.1254
device,resident,1,fp128,16,ishr,16384,7.0182,142485795,6839.3,1085,0.1248
device,resident,1,fp128,16,icmplt,16384,6.9880,143102358,6868.9,1087,0.1245
device,resident,1,fp128,16,add,16384,7.0049,142757450,6852.4,1088,0.1249
device,resident,1,fp128,16,sub,16384,7.0078,142697338,6849.5,1092,0.1254
device,resident,1,fp128,16,mul,16384,6.9953,142953327,6861.8,1088,0.1247
device,resident,1,fp128,16,fma,16384,7.0495,141853367,9078.6,1091,0.1260
device,host,4,fp128,16,abs,16384,32.3364,30924866,989.6,207,0.1097
device,host,4,fp128,16,neg,16384,32.1709,31084029,994.7,242,0.1276
device,host,4,fp128,16,copysign,16384,32.9563,30343205,1456.5,241,0.1301
device,host,4,fp128,16,min,16384,41.5714,24054973,1154.6,199,0.1355
device,host,4,fp128,16,max,16384,43.1056,23198842,1113.5,174,0.1229
device,host,4,fp128,16,minnum,16384,42.0726,23768444,1140.9,182,0.1255
device,host,4,fp128,16,maxnum,16384,41.4602,24119532,1157.7,182,0.1236
device,host,4,fp128,16,cmplt,16384,42.7929,23368337,1121.7,187,0.1311
device,host,4,fp128,16,cmple,16384,45.2302,22109133,1061.2,172,0.1275
device,host,4,fp128,16,cmpeq,16384,46.9784,21286394,1021.7,164,0.1262
device,host,4,fp128,16,select,16384,47.3935,21099939,1350.4,161,0.1250
device,host,4,fp128,16,iand,16384,47.3340,21126459,1014.1,161,0.1249
device,host,4,fp128,16,ior,16384,47.4047,21094960,1012.6,161,0.1250
device,host,4,fp128,16,ixor,16384,47.3668,21111839,1013.4,161,0.1249
device,host,4,fp128,16,iadd,16384,45.4210,22016235,1056.8,164,0.1220
device,host,4,fp128,16,isub,16384,45.5740,21942331,1053.2,168,0.1254
device,host,4,fp128,16,ishl,16384,46.0984,21692740,1041.3,169,0.1276
device,host,4,fp128,16,ishr,16384,47.2386,21169118,1016.1,162,0.1254
device,host,4,fp128,16,icmplt,16384,47.3328,21126989,1014.1,162,0.1256
device,host,4,fp128,16,add,16384,47.4985,21053279,1010.6,162,0.1261
device,host,4,fp128,16,sub,16384,47.1814,21194785,1017.3,162,0.1252
device,host,4,fp128,16,mul,16384,47.3916,21100797,1012.8,162,0.1258
device,host,4,fp128,16,fma,16384,47.3385,21124462,1352.0,162,0.1256
device,resident,4,fp128,16,abs,16384,5.2172,191673240,6133.5,1446,0.1236
device,resident,4,fp128,16,neg,16384,5.3615,186514373,5968.5,1467,0.1289
device,resident,4,fp128,16,copysign,16384,5.7457,174044289,8354.1,1366,0.1286
device,resident,4,fp128,16,min,16384,5.6595,176694538,8481.3,1317,0.1221
device,resident,4,fp128,16,max,16384,5.8274,171603204,8237.0,1334,0.1274
device,resident,4,fp128,16,minnum,16384,6.2561,159843157,7672.5,1256,0.1287
device,resident,4,fp128,16,maxnum,16384,6.2452,160123534,7685.9,1197,0.1225
device,resident,4,fp128,16,cmplt,16384,6.1505,162587562,7804.2,1240,0.1250
device,resident,4,fp128,16,cmple,16384,6.1548,162474170,7798.8,1240,0.1250
device,resident,4,fp128,16,cmpeq,16384,6.1510,162574340,7803.6,1243,0.1253
device,resident,4,fp128,16,select,16384,6.1614,162301510,10387.3,1242,0.1254
device,resident,4,fp128,16,iand,16384,6.1602,162331759,7791.9,1242,0.1254
device,resident,4,fp128,16,ior,16384,6.1571,162413260,7795.8,1238,0.1249
device,resident,4,fp128,16,ixor,16384,6.1498,162606323,7805.1,1242,0.1251
device,resident,4,fp128,16,iadd,16384,6.1486,162639873,7806.7,1245,0.1254
device,resident,4,fp128,16,isub,16384,6.1603,162329577,7791.8,1240,0.1252
device,resident,4,fp128,16,ishl,16384,6.1400,162866244,7817.6,1241,0.1248
device,resident,4,fp128,16,ishr,16384,6.1322,163073840,7827.5,1243,0.1249
device,resident,4,fp128,16,icmplt,16384,6.1405,162854349,7817.0,1239,0.1246
device,resident,4,fp128,16,add,16384,6.1213,163364489,7841.5,1247,0.1251
device,resident,4,fp128,16,sub,16384,6.1520,162549322,7802.4,1237,0.1247
device,resident,4,fp128,16,mul,16384,6.1571,162413929,7795.9,1235,0.1246
device,resident,4,fp128,16,fma,16384,6.1492,162621589,10407.8,1240,0.1249
software,host,0,fp128,16,abs,32768,84.1438,11884411,380.3,44,0.1213
software,host,0,fp128,16,neg,32768,89.7068,11147431,356.7,42,0.1235
software,host,0,fp128,16,copysign,32768,90.1619,11091156,532.4,43,0.1270
software,host,0,fp128,16,min,32768,128.7549,7766694,372.8,30,0.1266
software,host,0,fp128,16,max,32768,128.6054,7775721,373.2,30,0.1264
software,host,0,fp128,16,minnum,32768,129.0370,7749718,372.0,30,0.1268
software,host,0,fp128,16,maxnum,32768,129.0714,7747652,371.9,30,0.1269
software,host,0,fp128,16,cmplt,32768,159.8287,6256698,300.3,24,0.1257
software,host,0,fp128,16,cmple,32768,160.3983,6234481,299.3,24,0.1261
software,host,0,fp128,16,cmpeq,32768,132.2906,7559117,362.8,29,0.1257
software,host,0,fp128,16,select,32768,86.9901,11495555,735.7,44,0.1254
software,host,0,fp128,16,iand,32768,82.4138,12133884,582.4,47,0.1269
software,host,0,fp128,16,ior,32768,83.8594,11924727,572.4,46,0.1264
software,host,0,fp128,16,ixor,32768,84.8795,11781411,565.5,45,0.1252
software,host,0,fp128,16,iadd,32768,89.6476,11154784,535.4,43,0.1263
software,host,0,fp128,16,isub,32768,104.5693,9563039,459.0,34,0.1165
software,host,0,fp128,16,ishl,32768,130.8903,7639983,366.7,27,0.1158
software,host,0,fp128,16,ishr,32768,103.9757,9617634,461.6,44,0.1499
software,host,0,fp128,16,icmplt,32768,109.9401,9095865,436.6,32,0.1153
software,host,0,fp128,16,add,32768,485.1467,2061232,98.9,9,0.1431
software,host,0,fp128,16,sub,32768,463.7049,2156544,103.5,9,0.1368
software,host,0,fp128,16,mul,32768,320.7872,3117331,149.6,12,0.1261
software,host,0,fp128,16,fma,32768,391.1480,2556577,163.6,10,0.1282
device,host,1,fp128,16,abs,32768,30.1336,33185591,1061.9,134,0.1323
device,host,1,fp128,16,neg,32768,30.1523,33164967,1061.3,127,0.1255
device,host,1,fp128,16,copysign,32768,30.1262,33193738,1593.3,127,0.1254
device,host,1,fp128,16,min,32768,29.6768,33696346,1617.4,127,0.1235
device,host,1,fp128,16,max,32768,29.9901,33344303,1600.5,131,0.1287
device,host,1,fp128,16,minnum,32768,26.6414,37535619,1801.7,136,0.1187
device,host,1,fp128,16,maxnum,32768,25.7720,38801817,1862.5,144,0.1216
device,host,1,fp128,16,cmplt,32768,26.2386,38111819,1829.4,146,0.1255
device,host,1,fp128,16,cmple,32768,27.7950,35977633,1726.9,144,0.1312
device,host,1,fp128,16,cmpeq,32768,28.4349,35168099,1688.1,134,0.1249
device,host,1,fp128,16,select,32768,28.4606,35136254,2248.7,135,0.1259
device,host,1,fp128,16,iand,32768,28.4995,35088283,1684.2,135,0.1261
device,host,1,fp128,16,ior,32768,28.4680,35127125,1686.1,134,0.1250
device,host,1,fp128,16,ixor,32768,27.2945,36637391,1758.6,137,0.1225
device,host,1,fp128,16,iadd,32768,30.2202,33090487,1588.3,132,0.1307
device,host,1,fp128,16,isub,32768,29.9226,33419605,1604.1,126,0.1235
device,host,1,fp128,16,ishl,32768,29.8902,33455813,1605.9,128,0.1254
device,host,1,fp128,16,ishr,32768,29.9152,33427844,1604.5,128,0.1255
device,host,1,fp128,16,icmplt,32768,29.8900,33456032,1605.9,128,0.1254
device,host,1,fp128,16,add,32768,29.8254,33528496,1609.4,128,0.1251
device,host,1,fp128,16,sub,32768,29.5967,33787544,1621.8,128,0.1241
device,host,1,fp128,16,mul,32768,29.7025,33667151,1616.0,129,0.1256
device,host,1,fp128,16,fma,32768,29.6240,33756425,2160.4,129,0.1252
device,resident,1,fp128,16,abs,32768,5.8450,171086572,5474.8,684,0.1310
device,resident,1,fp128,16,neg,32768,5.7858,172837981,5530.8,656,0.1244
device,resident,1,fp128,16,copysign,32768,5.7739,173192461,8313.2,660,0.1249
device,resident,1,fp128,16,min,32768,5.7663,173422535,8324.3,658,0.1243
device,resident,1,fp128,16,max,32768,5.7623,173540798,8330.0,663,0.1252
device,resident,1,fp128,16,minnum,32768,5.7599,173613025,8333.4,662,0.1249
device,resident,1,fp128,16,maxnum,32768,5.7655,173446016,8325.4,664,0.1254
device,resident,1,fp128,16,cmplt,32768,5.7590,173641086,8334.8,663,0.1251
device,resident,1,fp128,16,cmple,32768,5.7660,173431826,8324.7,663,0.1253
device,resident,1,fp128,16,cmpeq,32768,5.7569,173705231,8337.9,661,0.1247
device,resident,1,fp128,16,select,32768,5.7714,173268226,11089.2,662,0.1252
device,resident,1,fp128,16,iand,32768,5.7750,173160442,8311.7,661,0.1251
device,resident,1,fp128,16,ior,32768,5.7717,173260624,8316.5,661,0.1250
device,resident,1,fp128,16,ixor,32768,5.7695,173325313,8319.6,660,0.1248
device,resident,1,fp128,16,iadd,32768,5.7714,173267711,8316.9,661,0.1250
device,resident,1,fp128,16,isub,32768,5.7707,173288007,8317.8,661,0.1250
device,resident,1,fp128,16,ishl,32768,5.7780,173068903,8307.3,662,0.1253
device,resident,1,fp128,16,ishr,32768,5.7727,173230011,8315.0,663,0.1254
device,resident,1,fp128,16,icmplt,32768,5.7832,172914560,8299.9,663,0.1256
device,resident,1,fp128,16,add,32768,5.7767,173107850,8309.2,661,0.1251
device,resident,1,fp128,16,sub,32768,5.7845,172876346,8298.1,662,0.1255
device,resident,1,fp128,16,mul,32768,5.7734,173206700,8313.9,662,0.1252
device,resident,1,fp128,16,fma,32768,5.7861,172826941,11060.9,659,0.1249
device,host,4,fp128,16,abs,32768,23.6846,42221457,1351.1,160,0.1242
device,host,4,fp128,16,neg,32768,23.6092,42356301,1355.4,162,0.1253
device,host,4,fp128,16,copysign,32768,23.9142,41816202,2007.2,163,0.1277
device,host,4,fp128,16,min,32768,30.8419,32423434,1556.3,142,0.1435
device,host,4,fp128,16,max,32768,32.0551,31196297,1497.4,119,0.1250
device,host,4,fp128,16,minnum,32768,32.0479,31203304,1497.8,119,0.1250
device,host,4,fp128,16,maxnum,32768,33.0127,30291369,1454.0,119,0.1287
device,host,4,fp128,16,cmplt,32768,33.0343,30271556,1453.0,116,0.1256
device,host,4,fp128,16,cmple,32768,33.0444,30262319,1452.6,116,0.1256
device,host,4,fp128,16,cmpeq,32768,33.0575,30250277,1452.0,116,0.1257
device,host,4,fp128,16,select,32768,33.0369,30269179,1937.2,116,0.1256
device,host,4,fp128,16,iand,32768,33.0561,30251630,1452.1,116,0.1256
device,host,4,fp128,16,ior,32768,33.0561,30251622,1452.1,116,0.1256
device,host,4,fp128,16,ixor,32768,32.8937,30400926,1459.2,116,0.1250
device,host,4,fp128,16,iadd,32768,33.1840,30135017,1446.5,117,0.1272
device,host,4,fp128,16,isub,32768,32.4139,30850973,1480.8,117,0.1243
device,host,4,fp128,16,ishl,32768,32.3705,30892347,1482.8,118,0.1252
device,host,4,fp128,16,ishr,32768,32.3824,30880932,1482.3,118,0.1252
device,host,4,fp128,16,icmplt,32768,32.3659,30896711,1483.0,118,0.1251
device,host,4,fp128,16,add,32768,32.3986,30865493,1481.5,118,0.1253
device,host,4,fp128,16,sub,32768,32.3681,30894615,1482.9,118,0.1252
device,host,4,fp128,16,mul,32768,32.3799,30883322,1482.4,118,0.1252
device,host,4,fp128,16,fma,32768,32.3461,30915616,1978.6,118,0.1251
device,resident,4,fp128,16,abs,32768,3.3560,297973302,9535.1,1199,0.1319
device,resident,4,fp128,16,neg,32768,3.5931,278310804,8905.9,1096,0.1290
device,resident,4,fp128,16,copysign,32768,3.6440,274424195,13172.4,1050,0.1254
device,resident,4,fp128,16,min,32768,3.6344,275148966,13207.2,1050,0.1250
device,resident,4,fp128,16,max,32768,3.6373,274927664,13196.5,1049,0.1250
device,resident,4,fp128,16,minnum,32768,3.6331,275247640,13211.9,1051,0.1251
device,resident,4,fp128,16,maxnum,32768,3.6348,275117291,13205.6,1043,0.1242
device,resident,4,fp128,16,cmplt,32768,3.6319,275335098,13216.1,1047,0.1246
device,resident,4,fp128,16,cmple,32768,3.6434,274470945,13174.6,1049,0.1252
device,resident,4,fp128,16,cmpeq,32768,3.6349,275114068,13205.5,1047,0.1247
device,resident,4,fp128,16,select,32768,3.6475,274159789,17546.2,1049,0.1254
device,resident,4,fp128,16,iand,32768,3.6431,274488383,13175.4,1041,0.1243
device,resident,4,fp128,16,ior,32768,3.6447,274369481,13169.7,1049,0.1253
device,resident,4,fp128,16,ixor,32768,3.6349,275109695,13205.3,1048,0.1248
device,resident,4,fp128,16,iadd,32768,3.6318,275348333,13216.7,1049,0.1248
device,resident,4,fp128,16,isub,32768,3.6322,275313809,13215.1,1052,0.1252
device,resident,4,fp128,16,ishl,32768,3.6329,275263924,13212.7,1049,0.1249
device,resident,4,fp128,16,ishr,32768,3.6455,274311508,13167.0,1051,0.1255
device,resident,4,fp128,16,icmplt,32768,3.6414,274619337,13181.7,1045,0.1247
device,resident,4,fp128,16,add,32768,3.6346,275134016,13206.4,1048,0.1248
device,resident,4,fp128,16,sub,32768,3.6348,275115087,13205.5,1049,0.1249
device,resident,4,fp128,16,mul,32768,3.6381,274866040,13193.6,1048,0.1249
device,resident,4,fp128,16,fma,32768,3.6386,274831543,17589.2,1050,0.1252
software,host,0,fp128,16,abs,65536,83.9395,11913344,381.2,20,0.1100
software,host,0,fp128,16,neg,65536,89.2035,11210328,358.7,22,0.1286
software,host,0,fp128,16,copysign,65536,89.7225,11145477,535.0,22,0.1294
software,host,0,fp128,16,min,65536,128.6587,7772501,373.1,15,0.1265
software,host,0,fp128,16,max,65536,128.4666,7784123,373.6,15,0.1263
software,host,0,fp128,16,minnum,65536,128.9012,7757877,372.4,15,0.1267
software,host,0,fp128,16,maxnum,65536,128.6681,7771937,373.1,15,0.1265
software,host,0,fp128,16,cmplt,65536,158.4426,6311433,302.9,13,0.1350
software,host,0,fp128,16,cmple,65536,158.8557,6295023,302.2,13,0.1353
software,host,0,fp128,16,cmpeq,65536,132.5582,7543857,362.1,15,0.1303
software,host,0,fp128,16,select,65536,86.9829,11496517,735.8,22,0.1254
software,host,0,fp128,16,iand,65536,82.7123,12090106,580.3,24,0.1301
software,host,0,fp128,16,ior,65536,84.1340,11885807,570.5,23,0.1268
software,host,0,fp128,16,ixor,65536,83.0806,12036508,577.8,23,0.1252
software,host,0,fp128,16,iadd,65536,89.3989,11185821,536.9,22,0.1289
software,host,0,fp128,16,isub,65536,99.2573,10074826,483.6,19,0.1236
software,host,0,fp128,16,ishl,65536,112.2213,8910963,427.7,18,0.1324
software,host,0,fp128,16,ishr,65536,89.0171,11233794,539.2,22,0.1283
software,host,0,fp128,16,icmplt,65536,105.6662,9463767,454.3,19,0.1316
software,host,0,fp128,16,add,65536,466.1854,2145069,103.0,5,0.1528
software,host,0,fp128,16,sub,65536,566.4401,1765412,84.7,4,0.1485
software,host,0,fp128,16,mul,65536,331.1667,3019627,144.9,6,0.1302
software,host,0,fp128,16,fma,65536,392.2732,2549244,163.2,5,0.1285
device,host,1,fp128,16,abs,65536,27.0383,36984573,1183.5,64,0.1134
device,host,1,fp128,16,neg,65536,27.8900,35855117,1147.4,64,0.1170
device,host,1,fp128,16,copysign,65536,27.9654,35758452,1716.4,64,0.1173
device,host,1,fp128,16,min,65536,27.9179,35819338,1719.3,64,0.1171
device,host,1,fp128,16,max,65536,27.9709,35751387,1716.1,64,0.1173
device,host,1,fp128,16,minnum,65536,27.5417,36308633,1742.8,64,0.1155
device,host,1,fp128,16,maxnum,65536,27.7810,35995872,1727.8,64,0.1165
device,host,1,fp128,16,cmplt,65536,27.8554,35899661,1723.2,64,0.1168
device,host,1,fp128,16,cmple,65536,28.0195,35689400,1713.1,64,0.1175
device,host,1,fp128,16,cmpeq,65536,27.7990,35972530,1726.7,64,0.1166
device,host,1,fp128,16,select,65536,27.9673,35755997,2288.4,64,0.1173
device,host,1,fp128,16,iand,65536,27.8517,35904388,1723.4,64,0.1168
device,host,1,fp128,16,ior,65536,27.9677,35755498,1716.3,64,0.1173
device,host,1,fp128,16,ixor,65536,27.1729,36801377,1766.5,64,0.1140
device,host,1,fp128,16,iadd,65536,27.9499,35778363,1717.4,64,0.1172
device,host,1,fp128,16,isub,65536,27.9502,35777946,1717.3,64,0.1172
device,host,1,fp128,16,ishl,65536,27.9613,35763776,1716.7,64,0.1173
device,host,1,fp128,16,ishr,65536,27.8668,35884950,1722.5,64,0.1169
device,host,1,fp128,16,icmplt,65536,27.9102,35829251,1719.8,64,0.1171
device,host,1,fp128,16,add,65536,27.9898,35727324,1714.9,64,0.1174
device,host,1,fp128,16,sub,65536,27.9598,35765660,1716.8,64,0.1173
device,host,1,fp128,16,mul,65536,27.9912,35725499,1714.8,64,0.1174
device,host,1,fp128,16,fma,65536,27.8961,35847275,2294.2,64,0.1170
device,resident,1,fp128,16,abs,65536,6.1946,161430334,5165.8,330,0.1340
device,resident,1,fp128,16,neg,65536,6.2807,159216844,5094.9,304,0.1251
device,resident,1,fp128,16,copysign,65536,6.2446,160137374,7686.6,304,0.1244
device,resident,1,fp128,16,min,65536,6.1595,162349762,7792.8,306,0.1235
device,resident,1,fp128,16,max,65536,6.1868,161635309,7758.5,313,0.1269
device,resident,1,fp128,16,minnum,65536,6.2678,159546021,7658.2,308,0.1265
device,resident,1,fp128,16,maxnum,65536,6.2230,160693761,7713.3,311,0.1268
device,resident,1,fp128,16,cmplt,65536,6.2242,160663614,7711.9,310,0.1265
device,resident,1,fp128,16,cmple,65536,6.2124,160969309,7726.5,309,0.1258
device,resident,1,fp128,16,cmpeq,65536,6.2028,161218153,7738.5,309,0.1256
device,resident,1,fp128,16,select,65536,6.2078,161088353,10309.7,309,0.1257
device,resident,1,fp128,16,iand,65536,6.1912,161519775,7752.9,305,0.1238
device,resident,1,fp128,16,ior,65536,6.2255,160629564,7710.2,306,0.1248
device,resident,1,fp128,16,ixor,65536,6.1986,161326127,7743.7,311,0.1263
device,resident,1,fp128,16,iadd,65536,6.2114,160993276,7727.7,308,0.1254
device,resident,1,fp128,16,isub,65536,6.2234,160683803,7712.8,309,0.1260
device,resident,1,fp128,16,ishl,65536,6.2169,160851132,7720.9,309,0.1259
device,resident,1,fp128,16,ishr,65536,6.2240,160668010,7712.1,307,0.1252
device,resident,1,fp128,16,icmplt,65536,6.2066,161119023,7733.7,311,0.1265
device,resident,1,fp128,16,add,65536,6.2190,160798187,7718.3,310,0.1263
device,resident,1,fp128,16,sub,65536,6.1928,161478704,7751.0,306,0.1242
device,resident,1,fp128,16,mul,65536,6.2082,161076361,7731.7,308,0.1253
device,resident,1,fp128,16,fma,65536,6.1853,161672702,10347.1,309,0.1253
device,host,4,fp128,16,abs,65536,23.5677,42431026,1357.8,102,0.1575
device,host,4,fp128,16,neg,65536,26.5817,37619894,1203.8,64,0.1115
device,host,4,fp128,16,copysign,65536,26.6056,37586048,1804.1,64,0.1116
device,host,4,fp128,16,min,65536,26.5675,37640006,1806.7,64,0.1114
device,host,4,fp128,16,max,65536,26.6232,37561202,1802.9,64,0.1117
device,host,4,fp128,16,minnum,65536,26.6262,37556990,1802.7,64,0.1117
device,host,4,fp128,16,maxnum,65536,26.6749,37488390,1799.4,64,0.1119
device,host,4,fp128,16,cmplt,65536,26.6448,37530776,1801.5,64,0.1118
device,host,4,fp128,16,cmple,65536,26.6123,37576660,1803.7,64,0.1116
device,host,4,fp128,16,cmpeq,65536,27.1172,36876925,1770.1,64,0.1137
device,host,4,fp128,16,select,65536,28.0427,35659846,2282.2,64,0.1176
device,host,4,fp128,16,iand,65536,28.0163,35693469,1713.3,64,0.1175
device,host,4,fp128,16,ior,65536,28.0013,35712676,1714.2,64,0.1174
device,host,4,fp128,16,ixor,65536,27.9586,35767192,1716.8,64,0.1173
device,host,4,fp128,16,iadd,65536,27.9940,35721880,1714.7,64,0.1174
device,host,4,fp128,16,isub,65536,27.9986,35716024,1714.4,64,0.1174
device,host,4,fp128,16,ishl,65536,27.9944,35721435,1714.6,64,0.1174
device,host,4,fp128,16,ishr,65536,28.0009,35713154,1714.2,64,0.1174
device,host,4,fp128,16,icmplt,65536,27.9852,35733236,1715.2,64,0.1174
device,host,4,fp128,16,add,65536,27.8869,35859085,1721.2,64,0.1170
device,host,4,fp128,16,sub,65536,27.4906,36376068,1746.1,64,0.1153
device,host,4,fp128,16,mul,65536,27.4753,36396392,1747.0,64,0.1152
device,host,4,fp128,16,fma,65536,27.4667,36407740,2330.1,64,0.1152
device,resident,4,fp128,16,abs,65536,2.1801,458691085,14678.1,873,0.1247
device,resident,4,fp128,16,neg,65536,2.3147,432030137,13825.0,872,0.1323
device,resident,4,fp128,16,copysign,65536,2.3774,420622510,20189.9,815,0.1270
device,resident,4,fp128,16,min,65536,2.4187,413448454,19845.5,792,0.1255
device,resident,4,fp128,16,max,65536,2.4220,412883089,19818.4,788,0.1251
device,resident,4,fp128,16,minnum,65536,2.4246,412444162,19797.3,789,0.1254
device,resident,4,fp128,16,maxnum,65536,2.4218,412908094,19819.6,785,0.1246
device,resident,4,fp128,16,cmplt,65536,2.4297,411579907,19755.8,789,0.1256
device,resident,4,fp128,16,cmple,65536,2.4289,411708978,19762.0,789,0.1256
device,resident,4,fp128,16,cmpeq,65536,2.4314,411292907,19742.1,788,0.1256
device,resident,4,fp128,16,select,65536,2.4243,412486751,26399.2,786,0.1249
device,resident,4,fp128,16,iand,65536,2.3432,426773076,20485.1,802,0.1232
device,resident,4,fp128,16,ior,65536,2.3247,430171876,20648.3,816,0.1243
device,resident,4,fp128,16,ixor,65536,2.3212,430812576,20679.0,823,0.1252
device,resident,4,fp128,16,iadd,65536,2.3383,427654063,20527.4,827,0.1267
device,resident,4,fp128,16,isub,65536,2.4136,414323695,19887.5,805,0.1273
device,resident,4,fp128,16,ishl,65536,2.4178,413607121,19853.1,787,0.1247
device,resident,4,fp128,16,ishr,65536,2.4150,414072143,19875.5,789,0.1249
device,resident,4,fp128,16,icmplt,65536,2.4130,414421403,19892.2,790,0.1249
device,resident,4,fp128,16,add,65536,2.4132,414381234,19890.3,792,0.1253
device,resident,4,fp128,16,sub,65536,2.4159,413932170,19868.7,794,0.1257
device,resident,4,fp128,16,mul,65536,2.4239,412559994,19802.9,790,0.1255
device,resident,4,fp128,16,fma,65536,2.4230,412709866,26413.4,789,0.1253
software,host,0,fp128,16,abs,131072,100.6202,9938361,318.0,11,0.1451
software,host,0,fp128,16,neg,131072,101.3798,9863895,315.6,9,0.1196
software,host,0,fp128,16,copysign,131072,90.1170,11096681,532.6,11,0.1299
software,host,0,fp128,16,min,131072,128.2882,7794951,374.2,8,0.1345
software,host,0,fp128,16,max,131072,128.2179,7799226,374.4,8,0.1344
software,host,0,fp128,16,minnum,131072,128.9859,7752783,372.1,8,0.1353
software,host,0,fp128,16,maxnum,131072,128.9737,7753516,372.2,8,0.1352
software,host,0,fp128,16,cmplt,131072,160.0489,6248090,299.9,7,0.1468
software,host,0,fp128,16,cmple,131072,159.3153,6276862,301.3,7,0.1462
software,host,0,fp128,16,cmpeq,131072,132.2776,7559858,362.9,8,0.1387
software,host,0,fp128,16,select,131072,87.1268,11477526,734.6,11,0.1256
software,host,0,fp128,16,iand,131072,82.6515,12098989,580.8,12,0.1300
software,host,0,fp128,16,ior,131072,84.0156,11902554,571.3,12,0.1321
software,host,0,fp128,16,ixor,131072,83.1783,12022373,577.1,12,0.1308
software,host,0,fp128,16,iadd,131072,89.5601,11165684,536.0,11,0.1291
software,host,0,fp128,16,isub,131072,99.3552,10064898,483.1,10,0.1302
software,host,0,fp128,16,ishl,131072,112.3941,8897262,427.1,9,0.1326
software,host,0,fp128,16,ishr,131072,88.6482,11280546,541.5,11,0.1278
software,host,0,fp128,16,icmplt,131072,100.9612,9904796,475.4,10,0.1323
software,host,0,fp128,16,add,131072,451.8680,2213036,106.2,3,0.1777
software,host,0,fp128,16,sub,131072,464.3485,2153555,103.4,3,0.1826
software,host,0,fp128,16,mul,131072,319.8914,3126061,150.1,3,0.1258
software,host,0,fp128,16,fma,131072,391.8481,2552009,163.3,3,0.1541
device,host,1,fp128,16,abs,131072,25.2503,39603448,1267.3,46,0.1522
device,host,1,fp128,16,neg,131072,25.6698,38956346,1246.6,37,0.1245
device,host,1,fp128,16,copysign,131072,25.6106,39046275,1874.2,38,0.1276
device,host,1,fp128,16,min,131072,25.6220,39028891,1873.4,39,0.1310
device,host,1,fp128,16,max,131072,25.5999,39062710,1875.0,38,0.1275
device,host,1,fp128,16,minnum,131072,25.6533,38981376,1871.1,38,0.1278
device,host,1,fp128,16,maxnum,131072,25.6285,39019012,1872.9,38,0.1276
device,host,1,fp128,16,cmplt,131072,25.5682,39111062,1877.3,38,0.1273
device,host,1,fp128,16,cmple,131072,25.6991,38911870,1867.8,38,0.1280
device,host,1,fp128,16,cmpeq,131072,25.6137,39041547,1874.0,37,0.1242
device,host,1,fp128,16,select,131072,25.6066,39052454,2499.4,38,0.1275
device,host,1,fp128,16,iand,131072,25.6641,38965009,1870.3,38,0.1278
device,host,1,fp128,16,ior,131072,25.6192,39033195,1873.6,37,0.1242
device,host,1,fp128,16,ixor,131072,25.6606,38970203,1870.6,38,0.1278
device,host,1,fp128,16,iadd,131072,25.6760,38946827,1869.4,38,0.1279
device,host,1,fp128,16,isub,131072,25.6076,39050922,1874.4,37,0.1242
device,host,1,fp128,16,ishl,131072,25.6084,39049757,1874.4,37,0.1242
device,host,1,fp128,16,ishr,131072,25.6430,38997024,1871.9,37,0.1244
device,host,1,fp128,16,icmplt,131072,25.4309,39322228,1887.5,37,0.1233
device,host,1,fp128,16,add,131072,25.2714,39570345,1899.4,38,0.1259
device,host,1,fp128,16,sub,131072,25.6693,38957062,1869.9,38,0.1279
device,host,1,fp128,16,mul,131072,25.5766,39098271,1876.7,38,0.1274
device,host,1,fp128,16,fma,131072,25.5629,39119229,2503.6,38,0.1273
device,resident,1,fp128,16,abs,131072,5.3956,185337145,5930.8,181,0.1280
device,resident,1,fp128,16,neg,131072,5.3760,186013040,5952.4,176,0.1240
device,resident,1,fp128,16,copysign,131072,5.4279,184231915,8843.1,177,0.1259
device,resident,1,fp128,16,min,131072,5.4455,183639042,8814.7,175,0.1249
device,resident,1,fp128,16,max,131072,5.4324,184079725,8835.8,176,0.1253
device,resident,1,fp128,16,minnum,131072,5.4060,184980712,8879.1,175,0.1240
device,resident,1,fp128,16,maxnum,131072,5.3867,185642427,8910.8,177,0.1250
device,resident,1,fp128,16,cmplt,131072,5.3853,185689128,8913.1,178,0.1256
device,resident,1,fp128,16,cmple,131072,5.3903,185519392,8904.9,178,0.1258
device,resident,1,fp128,16,cmpeq,131072,5.4066,184957891,8878.0,178,0.1261
device,resident,1,fp128,16,select,131072,5.3954,185342171,11861.9,178,0.1259
device,resident,1,fp128,16,iand,131072,5.4017,185128570,8886.2,177,0.1253
device,resident,1,fp128,16,ior,131072,5.3746,186060552,8930.9,178,0.1254
device,resident,1,fp128,16,ixor,131072,5.4796,182493821,8759.7,176,0.1264
device,resident,1,fp128,16,iadd,131072,5.4761,182612485,8765.4,175,0.1256
device,resident,1,fp128,16,isub,131072,5.4879,182220606,8746.6,174,0.1252
device,resident,1,fp128,16,ishl,131072,5.4900,182149377,8743.2,175,0.1259
device,resident,1,fp128,16,ishr,131072,5.4837,182359823,8753.3,175,0.1258
device,resident,1,fp128,16,icmplt,131072,5.4840,182349997,8752.8,174,0.1251
device,resident,1,fp128,16,add,131072,5.4918,182088490,8740.2,174,0.1252
device,resident,1,fp128,16,sub,131072,5.4936,182028912,8737.4,174,0.1253
device,resident,1,fp128,16,mul,131072,5.4898,182157450,8743.6,174,0.1252
device,resident,1,fp128,16,fma,131072,5.4540,183351674,11734.5,174,0.1244
device,host,4,fp128,16,abs,131072,17.3460,57650337,1844.8,62,0.1410
device,host,4,fp128,16,neg,131072,22.6133,44221798,1415.1,47,0.1393
device,host,4,fp128,16,copysign,131072,23.5217,42513966,2040.7,41,0.1264
device,host,4,fp128,16,min,131072,23.5270,42504304,2040.2,41,0.1264
device,host,4,fp128,16,max,131072,23.5337,42492209,2039.6,41,0.1265
device,host,4,fp128,16,minnum,131072,23.5432,42475105,2038.8,41,0.1265
device,host,4,fp128,16,maxnum,131072,23.5188,42519251,2040.9,41,0.1264
device,host,4,fp128,16,cmplt,131072,23.3629,42802946,2054.5,41,0.1256
device,host,4,fp128,16,cmple,131072,23.5252,42507630,2040.4,41,0.1264
device,host,4,fp128,16,cmpeq,131072,23.5239,42510034,2040.5,41,0.1264
device,host,4,fp128,16,select,131072,23.5222,42513082,2720.8,41,0.1264
device,host,4,fp128,16,iand,131072,23.5423,42476676,2038.9,41,0.1265
device,host,4,fp128,16,ior,131072,23.5252,42507685,2040.4,41,0.1264
device,host,4,fp128,16,ixor,131072,23.5589,42446794,2037.4,41,0.1266
device,host,4,fp128,16,iadd,131072,22.8876,43691862,2097.2,41,0.1230
device,host,4,fp128,16,isub,131072,17.5379,57019251,2736.9,49,0.1126
device,host,4,fp128,16,ishl,131072,15.6784,63782057,3061.5,60,0.1233
device,host,4,fp128,16,ishr,131072,15.5862,64159242,3079.6,60,0.1226
device,host,4,fp128,16,icmplt,131072,15.6568,63869843,3065.8,61,0.1252
device,host,4,fp128,16,add,131072,16.1659,61858450,2969.2,59,0.1250
device,host,4,fp128,16,sub,131072,16.0041,62483861,2999.2,57,0.1196
device,host,4,fp128,16,mul,131072,16.4664,60729718,2915.0,61,0.1317
device,host,4,fp128,16,fma,131072,21.2938,46961984,3005.6,51,0.1423
device,resident,4,fp128,16,abs,131072,1.7219,580745479,18583.9,570,0.1286
device,resident,4,fp128,16,neg,131072,1.7554,569666593,18229.3,550,0.1265
device,resident,4,fp128,16,copysign,131072,1.7312,577643863,27726.9,547,0.1241
device,resident,4,fp128,16,min,131072,1.7139,583452300,28005.7,555,0.1247
device,resident,4,fp128,16,max,131072,1.7010,587904675,28219.4,559,0.1246
device,resident,4,fp128,16,minnum,131072,1.6956,589764146,28308.7,560,0.1245
device,resident,4,fp128,16,maxnum,131072,1.7073,585708380,28114.0,557,0.1246
device,resident,4,fp128,16,cmplt,131072,1.7052,586441430,28149.2,558,0.1247
device,resident,4,fp128,16,cmple,131072,1.6981,588900508,28267.2,562,0.1251
device,resident,4,fp128,16,cmpeq,131072,1.7000,588232480,28235.2,560,0.1248
device,resident,4,fp128,16,select,131072,1.7034,587061125,37571.9,561,0.1253
device,resident,4,fp128,16,iand,131072,1.7030,587187097,28185.0,562,0.1254
device,resident,4,fp128,16,ior,131072,1.7056,586291355,28142.0,560,0.1252
device,resident,4,fp128,16,ixor,131072,1.7029,587224657,28186.8,562,0.1254
device,resident,4,fp128,16,iadd,131072,1.6981,588891232,28266.8,560,0.1246
device,resident,4,fp128,16,isub,131072,1.7016,587665445,28207.9,559,0.1247
device,resident,4,fp128,16,ishl,131072,1.7019,587584790,28204.1,558,0.1245
device,resident,4,fp128,16,ishr,131072,1.7049,586541125,28154.0,558,0.1247
device,resident,4,fp128,16,icmplt,131072,1.7234,580235655,27851.3,557,0.1258
device,resident,4,fp128,16,add,131072,1.7187,581818904,27927.3,554,0.1248
device,resident,4,fp128,16,sub,131072,1.7137,583517619,28008.8,558,0.1253
device,resident,4,fp128,16,mul,131072,1.7199,581437442,27909.0,555,0.1251
device,resident,4,fp128,16,fma,131072,1.7231,580352577,37142.6,554,0.1251
software,host,0,fp128,16,abs,262144,84.1472,11883938,380.3,6,0.1324
software,host,0,fp128,16,neg,262144,89.3078,11197227,358.3,6,0.1405
software,host,0,fp128,16,copysign,262144,89.6272,11157326,535.6,6,0.1410
software,host,0,fp128,16,min,262144,128.4050,7787861,373.8,4,0.1346
software,host,0,fp128,16,max,262144,128.2523,7797130,374.3,4,0.1345
software,host,0,fp128,16,minnum,262144,128.8102,7763358,372.6,4,0.1351
software,host,0,fp128,16,maxnum,262144,128.2706,7796021,374.2,4,0.1345
software,host,0,fp128,16,cmplt,262144,159.1622,6282900,301.6,4,0.1669
software,host,0,fp128,16,cmple,262144,159.2007,6281379,301.5,4,0.1669
software,host,0,fp128,16,cmpeq,262144,132.4360,7550819,362.4,4,0.1389
software,host,0,fp128,16,select,262144,87.0415,11488771,735.3,6,0.1369
software,host,0,fp128,16,iand,262144,82.3096,12149245,583.2,6,0.1295
software,host,0,fp128,16,ior,262144,83.5899,11963172,574.2,6,0.1315
software,host,0,fp128,16,ixor,262144,83.2471,12012434,576.6,6,0.1309
software,host,0,fp128,16,iadd,262144,89.4706,11176852,536.5,6,0.1407
software,host,0,fp128,16,isub,262144,99.5865,10041517,482.0,5,0.1305
software,host,0,fp128,16,ishl,262144,112.1554,8916197,428.0,5,0.1470
software,host,0,fp128,16,ishr,262144,88.9371,11243906,539.7,6,0.1399
software,host,0,fp128,16,icmplt,262144,101.2792,9873695,473.9,5,0.1327
software,host,0,fp128,16,add,262144,498.3549,2006602,96.3,1,0.1306
software,host,0,fp128,16,sub,262144,462.9461,2160079,103.7,1,0.1214
software,host,0,fp128,16,mul,262144,337.5415,2962599,142.2,2,0.1770
software,host,0,fp128,16,fma,262144,443.7803,2253367,144.2,1,0.1163
device,host,1,fp128,16,abs,262144,23.5484,42465712,1358.9,24,0.1482
device,host,1,fp128,16,neg,262144,23.8621,41907388,1341.0,20,0.1251
device,host,1,fp128,16,copysign,262144,23.8748,41885183,2010.5,21,0.1314
device,host,1,fp128,16,min,262144,23.8435,41940206,2013.1,20,0.1250
device,host,1,fp128,16,max,262144,23.8298,41964198,2014.3,21,0.1312
device,host,1,fp128,16,minnum,262144,23.8784,41878797,2010.2,20,0.1252
device,host,1,fp128,16,maxnum,262144,23.8696,41894259,2010.9,20,0.1251
device,host,1,fp128,16,cmplt,262144,23.8760,41883108,2010.4,21,0.1314
device,host,1,fp128,16,cmple,262144,23.8600,41911189,2011.7,20,0.1251
device,host,1,fp128,16,cmpeq,262144,23.8419,41942991,2013.3,20,0.1250
device,host,1,fp128,16,select,262144,23.8220,41978073,2686.6,20,0.1249
device,host,1,fp128,16,iand,262144,23.8232,41975868,2014.8,21,0.1311
device,host,1,fp128,16,ior,262144,23.7434,42116962,2021.6,21,0.1307
device,host,1,fp128,16,ixor,262144,23.9327,41783890,2005.6,20,0.1255
device,host,1,fp128,16,iadd,262144,23.8733,41887820,2010.6,21,0.1314
device,host,1,fp128,16,isub,262144,23.8324,41959620,2014.1,21,0.1312
device,host,1,fp128,16,ishl,262144,23.8476,41932870,2012.8,20,0.1250
device,host,1,fp128,16,ishr,262144,23.8491,41930264,2012.7,20,0.1250
device,host,1,fp128,16,icmplt,262144,23.8608,41909776,2011.7,20,0.1251
device,host,1,fp128,16,add,262144,23.8631,41905617,2011.5,20,0.1251
device,host,1,fp128,16,sub,262144,23.8326,41959354,2014.0,20,0.1250
device,host,1,fp128,16,mul,262144,23.8255,41971860,2014.6,20,0.1249
device,host,1,fp128,16,fma,262144,23.8429,41941183,2684.2,20,0.1250
device,resident,1,fp128,16,abs,262144,5.0691,197273555,6312.8,96,0.1276
device,resident,1,fp128,16,neg,262144,5.0855,196639057,6292.4,95,0.1266
device,resident,1,fp128,16,copysign,262144,5.0825,196753192,9444.2,94,0.1252
device,resident,1,fp128,16,min,262144,5.1066,195824666,9399.6,94,0.1258
device,resident,1,fp128,16,max,262144,5.0850,196655058,9439.4,94,0.1253
device,resident,1,fp128,16,minnum,262144,5.0863,196604935,9437.0,94,0.1253
device,resident,1,fp128,16,maxnum,262144,5.0853,196646044,9439.0,94,0.1253
device,resident,1,fp128,16,cmplt,262144,5.0872,196573436,9435.5,94,0.1254
device,resident,1,fp128,16,cmple,262144,5.0859,196620637,9437.8,94,0.1253
device,resident,1,fp128,16,cmpeq,262144,5.0868,196588427,9436.2,95,0.1267
device,resident,1,fp128,16,select,262144,5.0727,197133266,12616.5,94,0.1250
device,resident,1,fp128,16,iand,262144,5.0762,196999074,9456.0,94,0.1251
device,resident,1,fp128,16,ior,262144,5.0845,196675287,9440.4,94,0.1253
device,resident,1,fp128,16,ixor,262144,5.0853,196644892,9439.0,94,0.1253
device,resident,1,fp128,16,iadd,262144,5.0881,196538513,9433.8,95,0.1267
device,resident,1,fp128,16,isub,262144,5.0863,196607246,9437.1,94,0.1253
device,resident,1,fp128,16,ishl,262144,5.0869,196582618,9436.0,94,0.1253
device,resident,1,fp128,16,ishr,262144,5.0856,196632098,9438.3,94,0.1253
device,resident,1,fp128,16,icmplt,262144,5.0858,196624500,9438.0,94,0.1253
device,resident,1,fp128,16,add,262144,5.0866,196595671,9436.6,94,0.1253
device,resident,1,fp128,16,sub,262144,5.0860,196617973,9437.7,94,0.1253
device,resident,1,fp128,16,mul,262144,5.0865,196599513,9436.8,94,0.1253
device,resident,1,fp128,16,fma,262144,5.0860,196617688,12583.5,94,0.1253
device,host,4,fp128,16,abs,262144,16.0475,62314999,1994.1,32,0.1346
device,host,4,fp128,16,neg,262144,22.5343,44376797,1420.1,26,0.1536
device,host,4,fp128,16,copysign,262144,23.3922,42749217,2052.0,21,0.1288
device,host,4,fp128,16,min,262144,23.6580,42269060,2028.9,21,0.1302
device,host,4,fp128,16,max,262144,23.2744,42965742,2062.4,21,0.1281
device,host,4,fp128,16,minnum,262144,23.0160,43448085,2085.5,21,0.1267
device,host,4,fp128,16,maxnum,262144,22.8132,43834285,2104.0,21,0.1256
device,host,4,fp128,16,cmplt,262144,23.3461,42833776,2056.0,22,0.1346
device,host,4,fp128,16,cmple,262144,22.9741,43527299,2089.3,21,0.1265
device,host,4,fp128,16,cmpeq,262144,22.8924,43682558,2096.8,21,0.1260
device,host,4,fp128,16,select,262144,22.8844,43697978,2796.7,21,0.1260
device,host,4,fp128,16,iand,262144,22.9858,43505071,2088.2,21,0.1265
device,host,4,fp128,16,ior,262144,22.9559,43561738,2091.0,21,0.1264
device,host,4,fp128,16,ixor,262144,22.8812,43704014,2097.8,21,0.1260
device,host,4,fp128,16,iadd,262144,22.9239,43622526,2093.9,21,0.1262
device,host,4,fp128,16,isub,262144,23.0000,43478346,2087.0,21,0.1266
device,host,4,fp128,16,ishl,262144,22.8844,43697895,2097.5,21,0.1260
device,host,4,fp128,16,ishr,262144,22.8806,43705206,2097.8,21,0.1260
device,host,4,fp128,16,icmplt,262144,22.8882,43690701,2097.2,21,0.1260
device,host,4,fp128,16,add,262144,22.8983,43671294,2096.2,21,0.1261
device,host,4,fp128,16,sub,262144,23.0355,43411250,2083.7,21,0.1268
device,host,4,fp128,16,mul,262144,22.8877,43691628,2097.2,21,0.1260
device,host,4,fp128,16,fma,262144,22.8866,43693619,2796.4,21,0.1260
device,resident,4,fp128,16,abs,262144,1.5430,648092493,20739.0,326,0.1319
device,resident,4,fp128,16,neg,262144,1.6098,621189452,19878.1,298,0.1258
device,resident,4,fp128,16,copysign,262144,1.5911,628495491,30167.8,299,0.1247
device,resident,4,fp128,16,min,262144,1.5452,647170441,31064.2,308,0.1248
device,resident,4,fp128,16,max,262144,1.5522,644261967,30924.6,309,0.1257
device,resident,4,fp128,16,minnum,262144,1.6089,621540543,29833.9,303,0.1278
device,resident,4,fp128,16,maxnum,262144,1.6211,616855187,29609.0,303,0.1288
device,resident,4,fp128,16,cmplt,262144,1.6230,616139766,29574.7,302,0.1285
device,resident,4,fp128,16,cmple,262144,1.6367,611002036,29328.1,302,0.1296
device,resident,4,fp128,16,cmpeq,262144,1.6229,616189602,29577.1,298,0.1268
device,resident,4,fp128,16,select,262144,1.6241,615720199,39406.1,301,0.1282
device,resident,4,fp128,16,iand,262144,1.6288,613953747,29469.8,300,0.1281
device,resident,4,fp128,16,ior,262144,1.6294,613741281,29459.6,301,0.1286
device,resident,4,fp128,16,ixor,262144,1.6331,612325472,29391.6,302,0.1293
device,resident,4,fp128,16,iadd,262144,1.6323,612616286,29405.6,303,0.1297
device,resident,4,fp128,16,isub,262144,1.6299,613547712,29450.3,301,0.1286
device,resident,4,fp128,16,ishl,262144,1.6268,614710419,29506.1,300,0.1279
device,resident,4,fp128,16,ishr,262144,1.6267,614745947,29507.8,303,0.1292
device,resident,4,fp128,16,icmplt,262144,1.6216,616682394,29600.8,300,0.1275
device,resident,4,fp128,16,add,262144,1.6343,611872428,29369.9,302,0.1294
device,resident,4,fp128,16,sub,262144,1.6227,616241744,29579.6,302,0.1285
device,resident,4,fp128,16,mul,262144,1.6157,618909122,29707.6,302,0.1279
device,resident,4,fp128,16,fma,262144,1.6260,615009979,39360.6,300,0.1279
software,host,0,fp128,16,abs,524288,83.3242,12001321,384.0,3,0.1311
software,host,0,fp128,16,neg,524288,89.3656,11189983,358.1,3,0.1406
software,host,0,fp128,16,copysign,524288,89.9224,11120700,533.8,3,0.1414
software,host,0,fp128,16,min,524288,128.6348,7773944,373.1,2,0.1349
software,host,0,fp128,16,max,524288,128.4083,7787658,373.8,2,0.1346
software,host,0,fp128,16,minnum,524288,129.4920,7722485,370.7,2,0.1358
software,host,0,fp128,16,maxnum,524288,128.7994,7764012,372.7,2,0.1351
software,host,0,fp128,16,cmplt,524288,158.6654,6302571,302.5,2,0.1664
software,host,0,fp128,16,cmple,524288,159.2697,6278657,301.4,2,0.1670
software,host,0,fp128,16,cmpeq,524288,132.2494,7561470,363.0,2,0.1387
software,host,0,fp128,16,select,524288,86.9767,11497328,735.8,3,0.1368
software,host,0,fp128,16,iand,524288,82.5084,12119984,581.8,3,0.1298
software,host,0,fp128,16,ior,524288,83.7842,11935426,572.9,3,0.1318
software,host,0,fp128,16,ixor,524288,83.8467,11926533,572.5,3,0.1319
software,host,0,fp128,16,iadd,524288,89.3709,11189324,537.1,3,0.1406
software,host,0,fp128,16,isub,524288,99.0213,10098840,484.7,3,0.1557
software,host,0,fp128,16,ishl,524288,112.2251,8910662,427.7,3,0.1765
software,host,0,fp128,16,ishr,524288,89.0131,11234296,539.2,3,0.1400
software,host,0,fp128,16,icmplt,524288,100.5462,9945674,477.4,3,0.1581
software,host,0,fp128,16,add,524288,450.7142,2218701,106.5,1,0.2363
software,host,0,fp128,16,sub,524288,462.3802,2162722,103.8,1,0.2424
software,host,0,fp128,16,mul,524288,319.8777,3126195,150.1,1,0.1677
software,host,0,fp128,16,fma,524288,393.0458,2544233,162.8,1,0.2061
device,host,1,fp128,16,abs,524288,20.7739,48137259,1540.4,14,0.1525
device,host,1,fp128,16,neg,524288,21.5678,46365334,1483.7,12,0.1357
device,host,1,fp128,16,copysign,524288,21.5711,46358345,2225.2,12,0.1357
device,host,1,fp128,16,min,524288,21.5695,46361769,2225.4,12,0.1357
device,host,1,fp128,16,max,524288,21.5659,46369460,2225.7,12,0.1357
device,host,1,fp128,16,minnum,524288,21.5764,46346950,2224.7,12,0.1357
device,host,1,fp128,16,maxnum,524288,21.5842,46330282,2223.9,12,0.1358
device,host,1,fp128,16,cmplt,524288,21.5759,46348010,2224.7,12,0.1357
device,host,1,fp128,16,cmple,524288,21.5650,46371361,2225.8,12,0.1357
device,host,1,fp128,16,cmpeq,524288,21.5863,46325596,2223.6,12,0.1358
device,host,1,fp128,16,select,524288,21.5933,46310708,2963.9,12,0.1359
device,host,1,fp128,16,iand,524288,21.5808,46337495,2224.2,12,0.1358
device,host,1,fp128,16,ior,524288,21.5787,46342086,2224.4,12,0.1358
device,host,1,fp128,16,ixor,524288,21.5860,46326288,2223.7,12,0.1358
device,host,1,fp128,16,iadd,524288,21.5793,46340797,2224.4,12,0.1358
device,host,1,fp128,16,isub,524288,21.5710,46358607,2225.2,12,0.1357
device,host,1,fp128,16,ishl,524288,21.5972,46302191,2222.5,12,0.1359
device,host,1,fp128,16,ishr,524288,21.5720,46356361,2225.1,12,0.1357
device,host,1,fp128,16,icmplt,524288,21.5732,46353731,2225.0,12,0.1357
device,host,1,fp128,16,add,524288,21.6703,46146147,2215.0,11,0.1250
device,host,1,fp128,16,sub,524288,21.6062,46283017,2221.6,12,0.1359
device,host,1,fp128,16,mul,524288,21.7590,45958024,2206.0,12,0.1369
device,host,1,fp128,16,fma,524288,21.7096,46062540,2948.0,12,0.1366
device,resident,1,fp128,16,abs,524288,4.7815,209139428,6692.5,51,0.1279
device,resident,1,fp128,16,neg,524288,4.8171,207594443,6643.0,50,0.1263
device,resident,1,fp128,16,copysign,524288,4.8190,207512879,9960.6,50,0.1263
device,resident,1,fp128,16,min,524288,4.8267,207182133,9944.7,50,0.1265
device,resident,1,fp128,16,max,524288,4.8197,207481396,9959.1,50,0.1263
device,resident,1,fp128,16,minnum,524288,4.8225,207360466,9953.3,50,0.1264
device,resident,1,fp128,16,maxnum,524288,4.8464,206337781,9904.2,50,0.1270
device,resident,1,fp128,16,cmplt,524288,4.8468,206320068,9903.4,50,0.1271
device,resident,1,fp128,16,cmple,524288,4.8462,206348642,9904.7,50,0.1270
device,resident,1,fp128,16,cmpeq,524288,4.8464,206340465,9904.3,50,0.1270
device,resident,1,fp128,16,select,524288,4.8483,206259302,13200.6,50,0.1271
device,resident,1,fp128,16,iand,524288,4.8446,206413621,9907.9,50,0.1270
device,resident,1,fp128,16,ior,524288,4.8470,206313006,9903.0,50,0.1271
device,resident,1,fp128,16,ixor,524288,4.8496,206201162,9897.7,49,0.1246
device,resident,1,fp128,16,iadd,524288,4.8469,206316408,9903.2,50,0.1271
device,resident,1,fp128,16,isub,524288,4.8471,206309111,9902.8,50,0.1271
device,resident,1,fp128,16,ishl,524288,4.8479,206275154,9901.2,50,0.1271
device,resident,1,fp128,16,ishr,524288,4.8501,206182510,9896.8,50,0.1271
device,resident,1,fp128,16,icmplt,524288,4.8503,206173770,9896.3,50,0.1271
device,resident,1,fp128,16,add,524288,4.8488,206236575,9899.4,50,0.1271
device,resident,1,fp128,16,sub,524288,4.8472,206305654,9902.7,50,0.1271
device,resident,1,fp128,16,mul,524288,4.8486,206246696,9899.8,50,0.1271
device,resident,1,fp128,16,fma,524288,4.8470,206314989,13204.2,49,0.1245
device,host,4,fp128,16,abs,524288,22.6912,44069873,1410.2,12,0.1428
device,host,4,fp128,16,neg,524288,25.9653,38513007,1232.4,10,0.1361
device,host,4,fp128,16,copysign,524288,26.1169,38289392,1837.9,10,0.1369
device,host,4,fp128,16,min,524288,26.3701,37921711,1820.2,9,0.1244
device,host,4,fp128,16,max,524288,26.4234,37845276,1816.6,10,0.1385
device,host,4,fp128,16,minnum,524288,26.6126,37576122,1803.7,10,0.1395
device,host,4,fp128,16,maxnum,524288,26.6713,37493458,1799.7,10,0.1398
device,host,4,fp128,16,cmplt,524288,26.7969,37317756,1791.3,9,0.1264
device,host,4,fp128,16,cmple,524288,27.0032,37032598,1777.6,9,0.1274
device,host,4,fp128,16,cmpeq,524288,26.2006,38167070,1832.0,10,0.1374
device,host,4,fp128,16,select,524288,26.7931,37322978,2388.7,9,0.1264
device,host,4,fp128,16,iand,524288,26.2724,38062766,1827.0,9,0.1240
device,host,4,fp128,16,ior,524288,26.4233,37845413,1816.6,10,0.1385
device,host,4,fp128,16,ixor,524288,26.7785,37343454,1792.5,10,0.1404
device,host,4,fp128,16,iadd,524288,26.6762,37486617,1799.4,9,0.1259
device,host,4,fp128,16,isub,524288,26.5041,37730080,1811.0,9,0.1251
device,host,4,fp128,16,ishl,524288,26.9898,37050988,1778.4,9,0.1274
device,host,4,fp128,16,ishr,524288,26.5314,37691146,1809.2,10,0.1391
device,host,4,fp128,16,icmplt,524288,26.6654,37501830,1800.1,9,0.1258
device,host,4,fp128,16,add,524288,26.6846,37474839,1798.8,10,0.1399
device,host,4,fp128,16,sub,524288,26.8721,37213268,1786.2,9,0.1268
device,host,4,fp128,16,mul,524288,26.7454,37389638,1794.7,9,0.1262
device,host,4,fp128,16,fma,524288,26.7785,37343450,2390.0,10,0.1404
device,resident,4,fp128,16,abs,524288,1.3853,721885841,23100.3,178,0.1293
device,resident,4,fp128,16,neg,524288,1.3874,720769209,23064.6,172,0.1251
device,resident,4,fp128,16,copysign,524288,1.3948,716951621,34413.7,172,0.1258
device,resident,4,fp128,16,min,524288,1.4110,708703288,34017.8,172,0.1272
device,resident,4,fp128,16,max,524288,1.4080,710209942,34090.1,172,0.1270
device,resident,4,fp128,16,minnum,524288,1.4092,709608139,34061.2,170,0.1256
device,resident,4,fp128,16,maxnum,524288,1.4080,710230509,34091.1,171,0.1262
device,resident,4,fp128,16,cmplt,524288,1.4096,709416892,34052.0,172,0.1271
device,resident,4,fp128,16,cmple,524288,1.4087,709887828,34074.6,171,0.1263
device,resident,4,fp128,16,cmpeq,524288,1.3811,724059378,34754.9,171,0.1238
device,resident,4,fp128,16,select,524288,1.3770,726196047,46476.5,174,0.1256
device,resident,4,fp128,16,iand,524288,1.3990,714780168,34309.4,174,0.1276
device,resident,4,fp128,16,ior,524288,1.4130,707721103,33970.6,171,0.1267
device,resident,4,fp128,16,ixor,524288,1.4096,709441335,34053.2,171,0.1264
device,resident,4,fp128,16,iadd,524288,1.4091,709688648,34065.1,171,0.1263
device,resident,4,fp128,16,isub,524288,1.4093,709584513,34060.1,170,0.1256
device,resident,4,fp128,16,ishl,524288,1.4093,709548679,34058.3,171,0.1264
device,resident,4,fp128,16,ishr,524288,1.4086,709936683,34077.0,171,0.1263
device,resident,4,fp128,16,icmplt,524288,1.4097,709376125,34050.1,172,0.1271
device,resident,4,fp128,16,add,524288,1.4094,709526722,34057.3,171,0.1264
device,resident,4,fp128,16,sub,524288,1.4098,709318462,34047.3,171,0.1264
device,resident,4,fp128,16,mul,524288,1.4118,708332137,33999.9,171,0.1266
device,resident,4,fp128,16,fma,524288,1.4113,708545082,45346.9,171,0.1265
software,host,0,fp128,16,abs,1048576,102.6331,9743442,311.8,2,0.2152
software,host,0,fp128,16,neg,1048576,97.7701,10228074,327.3,1,0.1025
software,host,0,fp128,16,copysign,1048576,90.1142,11097031,532.7,2,0.1890
software,host,0,fp128,16,min,1048576,130.0094,7691750,369.2,1,0.1363
software,host,0,fp128,16,max,1048576,129.8140,7703331,369.8,1,0.1361
software,host,0,fp128,16,minnum,1048576,129.3256,7732419,371.2,1,0.1356
software,host,0,fp128,16,maxnum,1048576,129.3651,7730063,371.0,1,0.1356
software,host,0,fp128,16,cmplt,1048576,161.5035,6191816,297.2,1,0.1693
software,host,0,fp128,16,cmple,1048576,180.0089,5555282,266.7,1,0.1888
software,host,0,fp128,16,cmpeq,1048576,132.4615,7549361,362.4,1,0.1389
software,host,0,fp128,16,select,1048576,87.3215,11451931,732.9,2,0.1831
software,host,0,fp128,16,iand,1048576,84.0355,11899730,571.2,2,0.1762
software,host,0,fp128,16,ior,1048576,84.9166,11776255,565.3,2,0.1781
software,host,0,fp128,16,ixor,1048576,96.7412,10336852,496.2,2,0.2029
software,host,0,fp128,16,iadd,1048576,93.0811,10743319,515.7,2,0.1952
software,host,0,fp128,16,isub,1048576,116.0450,8617344,413.6,1,0.1217
software,host,0,fp128,16,ishl,1048576,122.2624,8179128,392.6,1,0.1282
software,host,0,fp128,16,ishr,1048576,88.8626,11253333,540.2,2,0.1864
software,host,0,fp128,16,icmplt,1048576,101.0890,9892278,474.8,1,0.1060
software,host,0,fp128,16,add,1048576,449.8027,2223197,106.7,1,0.4717
software,host,0,fp128,16,sub,1048576,463.3981,2157972,103.6,1,0.4859
software,host,0,fp128,16,mul,1048576,320.2000,3123048,149.9,1,0.3358
software,host,0,fp128,16,fma,1048576,392.8880,2545254,162.9,1,0.4120
device,host,1,fp128,16,abs,1048576,18.5283,53971388,1727.1,8,0.1554
device,host,1,fp128,16,neg,1048576,21.9508,45556359,1457.8,6,0.1381
device,host,1,fp128,16,copysign,1048576,21.9397,45579566,2187.8,6,0.1380
device,host,1,fp128,16,min,1048576,21.9568,45543887,2186.1,6,0.1381
device,host,1,fp128,16,max,1048576,21.9779,45500276,2184.0,6,0.1383
device,host,1,fp128,16,minnum,1048576,22.0513,45348701,2176.7,6,0.1387
device,host,1,fp128,16,maxnum,1048576,21.9300,45599648,2188.8,6,0.1380
device,host,1,fp128,16,cmplt,1048576,21.9562,45545210,2186.2,6,0.1381
device,host,1,fp128,16,cmple,1048576,21.9766,45502942,2184.1,6,0.1383
device,host,1,fp128,16,cmpeq,1048576,22.0244,45404092,2179.4,6,0.1386
device,host,1,fp128,16,select,1048576,21.9571,45543450,2914.8,6,0.1381
device,host,1,fp128,16,iand,1048576,22.1674,45111231,2165.3,6,0.1395
device,host,1,fp128,16,ior,1048576,21.9471,45564136,2187.1,6,0.1381
device,host,1,fp128,16,ixor,1048576,21.9880,45479313,2183.0,6,0.1383
device,host,1,fp128,16,iadd,1048576,21.9306,45598439,2188.7,6,0.1380
device,host,1,fp128,16,isub,1048576,22.0063,45441595,2181.2,6,0.1385
device,host,1,fp128,16,ishl,1048576,22.0009,45452649,2181.7,6,0.1384
device,host,1,fp128,16,ishr,1048576,22.0090,45436002,2180.9,6,0.1385
device,host,1,fp128,16,icmplt,1048576,21.9645,45528061,2185.3,6,0.1382
device,host,1,fp128,16,add,1048576,21.9610,45535177,2185.7,6,0.1382
device,host,1,fp128,16,sub,1048576,22.0685,45313436,2175.0,6,0.1388
device,host,1,fp128,16,mul,1048576,21.9764,45503315,2184.2,6,0.1383
device,host,1,fp128,16,fma,1048576,22.0936,45262024,2896.8,6,0.1390
device,resident,1,fp128,16,abs,1048576,4.7188,211917896,6781.4,26,0.1286
device,resident,1,fp128,16,neg,1048576,4.7225,211754112,6776.1,26,0.1287
device,resident,1,fp128,16,copysign,1048576,4.7225,211751643,10164.1,26,0.1287
device,resident,1,fp128,16,min,1048576,4.7203,211850753,10168.8,26,0.1287
device,resident,1,fp128,16,max,1048576,4.7217,211789767,10165.9,26,0.1287
device,resident,1,fp128,16,minnum,1048576,4.7430,210834811,10120.1,26,0.1293
device,resident,1,fp128,16,maxnum,1048576,4.7416,210901050,10123.3,26,0.1293
device,resident,1,fp128,16,cmplt,1048576,4.7469,210661731,10111.8,26,0.1294
device,resident,1,fp128,16,cmple,1048576,4.7406,210942207,10125.2,26,0.1292
device,resident,1,fp128,16,cmpeq,1048576,4.7407,210941303,10125.2,26,0.1292
device,resident,1,fp128,16,select,1048576,4.7422,210873450,13495.9,26,0.1293
device,resident,1,fp128,16,iand,1048576,4.7439,210796554,10118.2,26,0.1293
device,resident,1,fp128,16,ior,1048576,4.7420,210880141,10122.2,26,0.1293
device,resident,1,fp128,16,ixor,1048576,4.7353,211181546,10136.7,26,0.1291
device,resident,1,fp128,16,iadd,1048576,4.7348,211200988,10137.6,26,0.1291
device,resident,1,fp128,16,isub,1048576,4.7339,211241195,10139.6,26,0.1291
device,resident,1,fp128,16,ishl,1048576,4.7387,211027863,10129.3,26,0.1292
device,resident,1,fp128,16,ishr,1048576,4.7354,211174240,10136.4,26,0.1291
device,resident,1,fp128,16,icmplt,1048576,4.7343,211224298,10138.8,26,0.1291
device,resident,1,fp128,16,add,1048576,4.7338,211246143,10139.8,26,0.1291
device,resident,1,fp128,16,sub,1048576,4.7349,211196441,10137.4,26,0.1291
device,resident,1,fp128,16,mul,1048576,4.7332,211275643,10141.2,26,0.1290
device,resident,1,fp128,16,fma,1048576,4.7345,211216329,13517.8,26,0.1291
device,host,4,fp128,16,abs,1048576,20.9419,47751152,1528.0,6,0.1318
device,host,4,fp128,16,neg,1048576,25.6521,38983215,1247.5,6,0.1614
device,host,4,fp128,16,copysign,1048576,26.7070,37443354,1797.3,5,0.1400
device,host,4,fp128,16,min,1048576,24.3254,41109333,1973.2,5,0.1275
device,host,4,fp128,16,max,1048576,25.9973,38465463,1846.3,5,0.1363
device,host,4,fp128,16,minnum,1048576,28.0370,35667204,1712.0,5,0.1470
device,host,4,fp128,16,maxnum,1048576,27.8074,35961644,1726.2,5,0.1458
device,host,4,fp128,16,cmplt,1048576,27.6794,36127891,1734.1,5,0.1451
device,host,4,fp128,16,cmple,1048576,27.8312,35930850,1724.7,5,0.1459
device,host,4,fp128,16,cmpeq,1048576,27.7821,35994431,1727.7,5,0.1457
device,host,4,fp128,16,select,1048576,27.7258,36067511,2308.3,5,0.1454
device,host,4,fp128,16,iand,1048576,27.8376,35922634,1724.3,5,0.1459
device,host,4,fp128,16,ior,1048576,27.8798,35868307,1721.7,5,0.1462
device,host,4,fp128,16,ixor,1048576,27.7939,35979113,1727.0,5,0.1457
device,host,4,fp128,16,iadd,1048576,27.9287,35805458,1718.7,5,0.1464
device,host,4,fp128,16,isub,1048576,27.7571,36026882,1729.3,5,0.1455
device,host,4,fp128,16,ishl,1048576,27.8968,35846382,1720.6,5,0.1463
device,host,4,fp128,16,ishr,1048576,27.8097,35958738,1726.0,5,0.1458
device,host,4,fp128,16,icmplt,1048576,27.7812,35995626,1727.8,5,0.1457
device,host,4,fp128,16,add,1048576,27.1232,36868769,1769.7,5,0.1422
device,host,4,fp128,16,sub,1048576,27.8764,35872672,1721.9,5,0.1462
device,host,4,fp128,16,mul,1048576,27.7173,36078600,1731.8,5,0.1453
device,host,4,fp128,16,fma,1048576,27.8187,35947024,2300.6,5,0.1459
device,resident,4,fp128,16,abs,1048576,1.2755,783992459,25087.8,95,0.1271
device,resident,4,fp128,16,neg,1048576,1.2795,781556728,25009.8,94,0.1261
device,resident,4,fp128,16,copysign,1048576,1.2853,778006127,37344.3,94,0.1267
device,resident,4,fp128,16,min,1048576,1.2871,776956552,37293.9,94,0.1269
device,resident,4,fp128,16,max,1048576,1.2857,777791492,37334.0,94,0.1267
device,resident,4,fp128,16,minnum,1048576,1.2851,778149816,37351.2,94,0.1267
device,resident,4,fp128,16,maxnum,1048576,1.2849,778274938,37357.2,94,0.1266
device,resident,4,fp128,16,cmplt,1048576,1.2853,778021843,37345.0,94,0.1267
device,resident,4,fp128,16,cmple,1048576,1.2861,777517649,37320.8,94,0.1268
device,resident,4,fp128,16,cmpeq,1048576,1.2877,776588049,37276.2,94,0.1269
device,resident,4,fp128,16,select,1048576,1.2881,776312814,49684.0,94,0.1270
device,resident,4,fp128,16,iand,1048576,1.2874,776736784,37283.4,94,0.1269
device,resident,4,fp128,16,ior,1048576,1.2855,777919230,37340.1,94,0.1267
device,resident,4,fp128,16,ixor,1048576,1.2863,777428027,37316.5,94,0.1268
device,resident,4,fp128,16,iadd,1048576,1.2862,777480575,37319.1,94,0.1268
device,resident,4,fp128,16,isub,1048576,1.2866,777223252,37306.7,94,0.1268
device,resident,4,fp128,16,ishl,1048576,1.2860,777581195,37323.9,94,0.1268
device,resident,4,fp128,16,ishr,1048576,1.2863,777428585,37316.6,94,0.1268
device,resident,4,fp128,16,icmplt,1048576,1.2862,777506542,37320.3,94,0.1268
device,resident,4,fp128,16,add,1048576,1.2854,777984241,37343.2,94,0.1267
device,resident,4,fp128,16,sub,1048576,1.2872,776899991,37291.2,94,0.1269
device,resident,4,fp128,16,mul,1048576,1.2879,776482210,37271.1,94,0.1269
device,resident,4,fp128,16,fma,1048576,1.2863,777416021,49754.6,94,0.1268
software,host,0,fp128,16,abs,2097152,83.8558,11925234,381.6,1,0.1759
software,host,0,fp128,16,neg,2097152,89.7004,11148224,356.7,1,0.1881
software,host,0,fp128,16,copysign,2097152,90.2999,11074207,531.6,1,0.1894
software,host,0,fp128,16,min,2097152,128.9520,7754825,372.2,1,0.2704
software,host,0,fp128,16,max,2097152,128.7289,7768262,372.9,1,0.2700
software,host,0,fp128,16,minnum,2097152,129.3372,7731730,371.1,1,0.2712
software,host,0,fp128,16,maxnum,2097152,129.4608,7724343,370.8,1,0.2715
software,host,0,fp128,16,cmplt,2097152,159.3560,6275258,301.2,1,0.3342
software,host,0,fp128,16,cmple,2097152,159.7184,6261019,300.5,1,0.3350
software,host,0,fp128,16,cmpeq,2097152,132.7284,7534182,361.6,1,0.2784
software,host,0,fp128,16,select,2097152,87.8744,11379874,728.3,1,0.1843
software,host,0,fp128,16,iand,2097152,83.4671,11980766,575.1,1,0.1750
software,host,0,fp128,16,ior,2097152,84.0268,11900966,571.2,1,0.1762
software,host,0,fp128,16,ixor,2097152,83.3098,12003393,576.2,1,0.1747
software,host,0,fp128,16,iadd,2097152,89.6133,11159052,535.6,1,0.1879
software,host,0,fp128,16,isub,2097152,100.0638,9993621,479.7,1,0.2098
software,host,0,fp128,16,ishl,2097152,112.8490,8861397,425.3,1,0.2367
software,host,0,fp128,16,ishr,2097152,88.8794,11251198,540.1,1,0.1864
software,host,0,fp128,16,icmplt,2097152,100.8433,9916377,476.0,1,0.2115
software,host,0,fp128,16,add,2097152,452.3574,2210641,106.1,1,0.9487
software,host,0,fp128,16,sub,2097152,465.4198,2148598,103.1,1,0.9761
software,host,0,fp128,16,mul,2097152,320.0080,3124922,150.0,1,0.6711
software,host,0,fp128,16,fma,2097152,413.9369,2415827,154.6,1,0.8681
device,host,1,fp128,16,abs,2097152,18.6027,53755771,1720.2,4,0.1561
device,host,1,fp128,16,neg,2097152,22.3337,44775463,1432.8,3,0.1405
device,host,1,fp128,16,copysign,2097152,22.4383,44566616,2139.2,3,0.1412
device,host,1,fp128,16,min,2097152,22.3333,44776115,2149.3,3,0.1405
device,host,1,fp128,16,max,2097152,22.4419,44559587,2138.9,3,0.1412
device,host,1,fp128,16,minnum,2097152,22.4253,44592577,2140.4,3,0.1411
device,host,1,fp128,16,maxnum,2097152,22.3152,44812475,2151.0,3,0.1404
device,host,1,fp128,16,cmplt,2097152,22.4564,44530731,2137.5,3,0.1413
device,host,1,fp128,16,cmple,2097152,22.3689,44705007,2145.8,3,0.1407
device,host,1,fp128,16,cmpeq,2097152,22.4135,44615933,2141.6,3,0.1410
device,host,1,fp128,16,select,2097152,22.3093,44824454,2868.8,3,0.1404
device,host,1,fp128,16,iand,2097152,22.2450,44954016,2157.8,3,0.1400
device,host,1,fp128,16,ior,2097152,22.3872,44668396,2144.1,3,0.1408
device,host,1,fp128,16,ixor,2097152,22.3098,44823378,2151.5,3,0.1404
device,host,1,fp128,16,iadd,2097152,22.4442,44555008,2138.6,3,0.1412
device,host,1,fp128,16,isub,2097152,22.4207,44601731,2140.9,3,0.1411
device,host,1,fp128,16,ishl,2097152,22.3634,44715858,2146.4,3,0.1407
device,host,1,fp128,16,ishr,2097152,22.4192,44604711,2141.0,3,0.1410
device,host,1,fp128,16,icmplt,2097152,22.4411,44561049,2138.9,3,0.1412
device,host,1,fp128,16,add,2097152,22.3294,44784016,2149.6,3,0.1405
device,host,1,fp128,16,sub,2097152,22.4383,44566598,2139.2,3,0.1412
device,host,1,fp128,16,mul,2097152,22.3473,44748092,2147.9,3,0.1406
device,host,1,fp128,16,fma,2097152,22.3045,44833918,2869.4,3,0.1403
device,resident,1,fp128,16,abs,2097152,4.6732,213986321,6847.6,13,0.1274
device,resident,1,fp128,16,neg,2097152,4.6819,213589185,6834.9,13,0.1276
device,resident,1,fp128,16,copysign,2097152,4.6793,213707466,10258.0,13,0.1276
device,resident,1,fp128,16,min,2097152,4.6795,213699095,10257.6,13,0.1276
device,resident,1,fp128,16,max,2097152,4.6807,213642153,10254.8,13,0.1276
device,resident,1,fp128,16,minnum,2097152,4.6791,213715971,10258.4,13,0.1276
device,resident,1,fp128,16,maxnum,2097152,4.6801,213672535,10256.3,13,0.1276
device,resident,1,fp128,16,cmplt,2097152,4.6791,213717536,10258.4,13,0.1276
device,resident,1,fp128,16,cmple,2097152,4.6802,213665062,10255.9,13,0.1276
device,resident,1,fp128,16,cmpeq,2097152,4.6810,213628334,10254.2,13,0.1276
device,resident,1,fp128,16,select,2097152,4.6802,213664844,13674.6,13,0.1276
device,resident,1,fp128,16,iand,2097152,4.6794,213703238,10257.8,13,0.1276
device,resident,1,fp128,16,ior,2097152,4.6801,213672535,10256.3,13,0.1276
device,resident,1,fp128,16,ixor,2097152,4.6792,213711930,10258.2,13,0.1276
device,resident,1,fp128,16,iadd,2097152,4.6783,213753185,10260.2,13,0.1275
device,resident,1,fp128,16,isub,2097152,4.6794,213703181,10257.8,13,0.1276
device,resident,1,fp128,16,ishl,2097152,4.6808,213637131,10254.6,13,0.1276
device,resident,1,fp128,16,ishr,2097152,4.6799,213677523,10256.5,13,0.1276
device,resident,1,fp128,16,icmplt,2097152,4.6792,213713557,10258.3,13,0.1276
device,resident,1,fp128,16,add,2097152,4.6804,213654742,10255.4,13,0.1276
device,resident,1,fp128,16,sub,2097152,4.6789,213723877,10258.7,13,0.1276
device,resident,1,fp128,16,mul,2097152,4.6805,213651860,10255.3,13,0.1276
device,resident,1,fp128,16,fma,2097152,4.6809,213635597,13672.7,13,0.1276
device,host,4,fp128,16,abs,2097152,16.0134,62447586,1998.3,5,0.1679
device,host,4,fp128,16,neg,2097152,19.5303,51202572,1638.5,4,0.1638
device,host,4,fp128,16,copysign,2097152,19.5518,51146304,2455.0,4,0.1640
device,host,4,fp128,16,min,2097152,19.5645,51113098,2453.4,4,0.1641
device,host,4,fp128,16,max,2097152,19.5641,51114045,2453.5,4,0.1641
device,host,4,fp128,16,minnum,2097152,19.5275,51209714,2458.1,4,0.1638
device,host,4,fp128,16,maxnum,2097152,19.5180,51234673,2459.3,4,0.1637
device,host,4,fp128,16,cmplt,2097152,19.4826,51327883,2463.7,4,0.1634
device,host,4,fp128,16,cmple,2097152,19.0990,52358797,2513.2,4,0.1602
device,host,4,fp128,16,cmpeq,2097152,19.5169,51237609,2459.4,4,0.1637
device,host,4,fp128,16,select,2097152,19.5346,51191161,3276.2,4,0.1639
device,host,4,fp128,16,iand,2097152,19.5384,51181210,2456.7,4,0.1639
device,host,4,fp128,16,ior,2097152,19.5098,51256314,2460.3,4,0.1637
device,host,4,fp128,16,ixor,2097152,19.4730,51353172,2465.0,4,0.1634
device,host,4,fp128,16,iadd,2097152,19.2845,51855071,2489.0,4,0.1618
device,host,4,fp128,16,isub,2097152,19.4198,51493771,2471.7,4,0.1629
device,host,4,fp128,16,ishl,2097152,19.5415,51173178,2456.3,4,0.1639
device,host,4,fp128,16,ishr,2097152,19.5679,51104119,2453.0,4,0.1641
device,host,4,fp128,16,icmplt,2097152,19.5185,51233574,2459.2,4,0.1637
device,host,4,fp128,16,add,2097152,19.5456,51162480,2455.8,4,0.1640
device,host,4,fp128,16,sub,2097152,19.5048,51269367,2460.9,4,0.1636
device,host,4,fp128,16,mul,2097152,19.5376,51183335,2456.8,4,0.1639
device,host,4,fp128,16,fma,2097152,19.5517,51146407,3273.4,4,0.1640
device,resident,4,fp128,16,abs,2097152,1.2128,824531764,26385.0,49,0.1246
device,resident,4,fp128,16,neg,2097152,1.2227,817857212,26171.4,49,0.1256
device,resident,4,fp128,16,copysign,2097152,1.2215,818672386,39296.3,49,0.1255
device,resident,4,fp128,16,min,2097152,1.2205,819348481,39328.7,49,0.1254
device,resident,4,fp128,16,max,2097152,1.2206,819295704,39326.2,49,0.1254
device,resident,4,fp128,16,minnum,2097152,1.2215,818639932,39294.7,49,0.1255
device,resident,4,fp128,16,maxnum,2097152,1.2213,818798357,39302.3,48,0.1229
device,resident,4,fp128,16,cmplt,2097152,1.2212,818855811,39305.1,49,0.1255
device,resident,4,fp128,16,cmple,2097152,1.2223,818136755,39270.6,49,0.1256
device,resident,4,fp128,16,cmpeq,2097152,1.2206,819258760,39324.4,49,0.1254
device,resident,4,fp128,16,select,2097152,1.2213,818801768,52403.3,49,0.1255
device,resident,4,fp128,16,iand,2097152,1.2220,818356605,39281.1,49,0.1256
device,resident,4,fp128,16,ior,2097152,1.2215,818667442,39296.0,49,0.1255
device,resident,4,fp128,16,ixor,2097152,1.2216,818597355,39292.7,49,0.1255
device,resident,4,fp128,16,iadd,2097152,1.2219,818418164,39284.1,49,0.1256
device,resident,4,fp128,16,isub,2097152,1.2220,818330824,39279.9,49,0.1256
device,resident,4,fp128,16,ishl,2097152,1.2211,818915488,39307.9,49,0.1255
device,resident,4,fp128,16,ishr,2097152,1.2212,818872314,39305.9,49,0.1255
device,resident,4,fp128,16,icmplt,2097152,1.2214,818739851,39299.5,49,0.1255
device,resident,4,fp128,16,add,2097152,1.2214,818731064,39299.1,49,0.1255
device,resident,4,fp128,16,sub,2097152,1.2215,818667383,39296.0,49,0.1255
device,resident,4,fp128,16,mul,2097152,1.2221,818253477,39276.2,49,0.1256
device,resident,4,fp128,16,fma,2097152,1.2219,818411450,52378.3,49,0.1256
software,host,0,fp128,16,abs,4194304,83.3584,11996386,383.9,1,0.3496
software,host,0,fp128,16,neg,4194304,89.9030,11123105,355.9,1,0.3771
software,host,0,fp128,16,copysign,4194304,90.0020,11110863,533.3,1,0.3775
software,host,0,fp128,16,min,4194304,130.3890,7669357,368.1,1,0.5469
software,host,0,fp128,16,max,4194304,128.4401,7785729,373.7,1,0.5387
software,host,0,fp128,16,minnum,4194304,128.9714,7753655,372.2,1,0.5409
software,host,0,fp128,16,maxnum,4194304,129.0833,7746936,371.9,1,0.5414
software,host,0,fp128,16,cmplt,4194304,158.7690,6298459,302.3,1,0.6659
software,host,0,fp128,16,cmple,4194304,159.5136,6269060,300.9,1,0.6690
software,host,0,fp128,16,cmpeq,4194304,132.6194,7540376,361.9,1,0.5562
software,host,0,fp128,16,select,4194304,87.0199,11491630,735.5,1,0.3650
software,host,0,fp128,16,iand,4194304,82.5447,12114654,581.5,1,0.3462
software,host,0,fp128,16,ior,4194304,83.8514,11925860,572.4,1,0.3517
software,host,0,fp128,16,ixor,4194304,83.3701,11994713,575.7,1,0.3497
software,host,0,fp128,16,iadd,4194304,89.6583,11153453,535.4,1,0.3761
software,host,0,fp128,16,isub,4194304,99.2645,10074091,483.6,1,0.4163
software,host,0,fp128,16,ishl,4194304,112.4396,8893665,426.9,1,0.4716
software,host,0,fp128,16,ishr,4194304,98.8384,10117527,485.6,1,0.4146
software,host,0,fp128,16,icmplt,4194304,101.0295,9898099,475.1,1,0.4237
software,host,0,fp128,16,add,4194304,450.1205,2221627,106.6,1,1.8879
software,host,0,fp128,16,sub,4194304,462.6647,2161393,103.7,1,1.9406
software,host,0,fp128,16,mul,4194304,329.2326,3037366,145.8,1,1.3809
software,host,0,fp128,16,fma,4194304,401.5056,2490625,159.4,1,1.6840
device,host,1,fp128,16,abs,4194304,19.6305,50941025,1630.1,2,0.1647
device,host,1,fp128,16,neg,4194304,22.9075,43653758,1396.9,2,0.1922
device,host,1,fp128,16,copysign,4194304,22.5513,44343418,2128.5,2,0.1892
device,host,1,fp128,16,min,4194304,22.5644,44317595,2127.2,2,0.1893
device,host,1,fp128,16,max,4194304,22.5676,44311240,2126.9,2,0.1893
device,host,1,fp128,16,minnum,4194304,22.5717,44303193,2126.6,2,0.1893
device,host,1,fp128,16,maxnum,4194304,22.6338,44181615,2120.7,2,0.1899
device,host,1,fp128,16,cmplt,4194304,22.6184,44211699,2122.2,2,0.1897
device,host,1,fp128,16,cmple,4194304,22.7276,43999454,2112.0,2,0.1907
device,host,1,fp128,16,cmpeq,4194304,22.6678,44115370,2117.5,2,0.1902
device,host,1,fp128,16,select,4194304,22.5346,44376252,2840.1,2,0.1890
device,host,1,fp128,16,iand,4194304,22.1939,45057335,2162.8,2,0.1862
device,host,1,fp128,16,ior,4194304,22.6729,44105500,2117.1,2,0.1902
device,host,1,fp128,16,ixor,4194304,22.6907,44070827,2115.4,2,0.1903
device,host,1,fp128,16,iadd,4194304,22.7222,44009796,2112.5,2,0.1906
device,host,1,fp128,16,isub,4194304,22.1428,45161367,2167.7,2,0.1857
device,host,1,fp128,16,ishl,4194304,22.7098,44033824,2113.6,2,0.1905
device,host,1,fp128,16,ishr,4194304,22.8096,43841160,2104.4,2,0.1913
device,host,1,fp128,16,icmplt,4194304,22.6892,44073799,2115.5,2,0.1903
device,host,1,fp128,16,add,4194304,22.6369,44175590,2120.4,2,0.1899
device,host,1,fp128,16,sub,4194304,22.5663,44313799,2127.1,2,0.1893
device,host,1,fp128,16,mul,4194304,22.6254,44198178,2121.5,2,0.1898
device,host,1,fp128,16,fma,4194304,22.7421,43971293,2814.2,2,0.1908
device,resident,1,fp128,16,abs,4194304,4.6540,214868621,6875.8,7,0.1366
device,resident,1,fp128,16,neg,4194304,4.6570,214729898,6871.4,7,0.1367
device,resident,1,fp128,16,copysign,4194304,4.6578,214693460,10305.3,7,0.1368
device,resident,1,fp128,16,min,4194304,4.6567,214743164,10307.7,7,0.1367
device,resident,1,fp128,16,max,4194304,4.6569,214732866,10307.2,7,0.1367
device,resident,1,fp128,16,minnum,4194304,4.6565,214751787,10308.1,7,0.1367
device,resident,1,fp128,16,maxnum,4194304,4.6576,214703186,10305.8,7,0.1367
device,resident,1,fp128,16,cmplt,4194304,4.6569,214734846,10307.3,7,0.1367
device,resident,1,fp128,16,cmple,4194304,4.6568,214740752,10307.6,7,0.1367
device,resident,1,fp128,16,cmpeq,4194304,4.6581,214678010,10304.5,7,0.1368
device,resident,1,fp128,16,select,4194304,4.6567,214746365,13743.8,7,0.1367
device,resident,1,fp128,16,iand,4194304,4.6568,214740466,10307.5,7,0.1367
device,resident,1,fp128,16,ior,4194304,4.6572,214720295,10306.6,7,0.1367
device,resident,1,fp128,16,ixor,4194304,4.6577,214696727,10305.4,7,0.1368
device,resident,1,fp128,16,iadd,4194304,4.6573,214717380,10306.4,7,0.1367
device,resident,1,fp128,16,isub,4194304,4.6573,214717542,10306.4,7,0.1367
device,resident,1,fp128,16,ishl,4194304,4.6580,214682965,10304.8,7,0.1368
device,resident,1,fp128,16,ishr,4194304,4.6563,214761698,10308.6,7,0.1367
device,resident,1,fp128,16,icmplt,4194304,4.6577,214698780,10305.5,7,0.1368
device,resident,1,fp128,16,add,4194304,4.6575,214705968,10305.9,7,0.1367
device,resident,1,fp128,16,sub,4194304,4.6563,214764731,10308.7,7,0.1367
device,resident,1,fp128,16,mul,4194304,4.6572,214720844,10306.6,7,0.1367
device,resident,1,fp128,16,fma,4194304,4.6570,214729062,13742.7,7,0.1367
device,host,4,fp128,16,abs,4194304,15.6048,64082720,2050.6,3,0.1964
device,host,4,fp128,16,neg,4194304,19.0586,52469665,1679.0,2,0.1599
device,host,4,fp128,16,copysign,4194304,19.0394,52522750,2521.1,2,0.1597
device,host,4,fp128,16,min,4194304,19.0910,52380750,2514.3,2,0.1601
device,host,4,fp128,16,max,4194304,19.1109,52326209,2511.7,2,0.1603
device,host,4,fp128,16,minnum,4194304,19.0480,52499003,2520.0,2,0.1598
device,host,4,fp128,16,maxnum,4194304,19.0541,52482126,2519.1,2,0.1598
device,host,4,fp128,16,cmplt,4194304,19.0186,52580017,2523.8,2,0.1595
device,host,4,fp128,16,cmple,4194304,17.9614,55675029,2672.4,2,0.1507
device,host,4,fp128,16,cmpeq,4194304,19.1364,52256513,2508.3,2,0.1605
device,host,4,fp128,16,select,4194304,19.0404,52519774,3361.3,2,0.1597
device,host,4,fp128,16,iand,4194304,19.1047,52343170,2512.5,2,0.1603
device,host,4,fp128,16,ior,4194304,19.1016,52351508,2512.9,2,0.1602
device,host,4,fp128,16,ixor,4194304,19.0552,52479069,2519.0,2,0.1598
device,host,4,fp128,16,iadd,4194304,19.0733,52429325,2516.6,2,0.1600
device,host,4,fp128,16,isub,4194304,19.0701,52438081,2517.0,2,0.1600
device,host,4,fp128,16,ishl,4194304,19.0824,52404388,2515.4,2,0.1601
device,host,4,fp128,16,ishr,4194304,19.0376,52527671,2521.3,2,0.1597
device,host,4,fp128,16,icmplt,4194304,19.0051,52617472,2525.6,2,0.1594
device,host,4,fp128,16,add,4194304,19.0343,52536821,2521.8,2,0.1597
device,host,4,fp128,16,sub,4194304,19.0313,52545069,2522.2,2,0.1596
device,host,4,fp128,16,mul,4194304,18.6511,53616001,2573.6,2,0.1565
device,host,4,fp128,16,fma,4194304,19.0509,52491040,3359.4,2,0.1598
device,resident,4,fp128,16,abs,4194304,1.1871,842364517,26955.7,25,0.1245
device,resident,4,fp128,16,neg,4194304,1.1905,839948999,26878.4,26,0.1298
device,resident,4,fp128,16,copysign,4194304,1.1902,840170620,40328.2,26,0.1298
device,resident,4,fp128,16,min,4194304,1.1873,842246345,40427.8,26,0.1295
device,resident,4,fp128,16,max,4194304,1.1861,843117518,40469.6,26,0.1293
device,resident,4,fp128,16,minnum,4194304,1.1858,843282011,40477.5,26,0.1293
device,resident,4,fp128,16,maxnum,4194304,1.1859,843251318,40476.1,26,0.1293
device,resident,4,fp128,16,cmplt,4194304,1.1856,843466125,40486.4,26,0.1293
device,resident,4,fp128,16,cmple,4194304,1.1855,843531773,40489.5,26,0.1293
device,resident,4,fp128,16,cmpeq,4194304,1.1856,843430846,40484.7,26,0.1293
device,resident,4,fp128,16,select,4194304,1.1867,842697674,53932.7,26,0.1294
device,resident,4,fp128,16,iand,4194304,1.1862,843050880,40466.4,26,0.1294
device,resident,4,fp128,16,ior,4194304,1.1868,842627474,40446.1,26,0.1294
device,resident,4,fp128,16,ixor,4194304,1.1862,843061914,40467.0,26,0.1294
device,resident,4,fp128,16,iadd,4194304,1.1858,843336145,40480.1,26,0.1293
device,resident,4,fp128,16,isub,4194304,1.1866,842767403,40452.8,26,0.1294
device,resident,4,fp128,16,ishl,4194304,1.1866,842714397,40450.3,26,0.1294
device,resident,4,fp128,16,ishr,4194304,1.1868,842578158,40443.8,26,0.1294
device,resident,4,fp128,16,icmplt,4194304,1.1858,843296064,40478.2,26,0.1293
device,resident,4,fp128,16,add,4194304,1.1861,843108523,40469.2,26,0.1293
device,resident,4,fp128,16,sub,4194304,1.1862,843011562,40464.6,26,0.1294
device,resident,4,fp128,16,mul,4194304,1.1865,842827789,40455.7,26,0.1294
device,resident,4,fp128,16,fma,4194304,1.1861,843090012,53957.8,26,0.1293
software,host,0,fp128,16,abs,8388608,83.5630,11967018,382.9,1,0.7010
software,host,0,fp128,16,neg,8388608,91.2263,10961751,350.8,1,0.7653
software,host,0,fp128,16,copysign,8388608,90.0640,11103213,533.0,1,0.7555
software,host,0,fp128,16,min,8388608,129.2170,7738920,371.5,1,1.0840
software,host,0,fp128,16,max,8388608,128.7570,7766567,372.8,1,1.0801
software,host,0,fp128,16,minnum,8388608,129.3754,7729447,371.0,1,1.0853
software,host,0,fp128,16,maxnum,8388608,129.1038,7745707,371.8,1,1.0830
software,host,0,fp128,16,cmplt,8388608,163.1560,6129104,294.2,1,1.3687
software,host,0,fp128,16,cmple,8388608,162.3123,6160961,295.7,1,1.3616
software,host,0,fp128,16,cmpeq,8388608,132.2413,7561936,363.0,1,1.1093
software,host,0,fp128,16,select,8388608,87.1705,11471773,734.2,1,0.7312
software,host,0,fp128,16,iand,8388608,82.6422,12100352,580.8,1,0.6933
software,host,0,fp128,16,ior,8388608,83.8528,11925661,572.4,1,0.7034
software,host,0,fp128,16,ixor,8388608,83.3180,12002213,576.1,1,0.6989
software,host,0,fp128,16,iadd,8388608,89.7934,11136677,534.6,1,0.7532
software,host,0,fp128,16,isub,8388608,99.3616,10064246,483.1,1,0.8335
software,host,0,fp128,16,ishl,8388608,112.6855,8874260,426.0,1,0.9453
software,host,0,fp128,16,ishr,8388608,89.1549,11216437,538.4,1,0.7479
software,host,0,fp128,16,icmplt,8388608,101.2741,9874192,474.0,1,0.8495
software,host,0,fp128,16,add,8388608,456.0733,2192630,105.2,1,3.8258
software,host,0,fp128,16,sub,8388608,464.6708,2152061,103.3,1,3.8979
software,host,0,fp128,16,mul,8388608,320.2133,3122919,149.9,1,2.6861
software,host,0,fp128,16,fma,8388608,392.0833,2550478,163.2,1,3.2890
device,host,1,fp128,16,abs,8388608,18.0113,55520597,1776.7,1,0.1511
device,host,1,fp128,16,neg,8388608,21.7410,45996091,1471.9,1,0.1824
device,host,1,fp128,16,copysign,8388608,21.8619,45741680,2195.6,1,0.1834
device,host,1,fp128,16,min,8388608,21.9804,45495043,2183.8,1,0.1844
device,host,1,fp128,16,max,8388608,21.9959,45463002,2182.2,1,0.1845
device,host,1,fp128,16,minnum,8388608,21.9534,45550982,2186.4,1,0.1842
device,host,1,fp128,16,maxnum,8388608,22.1081,45232323,2171.2,1,0.1855
device,host,1,fp128,16,cmplt,8388608,21.8569,45752209,2196.1,1,0.1833
device,host,1,fp128,16,cmple,8388608,21.9978,45459134,2182.0,1,0.1845
device,host,1,fp128,16,cmpeq,8388608,21.9503,45557515,2186.8,1,0.1841
device,host,1,fp128,16,select,8388608,21.9038,45654246,2921.9,1,0.1837
device,host,1,fp128,16,iand,8388608,21.9933,45468331,2182.5,1,0.1845
device,host,1,fp128,16,ior,8388608,22.0206,45411967,2179.8,1,0.1847
device,host,1,fp128,16,ixor,8388608,21.9658,45525323,2185.2,1,0.1843
device,host,1,fp128,16,iadd,8388608,22.0074,45439168,2181.1,1,0.1846
device,host,1,fp128,16,isub,8388608,21.9448,45568878,2187.3,1,0.1841
device,host,1,fp128,16,ishl,8388608,22.1649,45116416,2165.6,1,0.1859
device,host,1,fp128,16,ishr,8388608,21.9835,45488714,2183.5,1,0.1844
device,host,1,fp128,16,icmplt,8388608,22.0640,45322600,2175.5,1,0.1851
device,host,1,fp128,16,add,8388608,21.6990,46085136,2212.1,1,0.1820
device,host,1,fp128,16,sub,8388608,22.0816,45286508,2173.8,1,0.1852
device,host,1,fp128,16,mul,8388608,22.0522,45346940,2176.7,1,0.1850
device,host,1,fp128,16,fma,8388608,22.0861,45277290,2897.7,1,0.1853
device,resident,1,fp128,16,abs,8388608,4.6403,215501785,6896.1,4,0.1557
device,resident,1,fp128,16,neg,8388608,4.6440,215331263,6890.6,4,0.1558
device,resident,1,fp128,16,copysign,8388608,4.6437,215344927,10336.6,4,0.1558
device,resident,1,fp128,16,min,8388608,4.6432,215366976,10337.6,4,0.1558
device,resident,1,fp128,16,max,8388608,4.6433,215366160,10337.6,4,0.1558
device,resident,1,fp128,16,minnum,8388608,4.6434,215358663,10337.2,4,0.1558
device,resident,1,fp128,16,maxnum,8388608,4.6432,215370114,10337.8,4,0.1558
device,resident,1,fp128,16,cmplt,8388608,4.6431,215371644,10337.8,4,0.1558
device,resident,1,fp128,16,cmple,8388608,4.6440,215333116,10336.0,4,0.1558
device,resident,1,fp128,16,cmpeq,8388608,4.6429,215381650,10338.3,4,0.1558
device,resident,1,fp128,16,select,8388608,4.6431,215371567,13783.8,4,0.1558
device,resident,1,fp128,16,iand,8388608,4.6462,215231289,10331.1,4,0.1559
device,resident,1,fp128,16,ior,8388608,4.6438,215342032,10336.4,4,0.1558
device,resident,1,fp128,16,ixor,8388608,4.6430,215376774,10338.1,4,0.1558
device,resident,1,fp128,16,iadd,8388608,4.6431,215373821,10337.9,4,0.1558
device,resident,1,fp128,16,isub,8388608,4.6437,215345925,10336.6,4,0.1558
device,resident,1,fp128,16,ishl,8388608,4.6429,215380413,10338.3,4,0.1558
device,resident,1,fp128,16,ishr,8388608,4.6431,215374249,10338.0,4,0.1558
device,resident,1,fp128,16,icmplt,8388608,4.6441,215327085,10335.7,4,0.1558
device,resident,1,fp128,16,add,8388608,4.6431,215371592,10337.8,4,0.1558
device,resident,1,fp128,16,sub,8388608,4.6435,215353520,10337.0,4,0.1558
device,resident,1,fp128,16,mul,8388608,4.6430,215377471,10338.1,4,0.1558
device,resident,1,fp128,16,fma,8388608,4.6438,215339111,13781.7,4,0.1558
device,host,4,fp128,16,abs,8388608,13.5743,73668470,2357.4,1,0.1139
device,host,4,fp128,16,neg,8388608,16.9477,59005021,1888.2,1,0.1422
device,host,4,fp128,16,copysign,8388608,17.7245,56419201,2708.1,1,0.1487
device,host,4,fp128,16,min,8388608,18.4197,54289845,2605.9,1,0.1545
device,host,4,fp128,16,max,8388608,18.6144,53721985,2578.7,1,0.1561
device,host,4,fp128,16,minnum,8388608,18.3903,54376596,2610.1,1,0.1543
device,host,4,fp128,16,maxnum,8388608,18.4072,54326461,2607.7,1,0.1544
device,host,4,fp128,16,cmplt,8388608,18.4858,54095673,2596.6,1,0.1551
device,host,4,fp128,16,cmple,8388608,18.5067,54034433,2593.7,1,0.1552
device,host,4,fp128,16,cmpeq,8388608,18.4678,54148406,2599.1,1,0.1549
device,host,4,fp128,16,select,8388608,18.7290,53393188,3417.2,1,0.1571
device,host,4,fp128,16,iand,8388608,18.7159,53430602,2564.7,1,0.1570
device,host,4,fp128,16,ior,8388608,18.4455,54213911,2602.3,1,0.1547
device,host,4,fp128,16,ixor,8388608,18.5189,53998963,2592.0,1,0.1553
device,host,4,fp128,16,iadd,8388608,18.8346,53093659,2548.5,1,0.1580
device,host,4,fp128,16,isub,8388608,18.7933,53210536,2554.1,1,0.1576
device,host,4,fp128,16,ishl,8388608,18.7289,53393379,2562.9,1,0.1571
device,host,4,fp128,16,ishr,8388608,18.7621,53299031,2558.4,1,0.1574
device,host,4,fp128,16,icmplt,8388608,18.7773,53255753,2556.3,1,0.1575
device,host,4,fp128,16,add,8388608,18.8729,52986025,2543.3,1,0.1583
device,host,4,fp128,16,sub,8388608,18.7584,53309344,2558.8,1,0.1574
device,host,4,fp128,16,mul,8388608,18.7748,53262892,2556.6,1,0.1575
device,host,4,fp128,16,fma,8388608,18.7411,53358659,3415.0,1,0.1572
device,resident,4,fp128,16,abs,8388608,1.1713,853734798,27319.5,13,0.1277
device,resident,4,fp128,16,neg,8388608,1.1728,852668087,27285.4,13,0.1279
device,resident,4,fp128,16,copysign,8388608,1.1732,852394977,40915.0,13,0.1279
device,resident,4,fp128,16,min,8388608,1.1728,852686235,40928.9,13,0.1279
device,resident,4,fp128,16,max,8388608,1.1729,852604949,40925.0,13,0.1279
device,resident,4,fp128,16,minnum,8388608,1.1731,852439952,40917.1,13,0.1279
device,resident,4,fp128,16,maxnum,8388608,1.1729,852575593,40923.6,13,0.1279
device,resident,4,fp128,16,cmplt,8388608,1.1732,852379433,40914.2,13,0.1279
device,resident,4,fp128,16,cmple,8388608,1.1732,852347414,40912.7,13,0.1279
device,resident,4,fp128,16,cmpeq,8388608,1.1729,852617935,40925.7,13,0.1279
device,resident,4,fp128,16,select,8388608,1.1729,852609062,54567.0,13,0.1279
device,resident,4,fp128,16,iand,8388608,1.1737,852033780,40897.6,13,0.1280
device,resident,4,fp128,16,ior,8388608,1.1728,852688042,40929.0,13,0.1279
device,resident,4,fp128,16,ixor,8388608,1.1726,852770817,40933.0,13,0.1279
device,resident,4,fp128,16,iadd,8388608,1.1728,852639980,40926.7,13,0.1279
device,resident,4,fp128,16,isub,8388608,1.1728,852630341,40926.3,13,0.1279
device,resident,4,fp128,16,ishl,8388608,1.1728,852695676,40929.4,13,0.1279
device,resident,4,fp128,16,ishr,8388608,1.1731,852454659,40917.8,13,0.1279
device,resident,4,fp128,16,icmplt,8388608,1.1731,852447768,40917.5,13,0.1279
device,resident,4,fp128,16,add,8388608,1.1731,852446482,40917.4,13,0.1279
device,resident,4,fp128,16,sub,8388608,1.1731,852417410,40916.0,13,0.1279
device,resident,4,fp128,16,mul,8388608,1.1728,852653254,40927.4,13,0.1279
device,resident,4,fp128,16,fma,8388608,1.1732,852364642,54551.3,13,0.1279
software,host,0,fp256,32,abs,1,169.0096,5916823,378.7,650178,0.1099
software,host,0,fp256,32,neg,1,168.4154,5937700,380.0,742854,0.1251
software,host,0,fp256,32,copysign,1,169.5922,5896499,566.1,738617,0.1253
software,host,0,fp256,32,min,1,223.6432,4471408,429.3,557853,0.1248
software,host,0,fp256,32,max,1,221.8615,4507316,432.7,562630,0.1248
software,host,0,fp256,32,minnum,1,222.3893,4496618,431.7,562172,0.1250
software,host,0,fp256,32,maxnum,1,221.8239,4508080,432.8,561818,0.1246
software,host,0,fp256,32,cmplt,1,224.9946,4444551,426.7,557678,0.1255
software,host,0,fp256,32,cmple,1,224.5446,4453458,427.5,555571,0.1248
software,host,0,fp256,32,cmpeq,1,221.1726,4521355,434.1,567138,0.1254
software,host,0,fp256,32,select,1,172.9636,5781564,740.0,712925,0.1233
software,host,0,fp256,32,iand,1,169.2081,5909882,567.3,739993,0.1252
software,host,0,fp256,32,ior,1,171.3584,5835721,560.2,729290,0.1250
software,host,0,fp256,32,ixor,1,173.8702,5751418,552.1,722322,0.1256
software,host,0,fp256,32,iadd,1,173.8984,5750483,552.0,720226,0.1252
software,host,0,fp256,32,isub,1,185.4381,5392636,517.7,673460,0.1249
software,host,0,fp256,32,ishl,1,214.0718,4671331,448.4,583033,0.1248
software,host,0,fp256,32,ishr,1,165.1915,6053580,581.1,756495,0.1250
software,host,0,fp256,32,icmplt,1,152.6778,6549741,628.8,816358,0.1246
software,host,0,fp256,32,add,1,670.5165,1491388,143.2,186941,0.1253
software,host,0,fp256,32,sub,1,689.7394,1449823,139.2,182559,0.1259
software,host,0,fp256,32,mul,1,455.8573,2193669,210.6,262144,0.1195
software,host,0,fp256,32,fma,1,585.1387,1708997,218.8,213938,0.1252
device,host,1,fp256,32,abs,1,99036.9803,10097,0.6,1323,0.1310
device,host,1,fp256,32,neg,1,100821.3443,9919,0.6,1237,0.1247
device,host,1,fp256,32,copysign,1,101891.7995,9814,0.9,1237,0.1260
device,host,1,fp256,32,min,1,105480.3973,9480,0.9,1183,0.1248
device,host,1,fp256,32,max,1,105341.3378,9493,0.9,1187,0.1250
device,host,1,fp256,32,minnum,1,105254.9790,9501,0.9,1189,0.1251
device,host,1,fp256,32,maxnum,1,105253.6443,9501,0.9,1189,0.1251
device,host,1,fp256,32,cmplt,1,105411.2599,9487,0.9,1189,0.1253
device,host,1,fp256,32,cmple,1,105409.2620,9487,0.9,1183,0.1247
device,host,1,fp256,32,cmpeq,1,105278.3266,9499,0.9,1185,0.1248
device,host,1,fp256,32,select,1,103975.7223,9618,1.2,1185,0.1232
device,host,1,fp256,32,iand,1,105361.9691,9491,0.9,1198,0.1262
device,host,1,fp256,32,ior,1,105348.2794,9492,0.9,1188,0.1252
device,host,1,fp256,32,ixor,1,105253.0689,9501,0.9,1190,0.1253
device,host,1,fp256,32,iadd,1,105348.3804,9492,0.9,1188,0.1252
device,host,1,fp256,32,isub,1,105258.8973,9500,0.9,1188,0.1250
device,host,1,fp256,32,ishl,1,105257.8377,9500,0.9,1189,0.1252
device,host,1,fp256,32,ishr,1,105173.4328,9508,0.9,1190,0.1252
device,host,1,fp256,32,icmplt,1,105057.6625,9519,0.9,1191,0.1251
device,host,1,fp256,32,add,1,107958.0310,9263,0.9,1193,0.1288
device,host,1,fp256,32,sub,1,113178.4588,8836,0.8,1105,0.1251
device,host,1,fp256,32,mul,1,113308.1324,8825,0.8,1103,0.1250
device,host,1,fp256,32,fma,1,113279.2744,8828,1.1,1104,0.1251
device,resident,1,fp256,32,abs,1,29313.4500,34114,2.2,3951,0.1158
device,resident,1,fp256,32,neg,1,28903.1623,34598,2.2,4096,0.1184
device,resident,1,fp256,32,copysign,1,29404.4807,34008,3.3,4096,0.1204
device,resident,1,fp256,32,min,1,35553.2891,28127,2.7,3615,0.1285
device,resident,1,fp256,32,max,1,39283.3416,25456,2.4,3343,0.1313
device,resident,1,fp256,32,minnum,1,39683.2618,25200,2.4,3147,0.1249
device,resident,1,fp256,32,maxnum,1,39689.0753,25196,2.4,3148,0.1249
device,resident,1,fp256,32,cmplt,1,39906.7795,25058,2.4,3102,0.1238
device,resident,1,fp256,32,cmple,1,41459.6966,24120,2.3,3108,0.1289
device,resident,1,fp256,32,cmpeq,1,42115.3152,23744,2.3,2957,0.1245
device,resident,1,fp256,32,select,1,42107.0931,23749,3.0,2964,0.1248
device,resident,1,fp256,32,iand,1,42043.5391,23785,2.3,2968,0.1248
device,resident,1,fp256,32,ior,1,42000.6685,23809,2.3,2968,0.1247
device,resident,1,fp256,32,ixor,1,42036.5764,23789,2.3,2984,0.1254
device,resident,1,fp256,32,iadd,1,42045.8263,23784,2.3,2970,0.1249
device,resident,1,fp256,32,isub,1,42046.6270,23783,2.3,2981,0.1253
device,resident,1,fp256,32,ishl,1,42032.0876,23791,2.3,2969,0.1248
device,resident,1,fp256,32,ishr,1,42067.4843,23771,2.3,2967,0.1248
device,resident,1,fp256,32,icmplt,1,42029.1700,23793,2.3,2989,0.1256
device,resident,1,fp256,32,add,1,42125.6069,23739,2.3,2974,0.1253
device,resident,1,fp256,32,sub,1,42211.8187,23690,2.3,2962,0.1250
device,resident,1,fp256,32,mul,1,42075.7540,23767,2.3,2947,0.1240
device,resident,1,fp256,32,fma,1,42087.9882,23760,3.0,2969,0.1250
device,host,4,fp256,32,abs,1,67767.4687,14756,0.9,1760,0.1193
device,host,4,fp256,32,neg,1,77394.8662,12921,0.8,1756,0.1359
device,host,4,fp256,32,copysign,1,98536.2723,10149,1.0,1480,0.1458
device,host,4,fp256,32,min,1,106767.5147,9366,0.9,1189,0.1269
device,host,4,fp256,32,max,1,107157.7743,9332,0.9,1165,0.1248
device,host,4,fp256,32,minnum,1,107223.8001,9326,0.9,1171,0.1256
device,host,4,fp256,32,maxnum,1,107415.6852,9310,0.9,1169,0.1256
device,host,4,fp256,32,cmplt,1,107200.3088,9328,0.9,1169,0.1253
device,host,4,fp256,32,cmple,1,107148.8660,9333,0.9,1164,0.1247
device,host,4,fp256,32,cmpeq,1,107230.0224,9326,0.9,1162,0.1246
device,host,4,fp256,32,select,1,107266.7794,9323,1.2,1165,0.1250
device,host,4,fp256,32,iand,1,111664.5283,8955,0.9,1164,0.1300
device,host,4,fp256,32,ior,1,116879.9353,8556,0.8,1067,0.1247
device,host,4,fp256,32,ixor,1,116745.3944,8566,0.8,1070,0.1249
device,host,4,fp256,32,iadd,1,116285.9244,8599,0.8,1072,0.1247
device,host,4,fp256,32,isub,1,116399.3716,8591,0.8,1071,0.1247
device,host,4,fp256,32,ishl,1,116329.7619,8596,0.8,1075,0.1251
device,host,4,fp256,32,ishr,1,116433.5582,8589,0.8,1073,0.1249
device,host,4,fp256,32,icmplt,1,114445.0019,8738,0.8,1075,0.1230
device,host,4,fp256,32,add,1,107158.4136,9332,0.9,1163,0.1246
device,host,4,fp256,32,sub,1,107303.2909,9319,0.9,1155,0.1239
device,host,4,fp256,32,mul,1,107262.1356,9323,0.9,1165,0.1250
device,host,4,fp256,32,fma,1,105954.8710,9438,1.2,1116,0.1182
device,resident,4,fp256,32,abs,1,29898.1474,33447,2.1,4016,0.1201
device,resident,4,fp256,32,neg,1,29574.2485,33813,2.2,4096,0.1211
device,resident,4,fp256,32,copysign,1,29390.2983,34025,3.3,4096,0.1204
device,resident,4,fp256,32,min,1,28763.6301,34766,3.3,4096,0.1178
device,resident,4,fp256,32,max,1,34908.2100,28647,2.8,4096,0.1430
device,resident,4,fp256,32,minnum,1,40293.8352,24818,2.4,3221,0.1298
device,resident,4,fp256,32,maxnum,1,40651.2400,24599,2.4,3100,0.1260
device,resident,4,fp256,32,cmplt,1,41164.4941,24293,2.3,3068,0.1263
device,resident,4,fp256,32,cmple,1,41859.9257,23889,2.3,2989,0.1251
device,resident,4,fp256,32,cmpeq,1,41791.9760,23928,2.3,2995,0.1252
device,resident,4,fp256,32,select,1,42131.3960,23735,3.0,2980,0.1256
device,resident,4,fp256,32,iand,1,42375.5000,23599,2.3,2936,0.1244
device,resident,4,fp256,32,ior,1,42230.7409,23679,2.3,2948,0.1245
device,resident,4,fp256,32,ixor,1,42301.9222,23640,2.3,2957,0.1251
device,resident,4,fp256,32,iadd,1,42357.4610,23609,2.3,2972,0.1259
device,resident,4,fp256,32,isub,1,42269.6367,23658,2.3,2948,0.1246
device,resident,4,fp256,32,ishl,1,42346.7443,23615,2.3,2964,0.1255
device,resident,4,fp256,32,ishr,1,42356.4934,23609,2.3,2937,0.1244
device,resident,4,fp256,32,icmplt,1,42550.6730,23501,2.3,2789,0.1187
device,resident,4,fp256,32,add,1,42526.3118,23515,2.3,2919,0.1241
device,resident,4,fp256,32,sub,1,42521.0296,23518,2.3,2939,0.1250
device,resident,4,fp256,32,mul,1,42542.2280,23506,2.3,2934,0.1248
device,resident,4,fp256,32,fma,1,42549.9169,23502,3.0,2937,0.1250
software,host,0,fp256,32,abs,2,161.5124,6191475,396.3,361629,0.1168
software,host,0,fp256,32,neg,2,162.8076,6142219,393.1,380004,0.1237
software,host,0,fp256,32,copysign,2,163.0154,6134389,588.9,383454,0.1250
software,host,0,fp256,32,min,2,209.8860,4764490,457.4,262144,0.1100
software,host,0,fp256,32,max,2,210.5785,4748822,455.9,262144,0.1104
software,host,0,fp256,32,minnum,2,210.1600,4758280,456.8,262144,0.1102
software,host,0,fp256,32,maxnum,2,210.8929,4741744,455.2,262144,0.1106
software,host,0,fp256,32,cmplt,2,238.8528,4186679,401.9,256560,0.1226
software,host,0,fp256,32,cmple,2,246.6052,4055065,389.3,253503,0.1250
software,host,0,fp256,32,cmpeq,2,205.8780,4857246,466.3,262144,0.1079
software,host,0,fp256,32,select,2,165.8761,6028595,771.7,372932,0.1237
software,host,0,fp256,32,iand,2,162.1095,6168671,592.2,385764,0.1251
software,host,0,fp256,32,ior,2,165.5946,6038844,579.7,378360,0.1253
software,host,0,fp256,32,ixor,2,165.5711,6039702,579.8,370286,0.1226
software,host,0,fp256,32,iadd,2,166.3672,6010799,577.0,375207,0.1248
software,host,0,fp256,32,isub,2,178.0455,5616540,539.2,350857,0.1249
software,host,0,fp256,32,ishl,2,203.3378,4917925,472.1,262144,0.1066
software,host,0,fp256,32,ishr,2,165.2848,6050163,580.8,378097,0.1250
software,host,0,fp256,32,icmplt,2,191.0529,5234152,502.5,262144,0.1002
software,host,0,fp256,32,add,2,661.1169,1512592,145.2,94862,0.1254
software,host,0,fp256,32,sub,2,721.3660,1386259,133.1,93836,0.1354
software,host,0,fp256,32,mul,2,548.2663,1823931,175.1,128913,0.1414
software,host,0,fp256,32,fma,2,610.5536,1637858,209.6,96121,0.1174
device,host,1,fp256,32,abs,2,50488.1333,19807,1.3,1249,0.1261
device,host,1,fp256,32,neg,2,50847.8358,19667,1.3,1230,0.1251
device,host,1,fp256,32,copysign,2,51099.3302,19570,1.9,1243,0.1270
device,host,1,fp256,32,min,2,57270.7378,17461,1.7,1228,0.1407
device,host,1,fp256,32,max,2,57650.9885,17346,1.7,1084,0.1250
device,host,1,fp256,32,minnum,2,57679.0304,17337,1.7,1085,0.1252
device,host,1,fp256,32,maxnum,2,57692.9079,17333,1.7,1086,0.1253
device,host,1,fp256,32,cmplt,2,55213.4342,18112,1.7,1086,0.1199
device,host,1,fp256,32,cmple,2,58431.6461,17114,1.6,1075,0.1256
device,host,1,fp256,32,cmpeq,2,58328.8005,17144,1.6,1075,0.1254
device,host,1,fp256,32,select,2,58348.0992,17139,2.2,1074,0.1253
device,host,1,fp256,32,iand,2,58314.2319,17148,1.6,1065,0.1242
device,host,1,fp256,32,ior,2,58194.4749,17184,1.6,1076,0.1252
device,host,1,fp256,32,ixor,2,58084.9687,17216,1.7,1071,0.1244
device,host,1,fp256,32,iadd,2,58253.8386,17166,1.6,1075,0.1252
device,host,1,fp256,32,isub,2,58463.7852,17105,1.6,1073,0.1255
device,host,1,fp256,32,ishl,2,58402.6709,17123,1.6,1068,0.1247
device,host,1,fp256,32,ishr,2,58420.5051,17117,1.6,1069,0.1249
device,host,1,fp256,32,icmplt,2,58335.3282,17142,1.6,1071,0.1250
device,host,1,fp256,32,add,2,58347.6980,17139,1.6,1073,0.1252
device,host,1,fp256,32,sub,2,58312.4297,17149,1.6,1074,0.1253
device,host,1,fp256,32,mul,2,58454.5457,17107,1.6,1072,0.1253
device,host,1,fp256,32,fma,2,58441.6219,17111,2.2,1071,0.1252
device,resident,1,fp256,32,abs,2,15230.7123,65657,4.2,3837,0.1169
device,resident,1,fp256,32,neg,2,15014.0900,66604,4.3,4096,0.1230
device,resident,1,fp256,32,copysign,2,14866.8822,67264,6.5,4096,0.1218
device,resident,1,fp256,32,min,2,14684.4564,68099,6.5,4096,0.1203
device,resident,1,fp256,32,max,2,14432.9780,69286,6.7,4096,0.1182
device,resident,1,fp256,32,minnum,2,14220.3435,70322,6.8,4096,0.1165
device,resident,1,fp256,32,maxnum,2,14248.9960,70180,6.7,4096,0.1167
device,resident,1,fp256,32,cmplt,2,14041.1483,71219,6.8,4096,0.1150
device,resident,1,fp256,32,cmple,2,13967.8975,71593,6.9,4096,0.1144
device,resident,1,fp256,32,cmpeq,2,13883.0349,72030,6.9,4096,0.1137
device,resident,1,fp256,32,select,2,13905.3510,71915,9.2,4096,0.1139
device,resident,1,fp256,32,iand,2,13774.7474,72597,7.0,4096,0.1128
device,resident,1,fp256,32,ior,2,16923.2844,59090,5.7,4096,0.1386
device,resident,1,fp256,32,ixor,2,18641.9193,53643,5.1,3463,0.1291
device,resident,1,fp256,32,iadd,2,18671.4195,53558,5.1,3296,0.1231
device,resident,1,fp256,32,isub,2,18592.3041,53786,5.2,3377,0.1256
device,resident,1,fp256,32,ishl,2,18650.5371,53618,5.1,3357,0.1252
device,resident,1,fp256,32,ishr,2,18597.4770,53771,5.2,3370,0.1253
device,resident,1,fp256,32,icmplt,2,20027.8958,49930,4.8,3297,0.1321
device,resident,1,fp256,32,add,2,21045.5909,47516,4.6,2953,0.1243
device,resident,1,fp256,32,sub,2,21051.4337,47503,4.6,2949,0.1242
device,resident,1,fp256,32,mul,2,21082.6479,47432,4.6,2954,0.1246
device,resident,1,fp256,32,fma,2,21280.9374,46990,6.0,2914,0.1240
device,host,4,fp256,32,abs,2,61586.3695,16237,1.0,996,0.1227
device,host,4,fp256,32,neg,2,61541.6591,16249,1.0,1031,0.1269
device,host,4,fp256,32,copysign,2,61762.7170,16191,1.6,1014,0.1253
device,host,4,fp256,32,min,2,61982.6378,16134,1.5,1016,0.1259
device,host,4,fp256,32,max,2,64303.3427,15551,1.5,1008,0.1296
device,host,4,fp256,32,minnum,2,71549.2940,13976,1.3,898,0.1285
device,host,4,fp256,32,maxnum,2,80689.5839,12393,1.2,834,0.1346
device,host,4,fp256,32,cmplt,2,81190.9961,12317,1.2,766,0.1244
device,host,4,fp256,32,cmple,2,81147.6962,12323,1.2,767,0.1245
device,host,4,fp256,32,cmpeq,2,81116.6240,12328,1.2,770,0.1249
device,host,4,fp256,32,select,2,81099.3487,12331,1.6,770,0.1249
device,host,4,fp256,32,iand,2,81126.7156,12326,1.2,770,0.1249
device,host,4,fp256,32,ior,2,81172.9074,12319,1.2,772,0.1253
device,host,4,fp256,32,ixor,2,81020.5306,12343,1.2,769,0.1246
device,host,4,fp256,32,iadd,2,81069.7396,12335,1.2,768,0.1245
device,host,4,fp256,32,isub,2,81174.6428,12319,1.2,767,0.1245
device,host,4,fp256,32,ishl,2,81072.2830,12335,1.2,772,0.1252
device,host,4,fp256,32,ishr,2,81185.9396,12317,1.2,770,0.1250
device,host,4,fp256,32,icmplt,2,81157.6498,12322,1.2,768,0.1247
device,host,4,fp256,32,add,2,81113.8348,12328,1.2,775,0.1257
device,host,4,fp256,32,sub,2,81166.5429,12320,1.2,770,0.1250
device,host,4,fp256,32,mul,2,87647.9948,11409,1.1,768,0.1346
device,host,4,fp256,32,fma,2,87756.6127,11395,1.5,710,0.1246
device,resident,4,fp256,32,abs,2,20657.4817,48409,3.1,2955,0.1221
device,resident,4,fp256,32,neg,2,20587.9127,48572,3.1,3012,0.1240
device,resident,4,fp256,32,copysign,2,20738.8696,48219,4.6,3049,0.1265
device,resident,4,fp256,32,min,2,20496.6660,48788,4.7,3060,0.1254
device,resident,4,fp256,32,max,2,23987.8731,41688,4.0,3065,0.1470
device,resident,4,fp256,32,minnum,2,26698.3341,37456,3.6,2429,0.1297
device,resident,4,fp256,32,maxnum,2,26690.2600,37467,3.6,2315,0.1236
device,resident,4,fp256,32,cmplt,2,26676.3190,37486,3.6,2345,0.1251
device,resident,4,fp256,32,cmple,2,26716.4348,37430,3.6,2346,0.1254
device,resident,4,fp256,32,cmpeq,2,26676.6408,37486,3.6,2336,0.1246
device,resident,4,fp256,32,select,2,27924.0570,35811,4.6,2256,0.1260
device,resident,4,fp256,32,iand,2,28610.9633,34952,3.4,2178,0.1246
device,resident,4,fp256,32,ior,2,28003.8019,35709,3.4,2183,0.1223
device,resident,4,fp256,32,ixor,2,27643.5762,36175,3.5,2244,0.1241
device,resident,4,fp256,32,iadd,2,27703.4445,36097,3.5,2226,0.1233
device,resident,4,fp256,32,isub,2,28214.7591,35442,3.4,2204,0.1244
device,resident,4,fp256,32,ishl,2,28126.0513,35554,3.4,2154,0.1212
device,resident,4,fp256,32,ishr,2,27750.1786,36036,3.5,2282,0.1267
device,resident,4,fp256,32,icmplt,2,27848.3624,35909,3.4,2202,0.1226
device,resident,4,fp256,32,add,2,27773.6498,36005,3.5,2253,0.1251
device,resident,4,fp256,32,sub,2,27844.5823,35914,3.4,2266,0.1262
device,resident,4,fp256,32,mul,2,27723.9751,36070,3.5,2251,0.1248
device,resident,4,fp256,32,fma,2,28041.7839,35661,4.6,2235,0.1253
software,host,0,fp256,32,abs,4,157.3626,6354751,406.7,190544,0.1199
software,host,0,fp256,32,neg,4,156.3875,6394373,409.2,200834,0.1256
software,host,0,fp256,32,copysign,4,163.3890,6120361,587.6,191361,0.1251
software,host,0,fp256,32,min,4,213.7652,4678029,449.1,153716,0.1314
software,host,0,fp256,32,max,4,202.7930,4931137,473.4,153801,0.1248
software,host,0,fp256,32,minnum,4,214.8045,4655395,446.9,154383,0.1326
software,host,0,fp256,32,maxnum,4,244.9702,4082130,391.9,128487,0.1259
software,host,0,fp256,32,cmplt,4,248.6735,4021337,386.0,115133,0.1145
software,host,0,fp256,32,cmple,4,219.0557,4565049,438.2,135142,0.1184
software,host,0,fp256,32,cmpeq,4,199.2461,5018920,481.8,152616,0.1216
software,host,0,fp256,32,select,4,159.5891,6266091,802.1,197056,0.1258
software,host,0,fp256,32,iand,4,156.2285,6400879,614.5,201512,0.1259
software,host,0,fp256,32,ior,4,158.2435,6319374,606.7,197585,0.1251
software,host,0,fp256,32,ixor,4,158.3125,6316622,606.4,197349,0.1250
software,host,0,fp256,32,iadd,4,160.0499,6248052,599.8,196027,0.1255
software,host,0,fp256,32,isub,4,174.6562,5725535,549.7,181231,0.1266
software,host,0,fp256,32,ishl,4,201.0217,4974587,477.6,156078,0.1255
software,host,0,fp256,32,ishr,4,161.0385,6209695,596.1,193202,0.1245
software,host,0,fp256,32,icmplt,4,188.5378,5303975,509.2,158793,0.1198
software,host,0,fp256,32,add,4,646.2349,1547425,148.6,48192,0.1246
software,host,0,fp256,32,sub,4,651.4734,1534982,147.4,48047,0.1252
software,host,0,fp256,32,mul,4,451.9658,2212557,212.4,69355,0.1254
software,host,0,fp256,32,fma,4,576.9448,1733268,221.9,54337,0.1254
device,host,1,fp256,32,abs,4,25301.6753,39523,2.5,1279,0.1294
device,host,1,fp256,32,neg,4,25877.3045,38644,2.5,1206,0.1248
device,host,1,fp256,32,copysign,4,25790.2453,38774,3.7,1230,0.1269
device,host,1,fp256,32,min,4,25813.7498,38739,3.7,1208,0.1247
device,host,1,fp256,32,max,4,25820.1970,38729,3.7,1212,0.1252
device,host,1,fp256,32,minnum,4,28761.8269,34768,3.3,1212,0.1394
device,host,1,fp256,32,maxnum,4,29228.0924,34214,3.3,1066,0.1246
device,host,1,fp256,32,cmplt,4,29204.6279,34241,3.3,1073,0.1253
device,host,1,fp256,32,cmple,4,27519.6484,36338,3.5,1073,0.1181
device,host,1,fp256,32,cmpeq,4,28219.2117,35437,3.4,1169,0.1320
device,host,1,fp256,32,select,4,28925.9762,34571,4.4,1080,0.1250
device,host,1,fp256,32,iand,4,28354.9810,35267,3.4,1080,0.1225
device,host,1,fp256,32,ior,4,26775.6423,37347,3.6,1168,0.1251
device,host,1,fp256,32,ixor,4,26738.4531,37399,3.6,1168,0.1249
device,host,1,fp256,32,iadd,4,26739.5321,37398,3.6,1169,0.1250
device,host,1,fp256,32,isub,4,28153.7376,35519,3.4,1170,0.1318
device,host,1,fp256,32,ishl,4,29368.6880,34050,3.3,1060,0.1245
device,host,1,fp256,32,ishr,4,29384.7446,34031,3.3,1062,0.1248
device,host,1,fp256,32,icmplt,4,29392.7411,34022,3.3,1065,0.1252
device,host,1,fp256,32,add,4,29426.1638,33983,3.3,1064,0.1252
device,host,1,fp256,32,sub,4,29368.4634,34050,3.3,1065,0.1251
device,host,1,fp256,32,mul,4,29405.7457,34007,3.3,1059,0.1246
device,host,1,fp256,32,fma,4,29393.8815,34021,4.4,1067,0.1255
device,resident,1,fp256,32,abs,4,7428.0708,134624,8.6,3933,0.1169
device,resident,1,fp256,32,neg,4,7331.5114,136398,8.7,4096,0.1201
device,resident,1,fp256,32,copysign,4,7234.3264,138230,13.3,4096,0.1185
device,resident,1,fp256,32,min,4,7072.3917,141395,13.6,4096,0.1159
device,resident,1,fp256,32,max,4,6972.4281,143422,13.8,4096,0.1142
device,resident,1,fp256,32,minnum,4,6922.4780,144457,13.9,4096,0.1134
device,resident,1,fp256,32,maxnum,4,7558.6741,132298,12.7,4096,0.1238
device,resident,1,fp256,32,cmplt,4,9195.5045,108749,10.4,3606,0.1326
device,resident,1,fp256,32,cmple,4,9782.1162,102227,9.8,3193,0.1249
device,resident,1,fp256,32,cmpeq,4,9783.7819,102210,9.8,3194,0.1250
device,resident,1,fp256,32,select,4,9779.5817,102254,13.1,3199,0.1251
device,resident,1,fp256,32,iand,4,9774.4882,102307,9.8,3199,0.1251
device,resident,1,fp256,32,ior,4,9782.5085,102223,9.8,3209,0.1256
device,resident,1,fp256,32,ixor,4,9783.1449,102217,9.8,3193,0.1250
device,resident,1,fp256,32,iadd,4,9779.1962,102258,9.8,3191,0.1248
device,resident,1,fp256,32,isub,4,9775.5493,102296,9.8,3189,0.1247
device,resident,1,fp256,32,ishl,4,9997.4555,100025,9.6,3140,0.1256
device,resident,1,fp256,32,ishr,4,10000.5139,99995,9.6,3110,0.1244
device,resident,1,fp256,32,icmplt,4,9999.9232,100001,9.6,3102,0.1241
device,resident,1,fp256,32,add,4,10003.0167,99970,9.6,3096,0.1239
device,resident,1,fp256,32,sub,4,9998.8001,100012,9.6,3129,0.1251
device,resident,1,fp256,32,mul,4,10000.2039,99998,9.6,3108,0.1243
device,resident,1,fp256,32,fma,4,9999.8970,100001,12.8,3105,0.1242
device,host,4,fp256,32,abs,4,54017.0789,18513,1.2,545,0.1178
device,host,4,fp256,32,neg,4,51956.5826,19247,1.2,587,0.1220
device,host,4,fp256,32,copysign,4,53686.6129,18627,1.8,587,0.1261
device,host,4,fp256,32,min,4,53464.3871,18704,1.8,589,0.1260
device,host,4,fp256,32,max,4,53465.2917,18704,1.8,587,0.1255
device,host,4,fp256,32,minnum,4,53318.7320,18755,1.8,583,0.1243
device,host,4,fp256,32,maxnum,4,53415.3526,18721,1.8,585,0.1250
device,host,4,fp256,32,cmplt,4,53571.3371,18667,1.8,588,0.1260
device,host,4,fp256,32,cmple,4,50489.5486,19806,1.9,587,0.1185
device,host,4,fp256,32,cmpeq,4,50212.1200,19916,1.9,627,0.1259
device,host,4,fp256,32,select,4,49988.2396,20005,2.6,626,0.1252
device,host,4,fp256,32,iand,4,49998.1583,20001,1.9,624,0.1248
device,host,4,fp256,32,ior,4,51390.5486,19459,1.9,628,0.1291
device,host,4,fp256,32,ixor,4,51741.5566,19327,1.9,605,0.1252
device,host,4,fp256,32,iadd,4,51745.6384,19325,1.9,605,0.1252
device,host,4,fp256,32,isub,4,51706.9776,19340,1.9,603,0.1247
device,host,4,fp256,32,ishl,4,51702.2401,19342,1.9,604,0.1249
device,host,4,fp256,32,ishr,4,51751.7429,19323,1.9,604,0.1250
device,host,4,fp256,32,icmplt,4,51764.7628,19318,1.9,604,0.1251
device,host,4,fp256,32,add,4,51709.0736,19339,1.9,605,0.1251
device,host,4,fp256,32,sub,4,51682.7798,19349,1.9,604,0.1249
device,host,4,fp256,32,mul,4,51634.0182,19367,1.9,605,0.1250
device,host,4,fp256,32,fma,4,51657.3298,19358,2.5,605,0.1250
device,resident,4,fp256,32,abs,4,16559.4363,60389,3.9,1871,0.1239
device,resident,4,fp256,32,neg,4,16518.4299,60538,3.9,1877,0.1240
device,resident,4,fp256,32,copysign,4,16474.4874,60700,5.8,1879,0.1238
device,resident,4,fp256,32,min,4,16466.3917,60730,5.8,1898,0.1250
device,resident,4,fp256,32,max,4,16831.6764,59412,5.7,1889,0.1272
device,resident,4,fp256,32,minnum,4,17999.2383,55558,5.3,1773,0.1277
device,resident,4,fp256,32,maxnum,4,18207.3543,54923,5.3,1712,0.1247
device,resident,4,fp256,32,cmplt,4,18234.9738,54840,5.3,1718,0.1253
device,resident,4,fp256,32,cmple,4,18311.6712,54610,5.2,1704,0.1248
device,resident,4,fp256,32,cmpeq,4,18324.3534,54572,5.2,1705,0.1250
device,resident,4,fp256,32,select,4,18323.0748,54576,7.0,1705,0.1250
device,resident,4,fp256,32,iand,4,18192.2185,54969,5.3,1722,0.1253
device,resident,4,fp256,32,ior,4,18491.4834,54079,5.2,1720,0.1272
device,resident,4,fp256,32,ixor,4,17955.6338,55693,5.3,1689,0.1213
device,resident,4,fp256,32,iadd,4,17927.8677,55779,5.4,1739,0.1247
device,resident,4,fp256,32,isub,4,17398.4068,57477,5.5,1759,0.1224
device,resident,4,fp256,32,ishl,4,17911.7509,55829,5.4,1759,0.1260
device,resident,4,fp256,32,ishr,4,17828.5731,56090,5.4,1692,0.1207
device,resident,4,fp256,32,icmplt,4,17789.5587,56213,5.4,1767,0.1257
device,resident,4,fp256,32,add,4,18109.7697,55219,5.3,1761,0.1276
device,resident,4,fp256,32,sub,4,18353.5997,54485,5.2,1701,0.1249
device,resident,4,fp256,32,mul,4,18327.0258,54564,5.2,1708,0.1252
device,resident,4,fp256,32,fma,4,18307.0184,54624,7.0,1698,0.1243
software,host,0,fp256,32,abs,8,151.5533,6598340,422.3,96712,0.1173
software,host,0,fp256,32,neg,8,155.1033,6447316,412.6,101016,0.1253
software,host,0,fp256,32,copysign,8,160.1843,6242811,599.3,99255,0.1272
software,host,0,fp256,32,min,8,196.8269,5080607,487.7,79564,0.1253
software,host,0,fp256,32,max,8,196.9972,5076215,487.3,80049,0.1262
software,host,0,fp256,32,minnum,8,198.6613,5033693,483.2,78264,0.1244
software,host,0,fp256,32,maxnum,8,197.6816,5058640,485.6,79659,0.1260
software,host,0,fp256,32,cmplt,8,218.9611,4567022,438.4,74385,0.1303
software,host,0,fp256,32,cmple,8,210.5951,4748448,455.9,71201,0.1200
software,host,0,fp256,32,cmpeq,8,193.3927,5170825,496.4,79907,0.1236
software,host,0,fp256,32,select,8,155.4665,6432256,823.3,100096,0.1245
software,host,0,fp256,32,iand,8,152.4092,6561282,629.9,102648,0.1252
software,host,0,fp256,32,ior,8,154.9201,6454939,619.7,101006,0.1252
software,host,0,fp256,32,ixor,8,155.3942,6435245,617.8,100228,0.1246
software,host,0,fp256,32,iadd,8,159.9430,6252228,600.2,90780,0.1162
software,host,0,fp256,32,isub,8,169.3006,5906652,567.0,92492,0.1253
software,host,0,fp256,32,ishl,8,196.3967,5091735,488.8,80184,0.1260
software,host,0,fp256,32,ishr,8,159.2937,6277713,602.7,98373,0.1254
software,host,0,fp256,32,icmplt,8,184.7484,5412767,519.6,84666,0.1251
software,host,0,fp256,32,add,8,637.1433,1569506,150.7,24574,0.1253
software,host,0,fp256,32,sub,8,655.8724,1524687,146.4,23998,0.1259
software,host,0,fp256,32,mul,8,448.6813,2228753,214.0,34984,0.1256
software,host,0,fp256,32,fma,8,557.1872,1794729,229.7,27867,0.1242
device,host,1,fp256,32,abs,8,12048.6561,82997,5.3,1336,0.1288
device,host,1,fp256,32,neg,8,12266.4070,81523,5.2,1273,0.1249
device,host,1,fp256,32,copysign,8,12276.8772,81454,7.8,1276,0.1253
device,host,1,fp256,32,min,8,12291.3623,81358,7.8,1270,0.1249
device,host,1,fp256,32,max,8,12297.5766,81317,7.8,1271,0.1250
device,host,1,fp256,32,minnum,8,12303.8134,81276,7.8,1270,0.1250
device,host,1,fp256,32,maxnum,8,12301.2420,81293,7.8,1269,0.1249
device,host,1,fp256,32,cmplt,8,12297.2093,81319,7.8,1272,0.1251
device,host,1,fp256,32,cmple,8,12315.4295,81199,7.8,1266,0.1247
device,host,1,fp256,32,cmpeq,8,12298.4009,81311,7.8,1269,0.1249
device,host,1,fp256,32,select,8,12313.9387,81209,10.4,1269,0.1250
device,host,1,fp256,32,iand,8,14912.2580,67059,6.4,1029,0.1228
device,host,1,fp256,32,ior,8,14062.4285,71111,6.8,1108,0.1246
device,host,1,fp256,32,ixor,8,13904.1108,71921,6.9,1114,0.1239
device,host,1,fp256,32,iadd,8,13889.3352,71998,6.9,1127,0.1252
device,host,1,fp256,32,isub,8,13889.7881,71995,6.9,1128,0.1253
device,host,1,fp256,32,ishl,8,13889.1618,71999,6.9,1128,0.1253
device,host,1,fp256,32,ishr,8,13888.6065,72001,6.9,1126,0.1251
device,host,1,fp256,32,icmplt,8,13911.4775,71883,6.9,1127,0.1254
device,host,1,fp256,32,add,8,13891.1579,71988,6.9,1127,0.1252
device,host,1,fp256,32,sub,8,13888.8858,72000,6.9,1126,0.1251
device,host,1,fp256,32,mul,8,13900.8691,71938,6.9,1128,0.1254
device,host,1,fp256,32,fma,8,13888.5677,72002,9.2,1126,0.1251
device,resident,1,fp256,32,abs,8,3786.0516,264127,16.9,4065,0.1231
device,resident,1,fp256,32,neg,8,4703.2623,212618,13.6,3593,0.1352
device,resident,1,fp256,32,copysign,8,5133.6336,194794,18.7,3146,0.1292
device,resident,1,fp256,32,min,8,5147.1926,194281,18.7,3030,0.1248
device,resident,1,fp256,32,max,8,5142.9787,194440,18.7,3040,0.1251
device,resident,1,fp256,32,minnum,8,5141.4167,194499,18.7,3035,0.1248
device,resident,1,fp256,32,maxnum,8,5141.3005,194503,18.7,3042,0.1251
device,resident,1,fp256,32,cmplt,8,5140.6752,194527,18.7,3031,0.1247
device,resident,1,fp256,32,cmple,8,5144.1035,194397,18.7,3042,0.1252
device,resident,1,fp256,32,cmpeq,8,5141.8105,194484,18.7,3037,0.1249
device,resident,1,fp256,32,select,8,5141.3152,194503,24.9,3058,0.1258
device,resident,1,fp256,32,iand,8,5139.9628,194554,18.7,3037,0.1249
device,resident,1,fp256,32,ior,8,5140.6121,194529,18.7,3027,0.1245
device,resident,1,fp256,32,ixor,8,5137.1349,194661,18.7,3030,0.1245
device,resident,1,fp256,32,iadd,8,5137.8205,194635,18.7,3046,0.1252
device,resident,1,fp256,32,isub,8,5142.3130,194465,18.7,3046,0.1253
device,resident,1,fp256,32,ishl,8,5187.8668,192757,18.5,3017,0.1252
device,resident,1,fp256,32,ishr,8,5143.6508,194414,18.7,3042,0.1252
device,resident,1,fp256,32,icmplt,8,5230.7141,191178,18.4,3001,0.1256
device,resident,1,fp256,32,add,8,5224.4382,191408,18.4,2995,0.1252
device,resident,1,fp256,32,sub,8,5218.7862,191615,18.4,2998,0.1252
device,resident,1,fp256,32,mul,8,5226.2257,191343,18.4,3011,0.1259
device,resident,1,fp256,32,fma,8,5222.3947,191483,24.5,2997,0.1252
device,host,4,fp256,32,abs,8,27030.4550,36995,2.4,569,0.1230
device,host,4,fp256,32,neg,8,28140.1501,35536,2.3,583,0.1312
device,host,4,fp256,32,copysign,8,29755.9543,33607,3.2,542,0.1290
device,host,4,fp256,32,min,8,32020.6848,31230,3.0,493,0.1263
device,host,4,fp256,32,max,8,31511.3851,31735,3.0,497,0.1253
device,host,4,fp256,32,minnum,8,31539.5363,31706,3.0,496,0.1251
device,host,4,fp256,32,maxnum,8,31392.0857,31855,3.1,496,0.1246
device,host,4,fp256,32,cmplt,8,31524.3541,31722,3.0,497,0.1253
device,host,4,fp256,32,cmple,8,32514.7568,30755,3.0,496,0.1290
device,host,4,fp256,32,cmpeq,8,33689.3715,29683,2.8,469,0.1264
device,host,4,fp256,32,select,8,32235.0877,31022,4.0,453,0.1168
device,host,4,fp256,32,iand,8,31391.8891,31855,3.1,496,0.1246
device,host,4,fp256,32,ior,8,31239.3673,32011,3.1,500,0.1250
device,host,4,fp256,32,ixor,8,31162.2058,32090,3.1,503,0.1254
device,host,4,fp256,32,iadd,8,31158.3867,32094,3.1,502,0.1251
device,host,4,fp256,32,isub,8,31180.9663,32071,3.1,501,0.1250
device,host,4,fp256,32,ishl,8,31124.4024,32129,3.1,502,0.1250
device,host,4,fp256,32,ishr,8,31154.0222,32099,3.1,501,0.1249
device,host,4,fp256,32,icmplt,8,31177.5662,32074,3.1,502,0.1252
device,host,4,fp256,32,add,8,31266.5198,31983,3.1,500,0.1251
device,host,4,fp256,32,sub,8,31266.2533,31983,3.1,499,0.1248
device,host,4,fp256,32,mul,8,31186.0344,32066,3.1,501,0.1250
device,host,4,fp256,32,fma,8,32022.3184,31228,4.0,499,0.1278
device,resident,4,fp256,32,abs,8,8297.4814,120518,7.7,1849,0.1227
device,resident,4,fp256,32,neg,8,8279.6572,120778,7.7,1892,0.1253
device,resident,4,fp256,32,copysign,8,8287.5547,120663,11.6,1875,0.1243
device,resident,4,fp256,32,min,8,8261.3237,121046,11.6,1895,0.1252
device,resident,4,fp256,32,max,8,8251.6330,121188,11.6,1850,0.1221
device,resident,4,fp256,32,minnum,8,8233.1294,121460,11.7,1897,0.1249
device,resident,4,fp256,32,maxnum,8,8323.0793,120148,11.5,1898,0.1264
device,resident,4,fp256,32,cmplt,8,8750.5782,114278,11.0,1834,0.1284
device,resident,4,fp256,32,cmple,8,8842.3077,113093,10.9,1769,0.1251
device,resident,4,fp256,32,cmpeq,8,8837.8430,113150,10.9,1766,0.1249
device,resident,4,fp256,32,select,8,8839.6806,113126,14.5,1768,0.1250
device,resident,4,fp256,32,iand,8,8847.6412,113024,10.9,1770,0.1253
device,resident,4,fp256,32,ior,8,9675.2844,103356,9.9,1749,0.1354
device,resident,4,fp256,32,ixor,8,10165.4551,98372,9.4,1565,0.1273
device,resident,4,fp256,32,iadd,8,8871.5959,112719,10.8,1725,0.1224
device,resident,4,fp256,32,isub,8,9029.0165,110754,10.6,1769,0.1278
device,resident,4,fp256,32,ishl,8,9236.0429,108271,10.4,1693,0.1251
device,resident,4,fp256,32,ishr,8,9210.0765,108577,10.4,1692,0.1247
device,resident,4,fp256,32,icmplt,8,9200.2174,108693,10.4,1694,0.1247
device,resident,4,fp256,32,add,8,9208.3973,108597,10.4,1696,0.1249
device,resident,4,fp256,32,sub,8,9203.1980,108658,10.4,1696,0.1249
device,resident,4,fp256,32,mul,8,9213.9243,108531,10.4,1697,0.1251
device,resident,4,fp256,32,fma,8,9208.3185,108597,13.9,1698,0.1251
software,host,0,fp256,32,abs,16,149.8200,6674678,427.2,50068,0.1200
software,host,0,fp256,32,neg,16,155.3519,6436998,412.0,50072,0.1245
software,host,0,fp256,32,copysign,16,157.9233,6332188,607.9,49279,0.1245
software,host,0,fp256,32,min,16,195.3555,5118874,491.4,39795,0.1244
software,host,0,fp256,32,max,16,194.5574,5139872,493.4,40244,0.1253
software,host,0,fp256,32,minnum,16,195.4576,5116198,491.2,40105,0.1254
software,host,0,fp256,32,maxnum,16,195.4021,5117652,491.3,39770,0.1243
software,host,0,fp256,32,cmplt,16,241.2877,4144431,397.9,34373,0.1327
software,host,0,fp256,32,cmple,16,228.1904,4382305,420.7,34099,0.1245
software,host,0,fp256,32,cmpeq,16,195.7497,5108565,490.4,39980,0.1252
software,host,0,fp256,32,select,16,154.1210,6488408,830.5,50990,0.1257
software,host,0,fp256,32,iand,16,150.7671,6632747,636.7,51767,0.1249
software,host,0,fp256,32,ior,16,153.3754,6519949,625.9,51010,0.1252
software,host,0,fp256,32,ixor,16,153.0459,6533988,627.3,51141,0.1252
software,host,0,fp256,32,iadd,16,161.1302,6206162,595.8,48621,0.1253
software,host,0,fp256,32,isub,16,175.0135,5713844,548.5,45226,0.1266
software,host,0,fp256,32,ishl,16,199.7936,5005165,480.5,39457,0.1261
software,host,0,fp256,32,ishr,16,154.8424,6458178,620.0,50497,0.1251
software,host,0,fp256,32,icmplt,16,178.2139,5611235,538.7,44075,0.1257
software,host,0,fp256,32,add,16,633.5331,1578449,151.5,12319,0.1249
software,host,0,fp256,32,sub,16,648.0593,1543069,148.1,12047,0.1249
software,host,0,fp256,32,mul,16,448.8841,2227747,213.9,17454,0.1254
software,host,0,fp256,32,fma,16,554.4331,1803644,230.9,14293,0.1268
device,host,1,fp256,32,abs,16,5573.4428,179422,11.5,1323,0.1180
device,host,1,fp256,32,neg,16,5337.0047,187371,12.0,1461,0.1248
device,host,1,fp256,32,copysign,16,5337.0704,187369,18.0,1464,0.1250
device,host,1,fp256,32,min,16,5408.2835,184902,17.8,1443,0.1249
device,host,1,fp256,32,max,16,5924.5696,168789,16.2,1360,0.1289
device,host,1,fp256,32,minnum,16,6468.6416,154592,14.8,1263,0.1307
device,host,1,fp256,32,maxnum,16,6606.6021,151364,14.5,1201,0.1270
device,host,1,fp256,32,cmplt,16,7221.3874,138478,13.3,1082,0.1250
device,host,1,fp256,32,cmple,16,7221.0173,138485,13.3,1078,0.1245
device,host,1,fp256,32,cmpeq,16,7224.9513,138409,13.3,1083,0.1252
device,host,1,fp256,32,select,16,7190.4430,139073,17.8,1087,0.1251
device,host,1,fp256,32,iand,16,6978.4925,143297,13.8,1147,0.1281
device,host,1,fp256,32,ior,16,7095.0696,140943,13.5,1065,0.1209
device,host,1,fp256,32,ixor,16,6655.8129,150245,14.4,1175,0.1251
device,host,1,fp256,32,iadd,16,6654.2001,150281,14.4,1167,0.1242
device,host,1,fp256,32,isub,16,7328.6016,136452,13.1,1172,0.1374
device,host,1,fp256,32,ishl,16,7348.9743,136073,13.1,1065,0.1252
device,host,1,fp256,32,ishr,16,7350.5128,136045,13.1,1068,0.1256
device,host,1,fp256,32,icmplt,16,7349.2509,136068,13.1,1063,0.1250
device,host,1,fp256,32,add,16,7342.5297,136193,13.1,1067,0.1254
device,host,1,fp256,32,sub,16,7341.6981,136208,13.1,1065,0.1251
device,host,1,fp256,32,mul,16,7353.0144,135999,13.1,1066,0.1254
device,host,1,fp256,32,fma,16,7344.5183,136156,17.4,1064,0.1250
device,resident,1,fp256,32,abs,16,1822.4500,548712,35.1,4004,0.1168
device,resident,1,fp256,32,neg,16,1792.7187,557812,35.7,4096,0.1175
device,resident,1,fp256,32,copysign,16,2163.0665,462307,44.4,4096,0.1418
device,resident,1,fp256,32,min,16,2427.7308,411907,39.5,3395,0.1319
device,resident,1,fp256,32,max,16,2519.4765,396908,38.1,3098,0.1249
device,resident,1,fp256,32,minnum,16,2575.0183,388347,37.3,3028,0.1248
device,resident,1,fp256,32,maxnum,16,2576.4070,388137,37.3,3030,0.1249
device,resident,1,fp256,32,cmplt,16,2573.1127,388634,37.3,3032,0.1248
device,resident,1,fp256,32,cmple,16,2560.1840,390597,37.5,3038,0.1244
device,resident,1,fp256,32,cmpeq,16,2564.6357,389919,37.4,3053,0.1253
device,resident,1,fp256,32,select,16,2561.6416,390375,50.0,3066,0.1257
device,resident,1,fp256,32,iand,16,2564.3471,389963,37.4,3030,0.1243
device,resident,1,fp256,32,ior,16,2562.5126,390242,37.5,3061,0.1255
device,resident,1,fp256,32,ixor,16,2564.4365,389949,37.4,3020,0.1239
device,resident,1,fp256,32,iadd,16,2568.5571,389324,37.4,3031,0.1246
device,resident,1,fp256,32,isub,16,2566.9344,389570,37.4,3028,0.1244
device,resident,1,fp256,32,ishl,16,2566.5606,389626,37.4,3057,0.1255
device,resident,1,fp256,32,ishr,16,2568.1217,389390,37.4,3002,0.1234
device,resident,1,fp256,32,icmplt,16,2566.6536,389612,37.4,3040,0.1248
device,resident,1,fp256,32,add,16,2565.1561,389840,37.4,3034,0.1245
device,resident,1,fp256,32,sub,16,2566.0041,389711,37.4,3034,0.1246
device,resident,1,fp256,32,mul,16,2563.0134,390166,37.5,3042,0.1247
device,resident,1,fp256,32,fma,16,2566.9691,389564,49.9,3051,0.1253
device,host,4,fp256,32,abs,16,15738.8994,63537,4.1,519,0.1307
device,host,4,fp256,32,neg,16,25099.6479,39841,2.5,450,0.1807
device,host,4,fp256,32,copysign,16,25034.1090,39945,3.8,313,0.1254
device,host,4,fp256,32,min,16,23443.0165,42657,4.1,314,0.1178
device,host,4,fp256,32,max,16,22947.7480,43577,4.2,341,0.1252
device,host,4,fp256,32,minnum,16,23591.3096,42388,4.1,326,0.1231
device,host,4,fp256,32,maxnum,16,24335.7607,41092,3.9,332,0.1293
device,host,4,fp256,32,cmplt,16,25575.6293,39100,3.8,306,0.1252
device,host,4,fp256,32,cmple,16,25222.4951,39647,3.8,306,0.1235
device,host,4,fp256,32,cmpeq,16,25269.9201,39573,3.8,309,0.1249
device,host,4,fp256,32,select,16,25274.9140,39565,5.1,309,0.1250
device,host,4,fp256,32,iand,16,25298.5463,39528,3.8,309,0.1251
device,host,4,fp256,32,ior,16,25344.4045,39456,3.8,313,0.1269
device,host,4,fp256,32,ixor,16,25511.3426,39198,3.8,305,0.1245
device,host,4,fp256,32,iadd,16,25300.2403,39525,3.8,308,0.1247
device,host,4,fp256,32,isub,16,25305.4117,39517,3.8,310,0.1255
device,host,4,fp256,32,ishl,16,25109.3864,39826,3.8,308,0.1237
device,host,4,fp256,32,ishr,16,25042.2776,39932,3.8,313,0.1254
device,host,4,fp256,32,icmplt,16,13715.5260,72910,7.0,570,0.1251
device,host,4,fp256,32,add,16,13726.3215,72853,7.0,569,0.1250
device,host,4,fp256,32,sub,16,14099.7380,70923,6.8,570,0.1286
device,host,4,fp256,32,mul,16,13904.5664,71919,6.9,517,0.1150
device,host,4,fp256,32,fma,16,13723.2401,72869,9.3,570,0.1252
device,resident,4,fp256,32,abs,16,4128.8886,242196,15.5,1879,0.1241
device,resident,4,fp256,32,neg,16,4127.8825,242255,15.5,1886,0.1246
device,resident,4,fp256,32,copysign,16,4139.4819,241576,23.2,1861,0.1233
device,resident,4,fp256,32,min,16,4149.6249,240986,23.1,1878,0.1247
device,resident,4,fp256,32,max,16,4156.5464,240584,23.1,1888,0.1256
device,resident,4,fp256,32,minnum,16,4194.0729,238432,22.9,1875,0.1258
device,resident,4,fp256,32,maxnum,16,4404.6298,227034,21.8,1812,0.1277
device,resident,4,fp256,32,cmplt,16,4435.9233,225432,21.6,1765,0.1253
device,resident,4,fp256,32,cmple,16,4434.1754,225521,21.7,1761,0.1249
device,resident,4,fp256,32,cmpeq,16,4430.5755,225704,21.7,1760,0.1248
device,resident,4,fp256,32,select,16,4434.1511,225522,28.9,1763,0.1251
device,resident,4,fp256,32,iand,16,4454.8070,224477,21.5,1761,0.1255
device,resident,4,fp256,32,ior,16,4467.1185,223858,21.5,1756,0.1255
device,resident,4,fp256,32,ixor,16,4464.7707,223976,21.5,1740,0.1243
device,resident,4,fp256,32,iadd,16,4529.0129,220799,21.2,1760,0.1275
device,resident,4,fp256,32,isub,16,4558.2717,219381,21.1,1711,0.1248
device,resident,4,fp256,32,ishl,16,4559.0295,219345,21.1,1709,0.1247
device,resident,4,fp256,32,ishr,16,4554.7828,219549,21.1,1716,0.1251
device,resident,4,fp256,32,icmplt,16,4557.2018,219433,21.1,1713,0.1249
device,resident,4,fp256,32,add,16,4566.6640,218978,21.0,1715,0.1253
device,resident,4,fp256,32,sub,16,4564.1983,219097,21.0,1708,0.1247
device,resident,4,fp256,32,mul,16,4556.5588,219464,21.1,1707,0.1244
device,resident,4,fp256,32,fma,16,4555.9559,219493,28.1,1716,0.1251
software,host,0,fp256,32,abs,32,149.4798,6689866,428.2,25912,0.1239
software,host,0,fp256,32,neg,32,155.8203,6417651,410.7,25105,0.1252
software,host,0,fp256,32,copysign,32,155.6745,6423661,616.7,25016,0.1246
software,host,0,fp256,32,min,32,193.9846,5155048,494.9,20202,0.1254
software,host,0,fp256,32,max,32,193.2296,5175190,496.8,20215,0.1250
software,host,0,fp256,32,minnum,32,194.9972,5128280,492.3,20069,0.1252
software,host,0,fp256,32,maxnum,32,193.6177,5164817,495.8,20202,0.1252
software,host,0,fp256,32,cmplt,32,226.7894,4409377,423.3,17143,0.1244
software,host,0,fp256,32,cmple,32,228.2879,4380434,420.5,17195,0.1256
software,host,0,fp256,32,cmpeq,32,194.8014,5133432,492.8,19961,0.1244
software,host,0,fp256,32,select,32,152.4250,6560605,839.8,25525,0.1245
software,host,0,fp256,32,iand,32,151.2052,6613531,634.9,25912,0.1254
software,host,0,fp256,32,ior,32,152.2854,6566619,630.4,25667,0.1251
software,host,0,fp256,32,ixor,32,152.0795,6575509,631.2,25654,0.1248
software,host,0,fp256,32,iadd,32,158.0228,6328203,607.5,24624,0.1245
software,host,0,fp256,32,isub,32,167.9941,5952590,571.4,23296,0.1252
software,host,0,fp256,32,ishl,32,194.3791,5144586,493.9,20071,0.1248
software,host,0,fp256,32,ishr,32,155.1511,6445328,618.8,25223,0.1252
software,host,0,fp256,32,icmplt,32,177.3369,5638984,541.3,22095,0.1254
software,host,0,fp256,32,add,32,639.8009,1562986,150.0,6104,0.1250
software,host,0,fp256,32,sub,32,650.9118,1536307,147.5,6026,0.1255
software,host,0,fp256,32,mul,32,442.3982,2260407,217.0,8871,0.1256
software,host,0,fp256,32,fma,32,554.5928,1803125,230.8,7060,0.1253
device,host,1,fp256,32,abs,32,2981.4020,335413,21.5,1246,0.1189
device,host,1,fp256,32,neg,32,2865.7754,348946,22.3,1357,0.1244
device,host,1,fp256,32,copysign,32,2893.0368,345658,33.2,1365,0.1264
device,host,1,fp256,32,min,32,2865.4875,348981,33.5,1363,0.1250
device,host,1,fp256,32,max,32,2868.0318,348671,33.5,1363,0.1251
device,host,1,fp256,32,minnum,32,2867.3289,348757,33.5,1363,0.1251
device,host,1,fp256,32,maxnum,32,3014.2786,331754,31.8,1357,0.1309
device,host,1,fp256,32,cmplt,32,3317.5532,301427,28.9,1184,0.1257
device,host,1,fp256,32,cmple,32,3418.7241,292507,28.1,1174,0.1284
device,host,1,fp256,32,cmpeq,32,3472.2009,288002,27.6,1127,0.1252
device,host,1,fp256,32,select,32,3472.0788,288012,36.9,1126,0.1251
device,host,1,fp256,32,iand,32,3472.4589,287980,27.6,1128,0.1253
device,host,1,fp256,32,ior,32,3472.3372,287990,27.6,1129,0.1254
device,host,1,fp256,32,ixor,32,3469.2933,288243,27.7,1127,0.1251
device,host,1,fp256,32,iadd,32,3468.9643,288270,27.7,1127,0.1251
device,host,1,fp256,32,isub,32,3469.2788,288244,27.7,1127,0.1251
device,host,1,fp256,32,ishl,32,3471.9668,288021,27.7,1127,0.1252
device,host,1,fp256,32,ishr,32,3515.2768,284473,27.3,1131,0.1272
device,host,1,fp256,32,icmplt,32,3801.2748,263070,25.3,1076,0.1309
device,host,1,fp256,32,add,32,3838.1242,260544,25.0,1018,0.1250
device,host,1,fp256,32,sub,32,3842.1521,260271,25.0,1018,0.1252
device,host,1,fp256,32,mul,32,3835.2467,260739,25.0,1017,0.1248
device,host,1,fp256,32,fma,32,3706.6689,269784,34.5,1017,0.1206
device,resident,1,fp256,32,abs,32,955.8749,1046162,67.0,3769,0.1153
device,resident,1,fp256,32,neg,32,942.0134,1061556,67.9,4044,0.1219
device,resident,1,fp256,32,copysign,32,925.7566,1080198,103.7,4096,0.1213
device,resident,1,fp256,32,min,32,911.1390,1097527,105.4,4096,0.1194
device,resident,1,fp256,32,max,32,900.2690,1110779,106.6,4096,0.1180
device,resident,1,fp256,32,minnum,32,885.7042,1129045,108.4,4096,0.1161
device,resident,1,fp256,32,maxnum,32,872.6222,1145971,110.0,4096,0.1144
device,resident,1,fp256,32,cmplt,32,864.3828,1156895,111.1,4096,0.1133
device,resident,1,fp256,32,cmple,32,863.7323,1157766,111.1,4096,0.1132
device,resident,1,fp256,32,cmpeq,32,858.4769,1164854,111.8,4096,0.1125
device,resident,1,fp256,32,select,32,858.3963,1164963,149.1,4096,0.1125
device,resident,1,fp256,32,iand,32,857.7386,1165856,111.9,4096,0.1124
device,resident,1,fp256,32,ior,32,850.8454,1175302,112.8,4096,0.1115
device,resident,1,fp256,32,ixor,32,1025.8566,974795,93.6,4096,0.1345
device,resident,1,fp256,32,iadd,32,1040.6650,960924,92.2,3742,0.1246
device,resident,1,fp256,32,isub,32,1040.5110,961066,92.3,3768,0.1255
device,resident,1,fp256,32,ishl,32,1038.7149,962728,92.4,3772,0.1254
device,resident,1,fp256,32,ishr,32,1040.2832,961277,92.3,3763,0.1253
device,resident,1,fp256,32,icmplt,32,1041.1244,960500,92.2,3758,0.1252
device,resident,1,fp256,32,add,32,1037.0091,964312,92.6,3772,0.1252
device,resident,1,fp256,32,sub,32,1040.3341,961230,92.3,3753,0.1249
device,resident,1,fp256,32,mul,32,1036.9980,964322,92.6,3776,0.1253
device,resident,1,fp256,32,fma,32,1040.2812,961279,123.0,3759,0.1251
device,host,4,fp256,32,abs,32,7226.1022,138387,8.9,531,0.1228
device,host,4,fp256,32,neg,32,7236.8139,138182,8.8,540,0.1251
device,host,4,fp256,32,copysign,32,7713.0459,129650,12.4,539,0.1330
device,host,4,fp256,32,min,32,8262.1194,121034,11.6,482,0.1274
device,host,4,fp256,32,max,32,8251.7518,121186,11.6,473,0.1249
device,host,4,fp256,32,minnum,32,8264.2889,121003,11.6,474,0.1254
device,host,4,fp256,32,maxnum,32,8321.8833,120165,11.5,473,0.1260
device,host,4,fp256,32,cmplt,32,10186.2943,98171,9.4,425,0.1385
device,host,4,fp256,32,cmple,32,11228.7036,89057,8.5,360,0.1294
device,host,4,fp256,32,cmpeq,32,12543.3858,79723,7.7,324,0.1300
device,host,4,fp256,32,select,32,12536.8706,79765,10.2,311,0.1248
device,host,4,fp256,32,iand,32,12498.4552,80010,7.7,309,0.1236
device,host,4,fp256,32,ior,32,12550.7408,79677,7.6,310,0.1245
device,host,4,fp256,32,ixor,32,12554.5970,79652,7.6,312,0.1253
device,host,4,fp256,32,iadd,32,12505.0862,79967,7.7,312,0.1249
device,host,4,fp256,32,isub,32,12526.2101,79833,7.7,312,0.1251
device,host,4,fp256,32,ishl,32,12554.3459,79654,7.6,314,0.1261
device,host,4,fp256,32,ishr,32,12506.2344,79960,7.7,312,0.1249
device,host,4,fp256,32,icmplt,32,12540.7688,79740,7.7,314,0.1260
device,host,4,fp256,32,add,32,12545.3806,79711,7.7,314,0.1261
device,host,4,fp256,32,sub,32,12544.6111,79716,7.7,314,0.1260
device,host,4,fp256,32,mul,32,12536.5989,79766,7.7,309,0.1240
device,host,4,fp256,32,fma,32,12546.9988,79700,10.2,312,0.1253
device,resident,4,fp256,32,abs,32,2065.0290,484255,31.0,1901,0.1256
device,resident,4,fp256,32,neg,32,2122.3298,471180,30.2,1839,0.1249
device,resident,4,fp256,32,copysign,32,2122.3161,471183,45.2,1843,0.1252
device,resident,4,fp256,32,min,32,2123.1173,471006,45.2,1843,0.1252
device,resident,4,fp256,32,max,32,2124.1834,470769,45.2,1835,0.1247
device,resident,4,fp256,32,minnum,32,2123.2567,470975,45.2,1841,0.1251
device,resident,4,fp256,32,maxnum,32,2124.1736,470771,45.2,1841,0.1251
device,resident,4,fp256,32,cmplt,32,2123.7652,470862,45.2,1840,0.1250
device,resident,4,fp256,32,cmple,32,2126.7876,470193,45.1,1839,0.1252
device,resident,4,fp256,32,cmpeq,32,2064.9888,484264,46.5,1835,0.1213
device,resident,4,fp256,32,select,32,2055.4724,486506,62.3,1903,0.1252
device,resident,4,fp256,32,iand,32,2054.5171,486732,46.7,1899,0.1248
device,resident,4,fp256,32,ior,32,2063.7672,484551,46.5,1895,0.1251
device,resident,4,fp256,32,ixor,32,2090.6677,478316,45.9,1875,0.1254
device,resident,4,fp256,32,iadd,32,2061.5924,485062,46.6,1841,0.1215
device,resident,4,fp256,32,isub,32,2050.6856,487642,46.8,1904,0.1249
device,resident,4,fp256,32,ishl,32,2164.0755,462091,44.4,1906,0.1320
device,resident,4,fp256,32,ishr,32,2223.4644,449749,43.2,1770,0.1259
device,resident,4,fp256,32,icmplt,32,2225.7235,449292,43.1,1764,0.1256
device,resident,4,fp256,32,add,32,2222.6735,449909,43.2,1764,0.1255
device,resident,4,fp256,32,sub,32,2224.6016,449519,43.2,1767,0.1258
device,resident,4,fp256,32,mul,32,2226.1773,449201,43.1,1762,0.1255
device,resident,4,fp256,32,fma,32,2227.2216,448990,57.5,1759,0.1254
software,host,0,fp256,32,abs,64,148.6180,6728661,430.6,11267,0.1072
software,host,0,fp256,32,neg,64,156.1891,6402497,409.8,12589,0.1258
software,host,0,fp256,32,copysign,64,155.5681,6428051,617.1,12587,0.1253
software,host,0,fp256,32,min,64,195.2636,5121281,491.6,10051,0.1256
software,host,0,fp256,32,max,64,193.7796,5160503,495.4,10066,0.1248
software,host,0,fp256,32,minnum,64,194.8154,5133065,492.8,10040,0.1252
software,host,0,fp256,32,maxnum,64,194.3688,5144859,493.9,9901,0.1232
software,host,0,fp256,32,cmplt,64,223.8843,4466592,428.8,8734,0.1251
software,host,0,fp256,32,cmple,64,226.7262,4410605,423.4,8656,0.1256
software,host,0,fp256,32,cmpeq,64,196.4182,5091179,488.8,9970,0.1253
software,host,0,fp256,32,select,64,152.9793,6536830,836.7,12796,0.1253
software,host,0,fp256,32,iand,64,150.1085,6661847,639.5,12971,0.1246
software,host,0,fp256,32,ior,64,152.4957,6557560,629.5,12774,0.1247
software,host,0,fp256,32,ixor,64,152.1603,6572015,630.9,12867,0.1253
software,host,0,fp256,32,iadd,64,157.7838,6337785,608.4,12367,0.1249
software,host,0,fp256,32,isub,64,168.7911,5924482,568.8,11524,0.1245
software,host,0,fp256,32,ishl,64,194.4925,5141587,493.6,10060,0.1252
software,host,0,fp256,32,ishr,64,155.0494,6449557,619.2,12566,0.1247
software,host,0,fp256,32,icmplt,64,174.9080,5717292,548.9,11159,0.1249
software,host,0,fp256,32,add,64,637.9166,1567603,150.5,3061,0.1250
software,host,0,fp256,32,sub,64,650.6147,1537008,147.6,3010,0.1253
software,host,0,fp256,32,mul,64,450.8496,2218034,212.9,4096,0.1182
software,host,0,fp256,32,fma,64,559.9417,1785900,228.6,3504,0.1256
device,host,1,fp256,32,abs,64,1696.5315,589438,37.7,1289,0.1400
device,host,1,fp256,32,neg,64,1853.4433,539536,34.5,1049,0.1244
device,host,1,fp256,32,copysign,64,1863.2150,536707,51.5,1052,0.1254
device,host,1,fp256,32,min,64,1894.3665,527881,50.7,1047,0.1269
device,host,1,fp256,32,max,64,1923.4938,519887,49.9,1011,0.1245
device,host,1,fp256,32,minnum,64,1922.6714,520110,49.9,1018,0.1253
device,host,1,fp256,32,maxnum,64,1910.7776,523347,50.2,1014,0.1240
device,host,1,fp256,32,cmplt,64,1925.3948,519374,49.9,1018,0.1254
device,host,1,fp256,32,cmple,64,1938.1116,515966,49.5,1016,0.1260
device,host,1,fp256,32,cmpeq,64,1918.1456,521337,50.0,1017,0.1248
device,host,1,fp256,32,select,64,1894.9651,527714,67.5,1015,0.1231
device,host,1,fp256,32,iand,64,1893.7832,528044,50.7,1032,0.1251
device,host,1,fp256,32,ior,64,1921.4669,520436,50.0,1013,0.1246
device,host,1,fp256,32,ixor,64,1904.1572,525167,50.4,1017,0.1239
device,host,1,fp256,32,iadd,64,1893.5387,528112,50.7,1032,0.1251
device,host,1,fp256,32,isub,64,1894.1012,527955,50.7,1025,0.1243
device,host,1,fp256,32,ishl,64,1894.8717,527740,50.7,1035,0.1255
device,host,1,fp256,32,ishr,64,1895.5931,527539,50.6,1031,0.1251
device,host,1,fp256,32,icmplt,64,1894.3115,527896,50.7,1026,0.1244
device,host,1,fp256,32,add,64,1895.4428,527581,50.6,1032,0.1252
device,host,1,fp256,32,sub,64,1894.4519,527857,50.7,1030,0.1249
device,host,1,fp256,32,mul,64,1896.6753,527238,50.6,1034,0.1255
device,host,1,fp256,32,fma,64,1896.8143,527200,67.5,1032,0.1253
device,resident,1,fp256,32,abs,64,519.6223,1924475,123.2,3408,0.1133
device,resident,1,fp256,32,neg,64,514.7581,1942660,124.3,3806,0.1254
device,resident,1,fp256,32,copysign,64,530.4379,1885235,181.0,3591,0.1219
device,resident,1,fp256,32,min,64,528.2188,1893155,181.7,3606,0.1219
device,resident,1,fp256,32,max,64,529.0162,1890301,181.5,3684,0.1247
device,resident,1,fp256,32,minnum,64,527.2258,1896721,182.1,3691,0.1245
device,resident,1,fp256,32,maxnum,64,538.7043,1856306,178.2,3638,0.1254
device,resident,1,fp256,32,cmplt,64,538.7234,1856240,178.2,3632,0.1252
device,resident,1,fp256,32,cmple,64,650.5179,1537237,147.6,3616,0.1505
device,resident,1,fp256,32,cmpeq,64,750.3139,1332775,127.9,2685,0.1289
device,resident,1,fp256,32,select,64,744.0159,1344057,172.0,2629,0.1252
device,resident,1,fp256,32,iand,64,744.3193,1343510,129.0,2604,0.1240
device,resident,1,fp256,32,ior,64,744.1294,1343852,129.0,2626,0.1251
device,resident,1,fp256,32,ixor,64,744.4730,1343232,129.0,2626,0.1251
device,resident,1,fp256,32,iadd,64,744.8661,1342523,128.9,2628,0.1253
device,resident,1,fp256,32,isub,64,744.5258,1343137,128.9,2637,0.1257
device,resident,1,fp256,32,ishl,64,748.2824,1336394,128.3,2626,0.1258
device,resident,1,fp256,32,ishr,64,772.2045,1294994,124.3,2558,0.1264
device,resident,1,fp256,32,icmplt,64,762.6119,1311283,125.9,2558,0.1248
device,resident,1,fp256,32,add,64,679.3404,1472016,141.3,2871,0.1248
device,resident,1,fp256,32,sub,64,679.2970,1472110,141.3,2871,0.1248
device,resident,1,fp256,32,mul,64,679.6801,1471280,141.2,2882,0.1254
device,resident,1,fp256,32,fma,64,679.2784,1472150,188.4,2880,0.1252
device,host,4,fp256,32,abs,64,5369.6478,186232,11.9,526,0.1808
device,host,4,fp256,32,neg,64,6833.4598,146339,9.4,285,0.1246
device,host,4,fp256,32,copysign,64,6159.5268,162350,15.6,306,0.1206
device,host,4,fp256,32,min,64,6009.2177,166411,16.0,327,0.1258
device,host,4,fp256,32,max,64,6012.7292,166314,16.0,327,0.1258
device,host,4,fp256,32,minnum,64,6389.1466,156515,15.0,328,0.1341
device,host,4,fp256,32,maxnum,64,6503.9772,153752,14.8,302,0.1257
device,host,4,fp256,32,cmplt,64,6483.1511,154246,14.8,303,0.1257
device,host,4,fp256,32,cmple,64,6476.2373,154411,14.8,301,0.1248
device,host,4,fp256,32,cmpeq,64,6476.1210,154413,14.8,300,0.1243
device,host,4,fp256,32,select,64,6488.6290,154116,19.7,300,0.1246
device,host,4,fp256,32,iand,64,6477.4052,154383,14.8,300,0.1244
device,host,4,fp256,32,ior,64,6497.2385,153912,14.8,302,0.1256
device,host,4,fp256,32,ixor,64,6474.7074,154447,14.8,302,0.1251
device,host,4,fp256,32,iadd,64,6489.4121,154097,14.8,303,0.1258
device,host,4,fp256,32,isub,64,6453.4209,154957,14.9,302,0.1247
device,host,4,fp256,32,ishl,64,6486.4007,154169,14.8,302,0.1254
device,host,4,fp256,32,ishr,64,6476.5698,154403,14.8,302,0.1252
device,host,4,fp256,32,icmplt,64,6476.2796,154410,14.8,301,0.1248
device,host,4,fp256,32,add,64,6463.7203,154710,14.9,301,0.1245
device,host,4,fp256,32,sub,64,6473.3599,154479,14.8,303,0.1255
device,host,4,fp256,32,mul,64,6488.5400,154118,14.8,304,0.1262
device,host,4,fp256,32,fma,64,6063.3684,164925,21.1,302,0.1172
device,resident,4,fp256,32,abs,64,1042.1219,959581,61.4,1861,0.1241
device,resident,4,fp256,32,neg,64,1041.1041,960519,61.5,1878,0.1251
device,resident,4,fp256,32,copysign,64,1040.0564,961486,92.3,1873,0.1247
device,resident,4,fp256,32,min,64,1042.3525,959368,92.1,1876,0.1251
device,resident,4,fp256,32,max,64,1041.2103,960421,92.2,1876,0.1250
device,resident,4,fp256,32,minnum,64,1041.0463,960572,92.2,1864,0.1242
device,resident,4,fp256,32,maxnum,64,1038.9319,962527,92.4,1872,0.1245
device,resident,4,fp256,32,cmplt,64,1037.2870,964053,92.5,1877,0.1246
device,resident,4,fp256,32,cmple,64,1042.6707,959076,92.1,1875,0.1251
device,resident,4,fp256,32,cmpeq,64,1041.5424,960115,92.2,1861,0.1241
device,resident,4,fp256,32,select,64,1042.2514,959461,122.8,1887,0.1259
device,resident,4,fp256,32,iand,64,1041.2073,960424,92.2,1877,0.1251
device,resident,4,fp256,32,ior,64,1033.4395,967643,92.9,1875,0.1240
device,resident,4,fp256,32,ixor,64,1036.9515,964365,92.6,1873,0.1243
device,resident,4,fp256,32,iadd,64,1033.8971,967214,92.9,1880,0.1244
device,resident,4,fp256,32,isub,64,1040.0086,961531,92.3,1893,0.1260
device,resident,4,fp256,32,ishl,64,1034.4355,966711,92.8,1883,0.1247
device,resident,4,fp256,32,ishr,64,1038.4699,962955,92.4,1872,0.1244
device,resident,4,fp256,32,icmplt,64,1046.2094,955832,91.8,1891,0.1266
device,resident,4,fp256,32,add,64,1096.4625,912024,87.6,1825,0.1281
device,resident,4,fp256,32,sub,64,1116.2968,895819,86.0,1745,0.1247
device,resident,4,fp256,32,mul,64,1117.1660,895122,85.9,1750,0.1251
device,resident,4,fp256,32,fma,64,1117.0133,895244,114.6,1753,0.1253
software,host,0,fp256,32,abs,128,156.9551,6371250,407.8,5810,0.1167
software,host,0,fp256,32,neg,128,157.9572,6330830,405.2,6185,0.1251
software,host,0,fp256,32,copysign,128,158.9423,6291591,604.0,6113,0.1244
software,host,0,fp256,32,min,128,197.8987,5053090,485.1,4096,0.1038
software,host,0,fp256,32,max,128,199.8703,5003245,480.3,4096,0.1048
software,host,0,fp256,32,minnum,128,198.4317,5039518,483.8,4096,0.1040
software,host,0,fp256,32,maxnum,128,198.4487,5039085,483.8,4096,0.1040
software,host,0,fp256,32,cmplt,128,235.0229,4254905,408.5,4096,0.1232
software,host,0,fp256,32,cmple,128,236.6037,4226476,405.7,4096,0.1240
software,host,0,fp256,32,cmpeq,128,195.2614,5121341,491.6,4096,0.1024
software,host,0,fp256,32,select,128,163.5964,6112605,782.4,5952,0.1246
software,host,0,fp256,32,iand,128,149.5469,6686863,641.9,6515,0.1247
software,host,0,fp256,32,ior,128,152.3818,6562464,630.0,6427,0.1254
software,host,0,fp256,32,ixor,128,151.9467,6581255,631.8,6442,0.1253
software,host,0,fp256,32,iadd,128,158.0853,6325700,607.3,6160,0.1246
software,host,0,fp256,32,isub,128,168.6972,5927782,569.1,5783,0.1249
software,host,0,fp256,32,ishl,128,194.9203,5130302,492.5,4096,0.1022
software,host,0,fp256,32,ishr,128,154.5624,6469878,621.1,6340,0.1254
software,host,0,fp256,32,icmplt,128,168.3006,5941750,570.4,5791,0.1248
software,host,0,fp256,32,add,128,650.7599,1536665,147.5,1504,0.1253
software,host,0,fp256,32,sub,128,657.1085,1521819,146.1,1458,0.1226
software,host,0,fp256,32,mul,128,452.9091,2207948,212.0,2103,0.1219
software,host,0,fp256,32,fma,128,561.0739,1782297,228.1,1754,0.1260
device,host,1,fp256,32,abs,128,794.2489,1259051,80.6,1280,0.1301
device,host,1,fp256,32,neg,128,935.8643,1068531,68.4,1202,0.1440
device,host,1,fp256,32,copysign,128,940.4733,1063294,102.1,1039,0.1251
device,host,1,fp256,32,min,128,940.1384,1063673,102.1,1038,0.1249
device,host,1,fp256,32,max,128,915.5994,1092181,104.8,1074,0.1259
device,host,1,fp256,32,minnum,128,951.5620,1050904,100.9,1027,0.1251
device,host,1,fp256,32,maxnum,128,948.4283,1054376,101.2,1025,0.1244
device,host,1,fp256,32,cmplt,128,942.1270,1061428,101.9,1034,0.1247
device,host,1,fp256,32,cmple,128,943.2057,1060214,101.8,1037,0.1252
device,host,1,fp256,32,cmpeq,128,938.4965,1065534,102.3,1042,0.1252
device,host,1,fp256,32,select,128,938.4378,1065601,136.4,1038,0.1247
device,host,1,fp256,32,iand,128,938.3948,1065650,102.3,1043,0.1253
device,host,1,fp256,32,ior,128,938.1727,1065902,102.3,1043,0.1252
device,host,1,fp256,32,ixor,128,938.1465,1065932,102.3,1040,0.1249
device,host,1,fp256,32,iadd,128,937.5084,1066657,102.4,1041,0.1249
device,host,1,fp256,32,isub,128,938.1250,1065956,102.3,1038,0.1246
device,host,1,fp256,32,ishl,128,939.0961,1064854,102.2,1040,0.1250
device,host,1,fp256,32,ishr,128,940.6526,1063092,102.1,1035,0.1246
device,host,1,fp256,32,icmplt,128,939.9254,1063914,102.1,1036,0.1246
device,host,1,fp256,32,add,128,936.7733,1067494,102.5,1043,0.1251
device,host,1,fp256,32,sub,128,935.2724,1069207,102.6,1044,0.1250
device,host,1,fp256,32,mul,128,937.5200,1066644,102.4,1046,0.1255
device,host,1,fp256,32,fma,128,939.1950,1064742,136.3,1047,0.1259
device,resident,1,fp256,32,abs,128,244.2287,4094523,262.0,3692,0.1154
device,resident,1,fp256,32,neg,128,238.1497,4199040,268.7,4035,0.1230
device,resident,1,fp256,32,copysign,128,231.0850,4327413,415.4,4096,0.1212
device,resident,1,fp256,32,min,128,225.2697,4439124,426.2,4096,0.1181
device,resident,1,fp256,32,max,128,221.4217,4516268,433.6,4096,0.1161
device,resident,1,fp256,32,minnum,128,218.3854,4579060,439.6,4096,0.1145
device,resident,1,fp256,32,maxnum,128,211.4334,4729623,454.0,4096,0.1109
device,resident,1,fp256,32,cmplt,128,209.6018,4770951,458.0,4096,0.1099
device,resident,1,fp256,32,cmple,128,207.7369,4813781,462.1,4096,0.1089
device,resident,1,fp256,32,cmpeq,128,206.7156,4837564,464.4,4096,0.1084
device,resident,1,fp256,32,select,128,207.3342,4823131,617.4,4096,0.1087
device,resident,1,fp256,32,iand,128,208.6872,4791860,460.0,4096,0.1094
device,resident,1,fp256,32,ior,128,209.0388,4783800,459.2,4096,0.1096
device,resident,1,fp256,32,ixor,128,210.0369,4761067,457.1,4096,0.1101
device,resident,1,fp256,32,iadd,128,208.8409,4788335,459.7,4096,0.1095
device,resident,1,fp256,32,isub,128,209.6419,4770040,457.9,4096,0.1099
device,resident,1,fp256,32,ishl,128,242.2759,4127526,396.2,4096,0.1270
device,resident,1,fp256,32,ishr,128,262.6790,3806928,365.5,3679,0.1237
device,resident,1,fp256,32,icmplt,128,267.2021,3742486,359.3,3724,0.1274
device,resident,1,fp256,32,add,128,274.5397,3642461,349.7,3621,0.1272
device,resident,1,fp256,32,sub,128,264.2415,3784417,363.3,3482,0.1178
device,resident,1,fp256,32,mul,128,260.4133,3840049,368.6,3726,0.1242
device,resident,1,fp256,32,fma,128,258.9583,3861626,494.3,3759,0.1246
device,host,4,fp256,32,abs,128,1832.0971,545823,34.9,524,0.1229
device,host,4,fp256,32,neg,128,1734.3484,576585,36.9,529,0.1174
device,host,4,fp256,32,copysign,128,1696.3105,589515,56.6,579,0.1257
device,host,4,fp256,32,min,128,1762.6968,567313,54.5,577,0.1302
device,host,4,fp256,32,max,128,1953.7079,511847,49.1,522,0.1305
device,host,4,fp256,32,minnum,128,1980.8568,504832,48.5,494,0.1253
device,host,4,fp256,32,maxnum,128,2005.1729,498710,47.9,494,0.1268
device,host,4,fp256,32,cmplt,128,2117.7270,472204,45.3,476,0.1290
device,host,4,fp256,32,cmple,128,2169.2794,460983,44.3,450,0.1250
device,host,4,fp256,32,cmpeq,128,2168.7211,461101,44.3,454,0.1260
device,host,4,fp256,32,select,128,2167.6154,461336,59.1,451,0.1251
device,host,4,fp256,32,iand,128,2165.6080,461764,44.3,450,0.1247
device,host,4,fp256,32,ior,128,2175.2004,459728,44.1,452,0.1258
device,host,4,fp256,32,ixor,128,2443.0365,409327,39.3,452,0.1413
device,host,4,fp256,32,iadd,128,2169.1934,461001,44.3,448,0.1244
device,host,4,fp256,32,isub,128,2172.7782,460240,44.2,447,0.1243
device,host,4,fp256,32,ishl,128,2170.6409,460693,44.2,450,0.1250
device,host,4,fp256,32,ishr,128,2715.3694,368274,35.4,452,0.1571
device,host,4,fp256,32,icmplt,128,3269.5071,305856,29.4,310,0.1297
device,host,4,fp256,32,add,128,3276.2250,305229,29.3,297,0.1245
device,host,4,fp256,32,sub,128,3295.2299,303469,29.1,299,0.1261
device,host,4,fp256,32,mul,128,3262.7641,306489,29.4,299,0.1249
device,host,4,fp256,32,fma,128,3258.4711,306892,39.3,300,0.1251
device,resident,4,fp256,32,abs,128,522.9264,1912315,122.4,1815,0.1215
device,resident,4,fp256,32,neg,128,519.3954,1925316,123.2,1867,0.1241
device,resident,4,fp256,32,copysign,128,508.2209,1967648,188.9,1899,0.1235
device,resident,4,fp256,32,min,128,505.2285,1979302,190.0,1919,0.1241
device,resident,4,fp256,32,max,128,504.2259,1983238,190.4,1948,0.1257
device,resident,4,fp256,32,minnum,128,504.9826,1980266,190.1,1941,0.1255
device,resident,4,fp256,32,maxnum,128,506.8165,1973101,189.4,1902,0.1234
device,resident,4,fp256,32,cmplt,128,507.2081,1971577,189.3,1928,0.1252
device,resident,4,fp256,32,cmple,128,507.6019,1970048,189.1,1909,0.1240
device,resident,4,fp256,32,cmpeq,128,510.4138,1959195,188.1,1913,0.1250
device,resident,4,fp256,32,select,128,512.3262,1951881,249.8,1918,0.1258
device,resident,4,fp256,32,iand,128,509.6312,1962203,188.4,1908,0.1245
device,resident,4,fp256,32,ior,128,510.1765,1960106,188.2,1907,0.1245
device,resident,4,fp256,32,ixor,128,509.5245,1962614,188.4,1924,0.1255
device,resident,4,fp256,32,iadd,128,509.4224,1963008,188.4,1896,0.1236
device,resident,4,fp256,32,isub,128,510.2938,1959655,188.1,1909,0.1247
device,resident,4,fp256,32,ishl,128,521.4420,1917759,184.1,1905,0.1271
device,resident,4,fp256,32,ishr,128,538.4502,1857182,178.3,1815,0.1251
device,resident,4,fp256,32,icmplt,128,553.3254,1807255,173.5,1767,0.1251
device,resident,4,fp256,32,add,128,554.2597,1804209,173.2,1762,0.1250
device,resident,4,fp256,32,sub,128,554.4034,1803741,173.2,1775,0.1260
device,resident,4,fp256,32,mul,128,553.7234,1805956,173.4,1757,0.1245
device,resident,4,fp256,32,fma,128,553.1403,1807860,231.4,1765,0.1250
software,host,0,fp256,32,abs,256,148.2546,6745153,431.7,3094,0.1174
software,host,0,fp256,32,neg,256,154.5471,6470518,414.1,3171,0.1255
software,host,0,fp256,32,copysign,256,154.7511,6461991,620.4,3110,0.1232
software,host,0,fp256,32,min,256,193.2675,5174175,496.7,2538,0.1256
software,host,0,fp256,32,max,256,194.2960,5146786,494.1,2366,0.1177
software,host,0,fp256,32,minnum,256,193.7402,5161553,495.5,2533,0.1256
software,host,0,fp256,32,maxnum,256,192.9657,5182268,497.5,2536,0.1253
software,host,0,fp256,32,cmplt,256,227.3773,4397977,422.2,2154,0.1254
software,host,0,fp256,32,cmple,256,229.3975,4359245,418.5,2127,0.1249
software,host,0,fp256,32,cmpeq,256,194.4443,5142862,493.7,2516,0.1252
software,host,0,fp256,32,select,256,151.8607,6584983,842.9,3227,0.1255
software,host,0,fp256,32,iand,256,149.4061,6693169,642.5,3283,0.1256
software,host,0,fp256,32,ior,256,151.8370,6586011,632.3,3218,0.1251
software,host,0,fp256,32,ixor,256,151.6574,6593808,633.0,3227,0.1253
software,host,0,fp256,32,iadd,256,158.4878,6309634,605.7,3089,0.1253
software,host,0,fp256,32,isub,256,170.9352,5850171,561.6,2910,0.1273
software,host,0,fp256,32,ishl,256,197.7652,5056502,485.4,2490,0.1261
software,host,0,fp256,32,ishr,256,176.7870,5656524,543.0,3175,0.1437
software,host,0,fp256,32,icmplt,256,187.4120,5335837,512.2,2893,0.1388
software,host,0,fp256,32,add,256,645.4574,1549289,148.7,760,0.1256
software,host,0,fp256,32,sub,256,656.5318,1523155,146.2,748,0.1257
software,host,0,fp256,32,mul,256,449.7722,2223348,213.4,1087,0.1252
software,host,0,fp256,32,fma,256,559.7700,1786448,228.7,875,0.1254
device,host,1,fp256,32,abs,256,448.1755,2231269,142.8,1124,0.1290
device,host,1,fp256,32,neg,256,496.1752,2015417,129.0,1065,0.1353
device,host,1,fp256,32,copysign,256,508.1126,1968068,188.9,964,0.1254
device,host,1,fp256,32,min,256,506.8231,1973075,189.4,964,0.1251
device,host,1,fp256,32,max,256,509.9376,1961024,188.3,962,0.1256
device,host,1,fp256,32,minnum,256,508.3801,1967032,188.8,959,0.1248
device,host,1,fp256,32,maxnum,256,506.4271,1974618,189.6,961,0.1246
device,host,1,fp256,32,cmplt,256,506.9742,1972487,189.4,963,0.1250
device,host,1,fp256,32,cmple,256,507.1118,1971952,189.3,966,0.1254
device,host,1,fp256,32,cmpeq,256,505.2038,1979399,190.0,959,0.1240
device,host,1,fp256,32,select,256,504.3928,1982582,253.8,970,0.1253
device,host,1,fp256,32,iand,256,504.0038,1984112,190.5,971,0.1253
device,host,1,fp256,32,ior,256,504.3868,1982606,190.3,964,0.1245
device,host,1,fp256,32,ixor,256,504.7956,1981000,190.2,972,0.1256
device,host,1,fp256,32,iadd,256,506.3102,1975074,189.6,963,0.1248
device,host,1,fp256,32,isub,256,504.5195,1982084,190.3,970,0.1253
device,host,1,fp256,32,ishl,256,507.6407,1969897,189.1,970,0.1261
device,host,1,fp256,32,ishr,256,505.9572,1976452,189.7,957,0.1240
device,host,1,fp256,32,icmplt,256,506.0345,1976150,189.7,963,0.1248
device,host,1,fp256,32,add,256,506.2405,1975346,189.6,962,0.1247
device,host,1,fp256,32,sub,256,504.7825,1981051,190.2,964,0.1246
device,host,1,fp256,32,mul,256,515.9534,1938160,186.1,962,0.1271
device,host,1,fp256,32,fma,256,508.7401,1965640,251.6,947,0.1233
device,resident,1,fp256,32,abs,256,130.2103,7679886,491.5,3716,0.1239
device,resident,1,fp256,32,neg,256,153.0237,6534933,418.2,3239,0.1269
device,resident,1,fp256,32,copysign,256,152.6949,6549007,628.7,3175,0.1241
device,resident,1,fp256,32,min,256,151.0729,6619321,635.5,3182,0.1231
device,resident,1,fp256,32,max,256,149.3930,6693753,642.6,3250,0.1243
device,resident,1,fp256,32,minnum,256,149.3641,6695049,642.7,3274,0.1252
device,resident,1,fp256,32,maxnum,256,149.0727,6708134,644.0,3265,0.1246
device,resident,1,fp256,32,cmplt,256,151.1112,6617645,635.3,3290,0.1273
device,resident,1,fp256,32,cmple,256,164.4432,6081128,583.8,3114,0.1311
device,resident,1,fp256,32,cmpeq,256,169.0512,5915369,567.9,2889,0.1250
device,resident,1,fp256,32,select,256,169.4855,5900211,755.2,2901,0.1259
device,resident,1,fp256,32,iand,256,169.8371,5887996,565.2,2886,0.1255
device,resident,1,fp256,32,ior,256,169.0059,5916953,568.0,2852,0.1234
device,resident,1,fp256,32,ixor,256,168.7807,5924848,568.8,2896,0.1251
device,resident,1,fp256,32,iadd,256,171.8495,5819046,558.6,2888,0.1271
device,resident,1,fp256,32,isub,256,175.5052,5697836,547.0,2777,0.1248
device,resident,1,fp256,32,ishl,256,173.8610,5751720,552.2,2788,0.1241
device,resident,1,fp256,32,ishr,256,171.2522,5839342,560.6,2866,0.1256
device,resident,1,fp256,32,icmplt,256,171.3950,5834476,560.1,2847,0.1249
device,resident,1,fp256,32,add,256,170.9645,5849168,561.5,2849,0.1247
device,resident,1,fp256,32,sub,256,170.9842,5848494,561.5,2840,0.1243
device,resident,1,fp256,32,mul,256,170.9661,5849112,561.5,2846,0.1246
device,resident,1,fp256,32,fma,256,171.1303,5843499,748.0,2858,0.1252
device,host,4,fp256,32,abs,256,921.9835,1084618,69.4,517,0.1220
device,host,4,fp256,32,neg,256,924.6119,1081535,69.2,531,0.1257
device,host,4,fp256,32,copysign,256,920.1041,1086834,104.3,530,0.1248
device,host,4,fp256,32,min,256,944.4196,1058851,101.6,530,0.1281
device,host,4,fp256,32,max,256,1092.0822,915682,87.9,465,0.1300
device,host,4,fp256,32,minnum,256,1242.8814,804582,77.2,441,0.1403
device,host,4,fp256,32,maxnum,256,1486.2350,672841,64.6,344,0.1309
device,host,4,fp256,32,cmplt,256,1647.8576,606849,58.3,296,0.1249
device,host,4,fp256,32,cmple,256,1648.7127,606534,58.2,298,0.1258
device,host,4,fp256,32,cmpeq,256,1727.3229,578931,55.6,294,0.1300
device,host,4,fp256,32,select,256,1774.5106,563536,72.1,276,0.1254
device,host,4,fp256,32,iand,256,1667.6088,599661,57.6,276,0.1178
device,host,4,fp256,32,ior,256,1642.3570,608881,58.5,297,0.1249
device,host,4,fp256,32,ixor,256,1644.7629,607990,58.4,296,0.1246
device,host,4,fp256,32,iadd,256,1629.8685,613546,58.9,298,0.1243
device,host,4,fp256,32,isub,256,1621.2482,616809,59.2,312,0.1295
device,host,4,fp256,32,ishl,256,1633.3175,612251,58.8,295,0.1233
device,host,4,fp256,32,ishr,256,1655.0645,604206,58.0,294,0.1246
device,host,4,fp256,32,icmplt,256,1652.1394,605276,58.1,299,0.1265
device,host,4,fp256,32,add,256,1633.2156,612289,58.8,296,0.1238
device,host,4,fp256,32,sub,256,1635.2335,611533,58.7,301,0.1260
device,host,4,fp256,32,mul,256,1640.0211,609748,58.5,299,0.1255
device,host,4,fp256,32,fma,256,1616.1206,618766,79.2,304,0.1258
device,resident,4,fp256,32,abs,256,262.4579,3810134,243.8,1843,0.1238
device,resident,4,fp256,32,neg,256,260.5010,3838757,245.7,1847,0.1232
device,resident,4,fp256,32,copysign,256,273.5917,3655082,350.9,1911,0.1338
device,resident,4,fp256,32,min,256,299.8107,3335438,320.2,1669,0.1281
device,resident,4,fp256,32,max,256,301.8056,3313391,318.1,1618,0.1250
device,resident,4,fp256,32,minnum,256,301.8139,3313300,318.1,1611,0.1245
device,resident,4,fp256,32,maxnum,256,301.7554,3313942,318.1,1622,0.1253
device,resident,4,fp256,32,cmplt,256,321.1772,3113547,298.9,1623,0.1334
device,resident,4,fp256,32,cmple,256,329.2426,3037274,291.6,1488,0.1254
device,resident,4,fp256,32,cmpeq,256,328.1296,3047576,292.6,1485,0.1247
device,resident,4,fp256,32,select,256,328.7010,3042279,389.4,1486,0.1250
device,resident,4,fp256,32,iand,256,321.5975,3109477,298.5,1477,0.1216
device,resident,4,fp256,32,ior,256,311.7893,3207294,307.9,1567,0.1251
device,resident,4,fp256,32,ixor,256,311.7883,3207304,307.9,1568,0.1252
device,resident,4,fp256,32,iadd,256,312.0744,3204364,307.6,1565,0.1250
device,resident,4,fp256,32,isub,256,312.1433,3203656,307.6,1549,0.1238
device,resident,4,fp256,32,ishl,256,312.1990,3203085,307.5,1564,0.1250
device,resident,4,fp256,32,ishr,256,312.2392,3202673,307.5,1565,0.1251
device,resident,4,fp256,32,icmplt,256,311.9688,3205449,307.7,1565,0.1250
device,resident,4,fp256,32,add,256,314.6237,3178400,305.1,1553,0.1251
device,resident,4,fp256,32,sub,256,314.7120,3177509,305.0,1546,0.1246
device,resident,4,fp256,32,mul,256,314.5539,3179105,305.2,1551,0.1249
device,resident,4,fp256,32,fma,256,327.9153,3049568,390.3,1545,0.1297
software,host,0,fp256,32,abs,512,147.7933,6766206,433.0,1585,0.1199
software,host,0,fp256,32,neg,512,154.3033,6480743,414.8,1587,0.1254
software,host,0,fp256,32,copysign,512,155.4720,6432028,617.5,1569,0.1249
software,host,0,fp256,32,min,512,194.8416,5132375,492.7,1183,0.1180
software,host,0,fp256,32,max,512,192.3472,5198933,499.1,1272,0.1253
software,host,0,fp256,32,minnum,512,194.1860,5149703,494.4,1270,0.1263
software,host,0,fp256,32,maxnum,512,192.4131,5197151,498.9,1270,0.1251
software,host,0,fp256,32,cmplt,512,229.6699,4354075,418.0,1068,0.1256
software,host,0,fp256,32,cmple,512,231.1872,4325499,415.2,1061,0.1256
software,host,0,fp256,32,cmpeq,512,194.7665,5134353,492.9,1255,0.1251
software,host,0,fp256,32,select,512,156.9748,6370451,815.4,1559,0.1253
software,host,0,fp256,32,iand,512,149.0337,6709892,644.1,1642,0.1253
software,host,0,fp256,32,ior,512,152.1076,6574293,631.1,1593,0.1241
software,host,0,fp256,32,ixor,512,151.1071,6617822,635.3,1617,0.1251
software,host,0,fp256,32,iadd,512,157.4352,6351821,609.8,1541,0.1242
software,host,0,fp256,32,isub,512,168.0738,5949766,571.2,1455,0.1252
software,host,0,fp256,32,ishl,512,193.5666,5166180,496.0,1246,0.1235
software,host,0,fp256,32,ishr,512,154.9487,6453750,619.6,1586,0.1258
software,host,0,fp256,32,icmplt,512,168.4551,5936298,569.9,1451,0.1251
software,host,0,fp256,32,add,512,646.5116,1546763,148.5,378,0.1251
software,host,0,fp256,32,sub,512,659.4321,1516456,145.6,371,0.1253
software,host,0,fp256,32,mul,512,449.7867,2223276,213.4,544,0.1253
software,host,0,fp256,32,fma,512,563.3461,1775108,227.2,434,0.1252
device,host,1,fp256,32,abs,512,235.1039,4253439,272.2,1058,0.1274
device,host,1,fp256,32,neg,512,240.3696,4160261,266.3,1018,0.1253
device,host,1,fp256,32,copysign,512,241.2205,4145585,398.0,1017,0.1256
device,host,1,fp256,32,min,512,241.8858,4134182,396.9,1009,0.1250
device,host,1,fp256,32,max,512,271.1237,3688353,354.1,1004,0.1394
device,host,1,fp256,32,minnum,512,273.0004,3662998,351.6,895,0.1251
device,host,1,fp256,32,maxnum,512,262.0165,3816553,366.4,894,0.1199
device,host,1,fp256,32,cmplt,512,271.0633,3689175,354.2,910,0.1263
device,host,1,fp256,32,cmple,512,254.9903,3921717,376.5,928,0.1212
device,host,1,fp256,32,cmpeq,512,248.1444,4029911,386.9,985,0.1251
device,host,1,fp256,32,select,512,250.1669,3997331,511.7,989,0.1267
device,host,1,fp256,32,iand,512,268.9877,3717642,356.9,938,0.1292
device,host,1,fp256,32,ior,512,268.0908,3730079,358.1,910,0.1249
device,host,1,fp256,32,ixor,512,270.6165,3695266,354.7,903,0.1251
device,host,1,fp256,32,iadd,512,271.1489,3688010,354.0,902,0.1252
device,host,1,fp256,32,isub,512,270.9665,3690493,354.3,899,0.1247
device,host,1,fp256,32,ishl,512,271.0211,3689749,354.2,899,0.1247
device,host,1,fp256,32,ishr,512,274.5764,3641973,349.6,885,0.1244
device,host,1,fp256,32,icmplt,512,276.1255,3621541,347.7,881,0.1246
device,host,1,fp256,32,add,512,274.7255,3639997,349.4,884,0.1243
device,host,1,fp256,32,sub,512,274.4752,3643316,349.8,887,0.1247
device,host,1,fp256,32,mul,512,270.8508,3692069,354.4,890,0.1234
device,host,1,fp256,32,fma,512,278.3268,3592898,459.9,911,0.1298
device,resident,1,fp256,32,abs,512,69.2012,14450609,924.8,3361,0.1191
device,resident,1,fp256,32,neg,512,68.2138,14659784,938.2,3356,0.1172
device,resident,1,fp256,32,copysign,512,66.0515,15139698,1453.4,3551,0.1201
device,resident,1,fp256,32,min,512,65.3726,15296937,1468.5,3763,0.1260
device,resident,1,fp256,32,max,512,63.2650,15806519,1517.4,3809,0.1234
device,resident,1,fp256,32,minnum,512,64.4390,15518552,1489.8,3912,0.1291
device,resident,1,fp256,32,maxnum,512,63.8290,15666858,1504.0,3719,0.1215
device,resident,1,fp256,32,cmplt,512,62.6697,15956683,1531.8,3917,0.1257
device,resident,1,fp256,32,cmple,512,61.6710,16215067,1556.6,3992,0.1260
device,resident,1,fp256,32,cmpeq,512,63.0243,15866905,1523.2,3888,0.1255
device,resident,1,fp256,32,select,512,62.7951,15924812,2038.4,3773,0.1213
device,resident,1,fp256,32,iand,512,62.6743,15955507,1531.7,3860,0.1239
device,resident,1,fp256,32,ior,512,72.5650,13780741,1323.0,3857,0.1433
device,resident,1,fp256,32,ixor,512,74.7970,13369511,1283.5,3323,0.1273
device,resident,1,fp256,32,iadd,512,77.0498,12978615,1245.9,3280,0.1294
device,resident,1,fp256,32,isub,512,69.2247,14445704,1386.8,3203,0.1135
device,resident,1,fp256,32,ishl,512,63.0721,15854861,1522.1,3813,0.1231
device,resident,1,fp256,32,ishr,512,63.0113,15870167,1523.5,3746,0.1209
device,resident,1,fp256,32,icmplt,512,63.1787,15828111,1519.5,3892,0.1259
device,resident,1,fp256,32,add,512,70.4556,14193339,1362.6,3732,0.1346
device,resident,1,fp256,32,sub,512,74.9959,13334071,1280.1,3284,0.1261
device,resident,1,fp256,32,mul,512,75.0177,13330182,1279.7,3218,0.1236
device,resident,1,fp256,32,fma,512,74.9888,13335328,1706.9,3254,0.1249
device,host,4,fp256,32,abs,512,455.3997,2195873,140.5,527,0.1229
device,host,4,fp256,32,neg,512,468.0253,2136636,136.7,535,0.1282
device,host,4,fp256,32,copysign,512,579.2610,1726337,165.7,453,0.1344
device,host,4,fp256,32,min,512,693.1406,1442709,138.5,410,0.1455
device,host,4,fp256,32,max,512,823.1810,1214800,116.6,312,0.1315
device,host,4,fp256,32,minnum,512,821.6965,1216994,116.8,298,0.1254
device,host,4,fp256,32,maxnum,512,825.7070,1211083,116.3,296,0.1251
device,host,4,fp256,32,cmplt,512,829.5529,1205469,115.7,294,0.1249
device,host,4,fp256,32,cmple,512,827.6804,1208196,116.0,297,0.1259
device,host,4,fp256,32,cmpeq,512,831.7334,1202308,115.4,296,0.1261
device,host,4,fp256,32,select,512,831.0496,1203298,154.0,294,0.1251
device,host,4,fp256,32,iand,512,835.5627,1196798,114.9,294,0.1258
device,host,4,fp256,32,ior,512,827.2266,1208859,116.1,296,0.1254
device,host,4,fp256,32,ixor,512,831.6844,1202379,115.4,296,0.1260
device,host,4,fp256,32,iadd,512,832.1801,1201663,115.4,293,0.1248
device,host,4,fp256,32,isub,512,834.6003,1198178,115.0,295,0.1261
device,host,4,fp256,32,ishl,512,829.4820,1205572,115.7,297,0.1261
device,host,4,fp256,32,ishr,512,833.2810,1200075,115.2,295,0.1259
device,host,4,fp256,32,icmplt,512,832.7878,1200786,115.3,294,0.1254
device,host,4,fp256,32,add,512,833.4071,1199894,115.2,295,0.1259
device,host,4,fp256,32,sub,512,834.5519,1198248,115.0,295,0.1261
device,host,4,fp256,32,mul,512,832.0111,1201907,115.4,292,0.1244
device,host,4,fp256,32,fma,512,836.7519,1195097,153.0,293,0.1255
device,resident,4,fp256,32,abs,512,131.1761,7623342,487.9,1827,0.1227
device,resident,4,fp256,32,neg,512,130.6766,7652480,489.8,1863,0.1246
device,resident,4,fp256,32,copysign,512,128.4000,7788162,747.7,1880,0.1236
device,resident,4,fp256,32,min,512,127.4003,7849273,753.5,1911,0.1247
device,resident,4,fp256,32,max,512,127.5224,7841762,752.8,1904,0.1243
device,resident,4,fp256,32,minnum,512,127.7002,7830842,751.8,1911,0.1249
device,resident,4,fp256,32,maxnum,512,127.3405,7852962,753.9,1920,0.1252
device,resident,4,fp256,32,cmplt,512,126.6791,7893959,757.8,1929,0.1251
device,resident,4,fp256,32,cmple,512,127.4233,7847859,753.4,1911,0.1247
device,resident,4,fp256,32,cmpeq,512,127.2886,7856166,754.2,1880,0.1225
device,resident,4,fp256,32,select,512,127.5917,7837502,1003.2,1922,0.1256
device,resident,4,fp256,32,iand,512,127.6521,7833792,752.0,1926,0.1259
device,resident,4,fp256,32,ior,512,128.1713,7802057,749.0,1915,0.1257
device,resident,4,fp256,32,ixor,512,127.7737,7826336,751.3,1902,0.1244
device,resident,4,fp256,32,iadd,512,128.1955,7800586,748.9,1918,0.1259
device,resident,4,fp256,32,isub,512,132.3359,7556530,725.4,1919,0.1300
device,resident,4,fp256,32,ishl,512,132.9100,7523890,722.3,1840,0.1252
device,resident,4,fp256,32,ishr,512,132.9514,7521548,722.1,1852,0.1261
device,resident,4,fp256,32,icmplt,512,132.6917,7536268,723.5,1846,0.1254
device,resident,4,fp256,32,add,512,131.5410,7602191,729.8,1847,0.1244
device,resident,4,fp256,32,sub,512,132.0425,7573317,727.0,1836,0.1241
device,resident,4,fp256,32,mul,512,132.5526,7544176,724.2,1856,0.1260
device,resident,4,fp256,32,fma,512,132.3024,7558440,967.5,1863,0.1262
software,host,0,fp256,32,abs,1024,148.6790,6725901,430.5,800,0.1218
software,host,0,fp256,32,neg,1024,154.9076,6455459,413.1,792,0.1256
software,host,0,fp256,32,copysign,1024,155.2959,6439319,618.2,788,0.1253
software,host,0,fp256,32,min,1024,193.6688,5163454,495.7,631,0.1251
software,host,0,fp256,32,max,1024,193.3303,5172496,496.6,625,0.1237
software,host,0,fp256,32,minnum,1024,195.1253,5124912,492.0,633,0.1265
software,host,0,fp256,32,maxnum,1024,193.4203,5170087,496.3,633,0.1254
software,host,0,fp256,32,cmplt,1024,229.4929,4357433,418.3,532,0.1250
software,host,0,fp256,32,cmple,1024,230.5714,4337051,416.4,531,0.1254
software,host,0,fp256,32,cmpeq,1024,195.6992,5109884,490.5,625,0.1252
software,host,0,fp256,32,select,1024,151.8456,6585635,843.0,800,0.1244
software,host,0,fp256,32,iand,1024,149.9873,6667230,640.1,820,0.1259
software,host,0,fp256,32,ior,1024,152.0661,6576088,631.3,801,0.1247
software,host,0,fp256,32,ixor,1024,151.4844,6601341,633.7,804,0.1247
software,host,0,fp256,32,iadd,1024,158.0665,6326451,607.3,775,0.1254
software,host,0,fp256,32,isub,1024,168.3297,5940722,570.3,726,0.1251
software,host,0,fp256,32,ishl,1024,193.6776,5163220,495.7,629,0.1247
software,host,0,fp256,32,ishr,1024,156.0078,6409935,615.4,795,0.1270
software,host,0,fp256,32,icmplt,1024,169.2912,5906980,567.1,722,0.1252
software,host,0,fp256,32,add,1024,646.4936,1546806,148.5,189,0.1251
software,host,0,fp256,32,sub,1024,660.4236,1514180,145.4,186,0.1258
software,host,0,fp256,32,mul,1024,452.3048,2210898,212.2,271,0.1255
software,host,0,fp256,32,fma,1024,565.4962,1768358,226.3,216,0.1251
device,host,1,fp256,32,abs,1024,142.7243,7006514,448.4,961,0.1404
device,host,1,fp256,32,neg,1024,148.5867,6730078,430.7,822,0.1251
device,host,1,fp256,32,copysign,1024,149.6622,6681713,641.4,822,0.1260
device,host,1,fp256,32,min,1024,159.3422,6275803,602.5,775,0.1265
device,host,1,fp256,32,max,1024,159.6934,6262000,601.2,763,0.1248
device,host,1,fp256,32,minnum,1024,159.6558,6263474,601.3,764,0.1249
device,host,1,fp256,32,maxnum,1024,159.9990,6250038,600.0,764,0.1252
device,host,1,fp256,32,cmplt,1024,160.8737,6216055,596.7,757,0.1247
device,host,1,fp256,32,cmple,1024,159.9958,6250163,600.0,763,0.1250
device,host,1,fp256,32,cmpeq,1024,159.7064,6261491,601.1,765,0.1251
device,host,1,fp256,32,select,1024,159.6091,6265309,802.0,767,0.1254
device,host,1,fp256,32,iand,1024,159.9086,6253572,600.3,765,0.1253
device,host,1,fp256,32,ior,1024,159.3579,6275185,602.4,769,0.1255
device,host,1,fp256,32,ixor,1024,159.2228,6280507,602.9,766,0.1249
device,host,1,fp256,32,iadd,1024,159.2886,6277915,602.7,767,0.1251
device,host,1,fp256,32,isub,1024,159.5629,6267122,601.6,766,0.1252
device,host,1,fp256,32,ishl,1024,159.5347,6268230,601.8,766,0.1251
device,host,1,fp256,32,ishr,1024,160.2388,6240685,599.1,765,0.1255
device,host,1,fp256,32,icmplt,1024,160.4206,6233614,598.4,763,0.1253
device,host,1,fp256,32,add,1024,160.4049,6234224,598.5,757,0.1243
device,host,1,fp256,32,sub,1024,160.2936,6238551,598.9,761,0.1249
device,host,1,fp256,32,mul,1024,159.8258,6256811,600.7,760,0.1244
device,host,1,fp256,32,fma,1024,163.2055,6127245,784.3,758,0.1267
device,resident,1,fp256,32,abs,1024,38.9487,25674804,1643.2,2977,0.1187
device,resident,1,fp256,32,neg,1024,37.8709,26405465,1689.9,3115,0.1208
device,resident,1,fp256,32,copysign,1024,36.4528,27432743,2633.5,3298,0.1231
device,resident,1,fp256,32,min,1024,35.8263,27912455,2679.6,3343,0.1226
device,resident,1,fp256,32,max,1024,35.3643,28277114,2714.6,3412,0.1236
device,resident,1,fp256,32,minnum,1024,35.3722,28270778,2714.0,3446,0.1248
device,resident,1,fp256,32,maxnum,1024,35.6558,28045942,2692.4,3394,0.1239
device,resident,1,fp256,32,cmplt,1024,35.6260,28069350,2694.7,3337,0.1217
device,resident,1,fp256,32,cmple,1024,35.6893,28019616,2689.9,3408,0.1245
device,resident,1,fp256,32,cmpeq,1024,35.3826,28262484,2713.2,3381,0.1225
device,resident,1,fp256,32,select,1024,35.3006,28328145,3626.0,3399,0.1229
device,resident,1,fp256,32,iand,1024,35.3529,28286240,2715.5,3456,0.1251
device,resident,1,fp256,32,ior,1024,43.9849,22735054,2182.6,3377,0.1521
device,resident,1,fp256,32,ixor,1024,43.6471,22911012,2199.5,2752,0.1230
device,resident,1,fp256,32,iadd,1024,43.5800,22946322,2202.8,2797,0.1248
device,resident,1,fp256,32,isub,1024,43.5800,22946286,2202.8,2802,0.1250
device,resident,1,fp256,32,ishl,1024,43.8329,22813902,2190.1,2779,0.1247
device,resident,1,fp256,32,ishr,1024,43.8143,22823581,2191.1,2785,0.1250
device,resident,1,fp256,32,icmplt,1024,43.8009,22830584,2191.7,2791,0.1252
device,resident,1,fp256,32,add,1024,43.8111,22825250,2191.2,2784,0.1249
device,resident,1,fp256,32,sub,1024,43.7729,22845164,2193.1,2793,0.1252
device,resident,1,fp256,32,mul,1024,43.7581,22852924,2193.9,2791,0.1251
device,resident,1,fp256,32,fma,1024,43.5835,22944468,2936.9,2800,0.1250
device,host,4,fp256,32,abs,1024,250.2478,3996040,255.7,463,0.1186
device,host,4,fp256,32,neg,1024,250.0747,3998805,255.9,492,0.1260
device,host,4,fp256,32,copysign,1024,254.2800,3932672,377.5,490,0.1276
device,host,4,fp256,32,min,1024,253.2053,3949365,379.1,485,0.1258
device,host,4,fp256,32,max,1024,254.1878,3934099,377.7,492,0.1281
device,host,4,fp256,32,minnum,1024,255.8911,3907913,375.2,491,0.1287
device,host,4,fp256,32,maxnum,1024,254.6091,3927589,377.0,493,0.1285
device,host,4,fp256,32,cmplt,1024,250.0325,3999481,384.0,477,0.1221
device,host,4,fp256,32,cmple,1024,257.1002,3889533,373.4,489,0.1287
device,host,4,fp256,32,cmpeq,1024,253.4577,3945432,378.8,491,0.1274
device,host,4,fp256,32,select,1024,305.1830,3276722,419.4,486,0.1519
device,host,4,fp256,32,iand,1024,474.7019,2106585,202.2,328,0.1594
device,host,4,fp256,32,ior,1024,478.8530,2088323,200.5,255,0.1250
device,host,4,fp256,32,ixor,1024,473.4251,2112267,202.8,259,0.1256
device,host,4,fp256,32,iadd,1024,475.0914,2104858,202.1,258,0.1255
device,host,4,fp256,32,isub,1024,473.9933,2109734,202.5,259,0.1257
device,host,4,fp256,32,ishl,1024,470.5111,2125348,204.0,258,0.1243
device,host,4,fp256,32,ishr,1024,470.1424,2127015,204.2,259,0.1247
device,host,4,fp256,32,icmplt,1024,470.3591,2126035,204.1,260,0.1252
device,host,4,fp256,32,add,1024,473.0055,2114140,203.0,257,0.1245
device,host,4,fp256,32,sub,1024,446.6290,2238995,214.9,259,0.1185
device,host,4,fp256,32,mul,1024,442.1441,2261706,217.1,278,0.1259
device,host,4,fp256,32,fma,1024,453.2000,2206531,282.4,266,0.1234
device,resident,4,fp256,32,abs,1024,72.8521,13726443,878.5,1668,0.1244
device,resident,4,fp256,32,neg,1024,71.3920,14007165,896.5,1696,0.1240
device,resident,4,fp256,32,copysign,1024,71.4026,14005091,1344.5,1702,0.1244
device,resident,4,fp256,32,min,1024,71.6278,13961069,1340.3,1708,0.1253
device,resident,4,fp256,32,max,1024,71.3574,14013966,1345.3,1714,0.1252
device,resident,4,fp256,32,minnum,1024,71.7592,13935503,1337.8,1701,0.1250
device,resident,4,fp256,32,maxnum,1024,71.4465,13996490,1343.7,1699,0.1243
device,resident,4,fp256,32,cmplt,1024,71.7881,13929888,1337.3,1698,0.1248
device,resident,4,fp256,32,cmple,1024,71.9980,13889276,1333.4,1694,0.1249
device,resident,4,fp256,32,cmpeq,1024,71.4957,13986855,1342.7,1695,0.1241
device,resident,4,fp256,32,select,1024,71.2642,14032292,1796.1,1712,0.1249
device,resident,4,fp256,32,iand,1024,71.3564,14014158,1345.4,1721,0.1258
device,resident,4,fp256,32,ior,1024,71.3288,14019592,1345.9,1709,0.1248
device,resident,4,fp256,32,ixor,1024,71.2757,14030036,1346.9,1684,0.1229
device,resident,4,fp256,32,iadd,1024,71.3522,14014981,1345.4,1714,0.1252
device,resident,4,fp256,32,isub,1024,71.6157,13963415,1340.5,1725,0.1265
device,resident,4,fp256,32,ishl,1024,71.8626,13915442,1335.9,1713,0.1261
device,resident,4,fp256,32,ishr,1024,72.1318,13863508,1330.9,1705,0.1259
device,resident,4,fp256,32,icmplt,1024,71.8753,13912987,1335.6,1696,0.1248
device,resident,4,fp256,32,add,1024,72.0276,13883563,1332.8,1677,0.1237
device,resident,4,fp256,32,sub,1024,71.6994,13947122,1338.9,1706,0.1253
device,resident,4,fp256,32,mul,1024,71.6826,13950380,1339.2,1703,0.1250
device,resident,4,fp256,32,fma,1024,72.1011,13869407,1775.3,1700,0.1255
software,host,0,fp256,32,abs,2048,149.0878,6707458,429.3,401,0.1224
software,host,0,fp256,32,neg,2048,155.0252,6450562,412.8,394,0.1251
software,host,0,fp256,32,copysign,2048,155.7380,6421042,616.4,394,0.1257
software,host,0,fp256,32,min,2048,193.2675,5174176,496.7,308,0.1219
software,host,0,fp256,32,max,2048,193.0567,5179827,497.3,318,0.1257
software,host,0,fp256,32,minnum,2048,193.7470,5161370,495.5,316,0.1254
software,host,0,fp256,32,maxnum,2048,193.6256,5164606,495.8,315,0.1249
software,host,0,fp256,32,cmplt,2048,228.4343,4377626,420.3,267,0.1249
software,host,0,fp256,32,cmple,2048,229.8019,4351573,417.8,267,0.1257
software,host,0,fp256,32,cmpeq,2048,195.9162,5104224,490.0,312,0.1252
software,host,0,fp256,32,select,2048,153.9998,6493515,831.2,403,0.1271
software,host,0,fp256,32,iand,2048,150.0437,6664723,639.8,410,0.1260
software,host,0,fp256,32,ior,2048,180.5516,5538582,531.7,375,0.1387
software,host,0,fp256,32,ixor,2048,163.5510,6114299,587.0,402,0.1347
software,host,0,fp256,32,iadd,2048,157.7245,6340167,608.7,386,0.1247
software,host,0,fp256,32,isub,2048,168.5899,5931552,569.4,364,0.1257
software,host,0,fp256,32,ishl,2048,202.5267,4937620,474.0,315,0.1307
software,host,0,fp256,32,ishr,2048,154.5312,6471184,621.2,395,0.1250
software,host,0,fp256,32,icmplt,2048,188.7790,5297199,508.5,360,0.1392
software,host,0,fp256,32,add,2048,789.7397,1266240,121.6,64,0.1035
software,host,0,fp256,32,sub,2048,667.0481,1499142,143.9,83,0.1134
software,host,0,fp256,32,mul,2048,457.9579,2183607,209.6,134,0.1257
software,host,0,fp256,32,fma,2048,654.1229,1528765,195.7,108,0.1447
device,host,1,fp256,32,abs,2048,88.0581,11356135,726.8,721,0.1300
device,host,1,fp256,32,neg,2048,90.0658,11102990,710.6,678,0.1251
device,host,1,fp256,32,copysign,2048,90.1110,11097429,1065.4,677,0.1249
device,host,1,fp256,32,min,2048,102.2605,9778943,938.8,663,0.1389
device,host,1,fp256,32,max,2048,102.1611,9788463,939.7,598,0.1251
device,host,1,fp256,32,minnum,2048,102.2488,9780066,938.9,598,0.1252
device,host,1,fp256,32,maxnum,2048,102.3155,9773694,938.3,597,0.1251
device,host,1,fp256,32,cmplt,2048,102.3959,9766016,937.5,596,0.1250
device,host,1,fp256,32,cmple,2048,102.2390,9781006,939.0,598,0.1252
device,host,1,fp256,32,cmpeq,2048,102.1973,9784993,939.4,598,0.1252
device,host,1,fp256,32,select,2048,102.1027,9794064,1253.6,599,0.1253
device,host,1,fp256,32,iand,2048,102.1017,9794160,940.2,598,0.1250
device,host,1,fp256,32,ior,2048,102.7506,9732308,934.3,601,0.1265
device,host,1,fp256,32,ixor,2048,102.7482,9732532,934.3,595,0.1252
device,host,1,fp256,32,iadd,2048,102.6876,9738274,934.9,595,0.1251
device,host,1,fp256,32,isub,2048,102.2510,9779855,938.9,596,0.1248
device,host,1,fp256,32,ishl,2048,101.6940,9833421,944.0,601,0.1252
device,host,1,fp256,32,ishr,2048,101.6102,9841536,944.8,601,0.1251
device,host,1,fp256,32,icmplt,2048,102.1110,9793260,940.2,600,0.1255
device,host,1,fp256,32,add,2048,102.7358,9733709,934.4,594,0.1250
device,host,1,fp256,32,sub,2048,102.7377,9733521,934.4,594,0.1250
device,host,1,fp256,32,mul,2048,102.7993,9727693,933.9,594,0.1251
device,host,1,fp256,32,fma,2048,103.0838,9700846,1241.7,595,0.1256
device,resident,1,fp256,32,abs,2048,23.9552,41744650,2671.7,2515,0.1234
device,resident,1,fp256,32,neg,2048,22.9624,43549403,2787.2,2619,0.1232
device,resident,1,fp256,32,copysign,2048,22.2130,45018677,4321.8,2724,0.1239
device,resident,1,fp256,32,min,2048,21.9914,45472320,4365.3,2772,0.1248
device,resident,1,fp256,32,max,2048,21.9739,45508541,4368.8,2774,0.1248
device,resident,1,fp256,32,minnum,2048,21.9631,45530968,4371.0,2774,0.1248
device,resident,1,fp256,32,maxnum,2048,21.9906,45473884,4365.5,2760,0.1243
device,resident,1,fp256,32,cmplt,2048,25.2911,39539564,3795.8,2766,0.1433
device,resident,1,fp256,32,cmple,2048,26.7786,37343224,3584.9,2260,0.1239
device,resident,1,fp256,32,cmpeq,2048,26.4694,37779528,3626.8,2289,0.1241
device,resident,1,fp256,32,select,2048,26.2611,38079150,4874.1,2323,0.1249
device,resident,1,fp256,32,iand,2048,26.2427,38105858,3658.2,2326,0.1250
device,resident,1,fp256,32,ior,2048,26.2402,38109466,3658.5,2330,0.1252
device,resident,1,fp256,32,ixor,2048,26.2054,38160049,3663.4,2330,0.1250
device,resident,1,fp256,32,iadd,2048,26.2916,38034989,3651.4,2331,0.1255
device,resident,1,fp256,32,isub,2048,26.2309,38122915,3659.8,2312,0.1242
device,resident,1,fp256,32,ishl,2048,26.2831,38047298,3652.5,2331,0.1255
device,resident,1,fp256,32,ishr,2048,26.2850,38044544,3652.3,2328,0.1253
device,resident,1,fp256,32,icmplt,2048,26.2844,38045450,3652.4,2311,0.1244
device,resident,1,fp256,32,add,2048,26.2620,38077800,3655.5,2331,0.1254
device,resident,1,fp256,32,sub,2048,26.2226,38135086,3661.0,2327,0.1250
device,resident,1,fp256,32,mul,2048,26.2633,38075969,3655.3,2318,0.1247
device,resident,1,fp256,32,fma,2048,26.3205,37993148,4863.1,2326,0.1254
device,host,4,fp256,32,abs,2048,134.4022,7440354,476.2,459,0.1263
device,host,4,fp256,32,neg,2048,137.2735,7284728,466.2,442,0.1243
device,host,4,fp256,32,copysign,2048,142.5192,7016597,673.6,454,0.1325
device,host,4,fp256,32,min,2048,182.3032,5485367,526.6,356,0.1329
device,host,4,fp256,32,max,2048,186.7647,5354331,514.0,328,0.1255
device,host,4,fp256,32,minnum,2048,172.9273,5782778,555.1,331,0.1172
device,host,4,fp256,32,maxnum,2048,188.8034,5296516,508.5,364,0.1407
device,host,4,fp256,32,cmplt,2048,225.4925,4434737,425.7,275,0.1270
device,host,4,fp256,32,cmple,2048,228.0331,4385329,421.0,274,0.1280
device,host,4,fp256,32,cmpeq,2048,242.0140,4131993,396.7,249,0.1234
device,host,4,fp256,32,select,2048,234.9535,4256162,544.8,260,0.1251
device,host,4,fp256,32,iand,2048,235.4427,4247317,407.7,260,0.1254
device,host,4,fp256,32,ior,2048,239.8696,4168932,400.2,261,0.1282
device,host,4,fp256,32,ixor,2048,243.7779,4102095,393.8,251,0.1253
device,host,4,fp256,32,iadd,2048,239.8647,4169017,400.2,257,0.1262
device,host,4,fp256,32,isub,2048,259.9940,3846242,369.2,249,0.1326
device,host,4,fp256,32,ishl,2048,259.3545,3855726,370.1,235,0.1248
device,host,4,fp256,32,ishr,2048,248.8456,4018556,385.8,242,0.1233
device,host,4,fp256,32,icmplt,2048,252.8422,3955036,379.7,243,0.1258
device,host,4,fp256,32,add,2048,248.8321,4018774,385.8,241,0.1228
device,host,4,fp256,32,sub,2048,246.9009,4050209,388.8,244,0.1234
device,host,4,fp256,32,mul,2048,252.8525,3954875,379.7,241,0.1248
device,host,4,fp256,32,fma,2048,238.0853,4200175,537.6,242,0.1180
device,resident,4,fp256,32,abs,2048,32.6344,30642526,1961.1,1850,0.1236
device,resident,4,fp256,32,neg,2048,32.6345,30642461,1961.1,1865,0.1246
device,resident,4,fp256,32,copysign,2048,32.0361,31214806,2996.6,1911,0.1254
device,resident,4,fp256,32,min,2048,31.7576,31488524,3022.9,1928,0.1254
device,resident,4,fp256,32,max,2048,31.5652,31680499,3041.3,1931,0.1248
device,resident,4,fp256,32,minnum,2048,31.6677,31577940,3031.5,1928,0.1250
device,resident,4,fp256,32,maxnum,2048,31.7331,31512857,3025.2,1928,0.1253
device,resident,4,fp256,32,cmplt,2048,32.0005,31249469,2999.9,1917,0.1256
device,resident,4,fp256,32,cmple,2048,31.9641,31285106,3003.4,1928,0.1262
device,resident,4,fp256,32,cmpeq,2048,32.0977,31154904,2990.9,1902,0.1250
device,resident,4,fp256,32,select,2048,33.5274,29826338,3817.8,1855,0.1274
device,resident,4,fp256,32,iand,2048,33.3372,29996541,2879.7,1814,0.1239
device,resident,4,fp256,32,ior,2048,33.3904,29948762,2875.1,1830,0.1251
device,resident,4,fp256,32,ixor,2048,33.3694,29967614,2876.9,1820,0.1244
device,resident,4,fp256,32,iadd,2048,33.4221,29920298,2872.3,1823,0.1248
device,resident,4,fp256,32,isub,2048,33.4362,29907676,2871.1,1827,0.1251
device,resident,4,fp256,32,ishl,2048,33.2788,30049179,2884.7,1825,0.1244
device,resident,4,fp256,32,ishr,2048,33.5738,29785162,2859.4,1830,0.1258
device,resident,4,fp256,32,icmplt,2048,35.3471,28290869,2715.9,1696,0.1228
device,resident,4,fp256,32,add,2048,35.1660,28436567,2729.9,1746,0.1257
device,resident,4,fp256,32,sub,2048,35.4863,28179911,2705.3,1726,0.1254
device,resident,4,fp256,32,mul,2048,35.1858,28420540,2728.4,1730,0.1247
device,resident,4,fp256,32,fma,2048,35.1034,28487298,3646.4,1730,0.1244
software,host,0,fp256,32,abs,4096,148.5107,6733520,430.9,177,0.1077
software,host,0,fp256,32,neg,4096,155.9478,6412402,410.4,196,0.1252
software,host,0,fp256,32,copysign,4096,155.7324,6421270,616.4,196,0.1250
software,host,0,fp256,32,min,4096,194.2937,5146848,494.1,158,0.1257
software,host,0,fp256,32,max,4096,194.5213,5140826,493.5,158,0.1259
software,host,0,fp256,32,minnum,4096,193.6040,5165182,495.9,158,0.1253
software,host,0,fp256,32,maxnum,4096,193.8708,5158074,495.2,159,0.1263
software,host,0,fp256,32,cmplt,4096,229.5836,4355711,418.1,134,0.1260
software,host,0,fp256,32,cmple,4096,231.8612,4312925,414.0,133,0.1263
software,host,0,fp256,32,cmpeq,4096,196.2573,5095352,489.2,157,0.1262
software,host,0,fp256,32,select,4096,152.0954,6574822,841.6,201,0.1252
software,host,0,fp256,32,iand,4096,149.2025,6702302,643.4,199,0.1216
software,host,0,fp256,32,ior,4096,152.3330,6564568,630.2,201,0.1254
software,host,0,fp256,32,ixor,4096,151.9059,6583021,632.0,202,0.1257
software,host,0,fp256,32,iadd,4096,157.7598,6338750,608.5,194,0.1254
software,host,0,fp256,32,isub,4096,168.8064,5923948,568.7,182,0.1258
software,host,0,fp256,32,ishl,4096,193.7305,5161810,495.5,158,0.1254
software,host,0,fp256,32,ishr,4096,154.3091,6480499,622.1,198,0.1251
software,host,0,fp256,32,icmplt,4096,168.2171,5944697,570.7,182,0.1254
software,host,0,fp256,32,add,4096,648.6564,1541648,148.0,48,0.1275
software,host,0,fp256,32,sub,4096,659.3309,1516689,145.6,47,0.1269
software,host,0,fp256,32,mul,4096,451.7733,2213499,212.5,64,0.1184
software,host,0,fp256,32,fma,4096,567.9346,1760766,225.4,55,0.1279
device,host,1,fp256,32,abs,4096,89.0926,11224271,718.4,453,0.1653
device,host,1,fp256,32,neg,4096,97.3459,10272649,657.4,315,0.1256
device,host,1,fp256,32,copysign,4096,97.6753,10238008,982.8,312,0.1248
device,host,1,fp256,32,min,4096,96.9982,10309475,989.7,320,0.1271
device,host,1,fp256,32,max,4096,97.9673,10207488,979.9,314,0.1260
device,host,1,fp256,32,minnum,4096,97.0632,10302561,989.0,312,0.1240
device,host,1,fp256,32,maxnum,4096,97.3620,10270947,986.0,321,0.1280
device,host,1,fp256,32,cmplt,4096,98.0568,10198171,979.0,310,0.1245
device,host,1,fp256,32,cmple,4096,95.8014,10438265,1002.1,315,0.1236
device,host,1,fp256,32,cmpeq,4096,95.4852,10472831,1005.4,309,0.1209
device,host,1,fp256,32,select,4096,84.4448,11842051,1515.8,345,0.1193
device,host,1,fp256,32,iand,4096,93.8066,10660225,1023.4,331,0.1272
device,host,1,fp256,32,ior,4096,93.7725,10664104,1023.8,325,0.1248
device,host,1,fp256,32,ixor,4096,93.8083,10660033,1023.4,325,0.1249
device,host,1,fp256,32,iadd,4096,93.6377,10679464,1025.2,326,0.1250
device,host,1,fp256,32,isub,4096,93.5678,10687440,1026.0,328,0.1257
device,host,1,fp256,32,ishl,4096,92.4149,10820770,1038.8,324,0.1226
device,host,1,fp256,32,ishr,4096,83.9518,11911593,1143.5,360,0.1238
device,host,1,fp256,32,icmplt,4096,85.5466,11689535,1122.2,325,0.1139
device,host,1,fp256,32,add,4096,76.7742,13025206,1250.4,385,0.1211
device,host,1,fp256,32,sub,4096,77.0051,12986145,1246.7,409,0.1290
device,host,1,fp256,32,mul,4096,91.9545,10874944,1044.0,376,0.1416
device,host,1,fp256,32,fma,4096,97.7381,10231424,1309.6,313,0.1253
device,resident,1,fp256,32,abs,4096,16.9989,58827177,3764.9,1807,0.1258
device,resident,1,fp256,32,neg,4096,18.3360,54537400,3490.4,1703,0.1279
device,resident,1,fp256,32,copysign,4096,18.1094,55219994,5301.1,1671,0.1239
device,resident,1,fp256,32,min,4096,17.6024,56810313,5453.8,1745,0.1258
device,resident,1,fp256,32,max,4096,17.6952,56512349,5425.2,1723,0.1249
device,resident,1,fp256,32,minnum,4096,17.7259,56414650,5415.8,1724,0.1252
device,resident,1,fp256,32,maxnum,4096,17.6977,56504618,5424.4,1721,0.1248
device,resident,1,fp256,32,cmplt,4096,17.8116,56143098,5389.7,1723,0.1257
device,resident,1,fp256,32,cmple,4096,17.7415,56365076,5411.0,1718,0.1248
device,resident,1,fp256,32,cmpeq,4096,17.7831,56233273,5398.4,1720,0.1253
device,resident,1,fp256,32,select,4096,17.7393,56372033,7215.6,1717,0.1248
device,resident,1,fp256,32,iand,4096,17.7616,56301104,5404.9,1717,0.1249
device,resident,1,fp256,32,ior,4096,17.7398,56370395,5411.6,1716,0.1247
device,resident,1,fp256,32,ixor,4096,17.7953,56194723,5394.7,1720,0.1254
device,resident,1,fp256,32,iadd,4096,17.7457,56351681,5409.8,1721,0.1251
device,resident,1,fp256,32,isub,4096,17.7531,56328149,5407.5,1721,0.1251
device,resident,1,fp256,32,ishl,4096,17.7858,56224654,5397.6,1723,0.1255
device,resident,1,fp256,32,ishr,4096,17.8190,56119907,5387.5,1723,0.1258
device,resident,1,fp256,32,icmplt,4096,17.8046,56165169,5391.9,1718,0.1253
device,resident,1,fp256,32,add,4096,17.8329,56076206,5383.3,1708,0.1248
device,resident,1,fp256,32,sub,4096,17.8612,55987135,5374.8,1707,0.1249
device,resident,1,fp256,32,mul,4096,17.8597,55991873,5375.2,1711,0.1252
device,resident,1,fp256,32,fma,4096,17.8775,55936170,7159.8,1722,0.1261
device,host,4,fp256,32,abs,4096,118.0639,8469992,542.1,250,0.1209
device,host,4,fp256,32,neg,4096,119.9627,8335926,533.5,283,0.1391
device,host,4,fp256,32,copysign,4096,143.7137,6958277,668.0,212,0.1248
device,host,4,fp256,32,min,4096,144.3729,6926508,664.9,212,0.1254
device,host,4,fp256,32,max,4096,152.6706,6550051,628.8,204,0.1276
device,host,4,fp256,32,minnum,4096,145.5298,6871445,659.7,201,0.1198
device,host,4,fp256,32,maxnum,4096,143.8263,6952829,667.5,212,0.1249
device,host,4,fp256,32,cmplt,4096,142.3871,7023110,674.2,213,0.1242
device,host,4,fp256,32,cmple,4096,142.4404,7020480,674.0,215,0.1254
device,host,4,fp256,32,cmpeq,4096,136.8605,7306711,701.4,218,0.1222
device,host,4,fp256,32,select,4096,136.6473,7318109,936.7,223,0.1248
device,host,4,fp256,32,iand,4096,136.5991,7320693,702.8,223,0.1248
device,host,4,fp256,32,ior,4096,135.8480,7361170,706.7,224,0.1246
device,host,4,fp256,32,ixor,4096,135.7808,7364813,707.0,225,0.1251
device,host,4,fp256,32,iadd,4096,135.7697,7365415,707.1,225,0.1251
device,host,4,fp256,32,isub,4096,140.4854,7118176,683.3,226,0.1300
device,host,4,fp256,32,ishl,4096,147.1718,6794781,652.3,212,0.1278
device,host,4,fp256,32,ishr,4096,145.5504,6870472,659.6,205,0.1222
device,host,4,fp256,32,icmplt,4096,139.2782,7179872,689.3,225,0.1284
device,host,4,fp256,32,add,4096,144.5636,6917370,664.1,209,0.1238
device,host,4,fp256,32,sub,4096,142.9624,6994847,671.5,213,0.1247
device,host,4,fp256,32,mul,4096,144.2510,6932362,665.5,213,0.1259
device,host,4,fp256,32,fma,4096,142.0951,7037540,900.8,212,0.1234
device,resident,4,fp256,32,abs,4096,18.5499,53908532,3450.1,1623,0.1233
device,resident,4,fp256,32,neg,4096,18.5257,53979055,3454.7,1643,0.1247
device,resident,4,fp256,32,copysign,4096,18.5292,53968777,5181.0,1648,0.1251
device,resident,4,fp256,32,min,4096,18.5130,54016221,5185.6,1628,0.1234
device,resident,4,fp256,32,max,4096,18.7017,53471138,5133.2,1651,0.1265
device,resident,4,fp256,32,minnum,4096,19.4182,51498071,4943.8,1595,0.1269
device,resident,4,fp256,32,maxnum,4096,20.0271,49932269,4793.5,1522,0.1249
device,resident,4,fp256,32,cmplt,4096,20.0189,49952718,4795.5,1518,0.1245
device,resident,4,fp256,32,cmple,4096,20.0165,49958812,4796.0,1528,0.1253
device,resident,4,fp256,32,cmpeq,4096,20.0223,49944391,4794.7,1529,0.1254
device,resident,4,fp256,32,select,4096,19.7903,50529867,6467.8,1526,0.1237
device,resident,4,fp256,32,iand,4096,19.3916,51568636,4950.6,1576,0.1252
device,resident,4,fp256,32,ior,4096,19.6033,51011839,4897.1,1565,0.1257
device,resident,4,fp256,32,ixor,4096,19.1525,52212441,5012.4,1561,0.1225
device,resident,4,fp256,32,iadd,4096,18.5847,53807832,5165.6,1637,0.1246
device,resident,4,fp256,32,isub,4096,18.9590,52745457,5063.6,1620,0.1258
device,resident,4,fp256,32,ishl,4096,19.7107,50733941,4870.5,1575,0.1272
device,resident,4,fp256,32,ishr,4096,20.0851,49788176,4779.7,1544,0.1270
device,resident,4,fp256,32,icmplt,4096,20.5226,48726744,4677.8,1486,0.1249
device,resident,4,fp256,32,add,4096,20.5445,48674938,4672.8,1487,0.1251
device,resident,4,fp256,32,sub,4096,20.5278,48714371,4676.6,1475,0.1240
device,resident,4,fp256,32,mul,4096,20.5528,48655152,4670.9,1484,0.1249
device,resident,4,fp256,32,fma,4096,20.5810,48588465,6219.3,1478,0.1246
software,host,0,fp256,32,abs,8192,149.3191,6697066,428.6,97,0.1187
software,host,0,fp256,32,neg,8192,155.2645,6440623,412.2,99,0.1259
software,host,0,fp256,32,copysign,8192,155.7720,6419637,616.3,98,0.1251
software,host,0,fp256,32,min,8192,194.9157,5130424,492.5,64,0.1022
software,host,0,fp256,32,max,8192,194.8730,5131547,492.6,64,0.1022
software,host,0,fp256,32,minnum,8192,196.3735,5092336,488.9,64,0.1030
software,host,0,fp256,32,maxnum,8192,193.9912,5154872,494.9,64,0.1017
software,host,0,fp256,32,cmplt,8192,240.2354,4162584,399.6,64,0.1260
software,host,0,fp256,32,cmple,8192,244.7233,4086248,392.3,63,0.1263
software,host,0,fp256,32,cmpeq,8192,207.3298,4823233,463.0,64,0.1087
software,host,0,fp256,32,select,8192,152.5935,6553360,838.8,101,0.1263
software,host,0,fp256,32,iand,8192,150.9635,6624117,635.9,102,0.1261
software,host,0,fp256,32,ior,8192,152.9905,6536354,627.5,100,0.1253
software,host,0,fp256,32,ixor,8192,152.9541,6537908,627.6,101,0.1266
software,host,0,fp256,32,iadd,8192,157.9592,6330747,607.8,97,0.1255
software,host,0,fp256,32,isub,8192,168.5088,5934409,569.7,91,0.1256
software,host,0,fp256,32,ishl,8192,194.4258,5143350,493.8,64,0.1019
software,host,0,fp256,32,ishr,8192,155.2468,6441358,618.4,99,0.1259
software,host,0,fp256,32,icmplt,8192,168.5679,5932328,569.5,91,0.1257
software,host,0,fp256,32,add,8192,647.2724,1544945,148.3,24,0.1273
software,host,0,fp256,32,sub,8192,660.0489,1515039,145.4,24,0.1298
software,host,0,fp256,32,mul,8192,451.9516,2212626,212.4,34,0.1259
software,host,0,fp256,32,fma,8192,565.3892,1768693,226.4,28,0.1297
device,host,1,fp256,32,abs,8192,74.8524,13359619,855.0,225,0.1380
device,host,1,fp256,32,neg,8192,74.8792,13354847,854.7,205,0.1257
device,host,1,fp256,32,copysign,8192,74.9807,13336763,1280.3,204,0.1253
device,host,1,fp256,32,min,8192,75.0406,13326123,1279.3,205,0.1260
device,host,1,fp256,32,max,8192,74.9578,13340837,1280.7,204,0.1253
device,host,1,fp256,32,minnum,8192,75.0952,13316438,1278.4,204,0.1255
device,host,1,fp256,32,maxnum,8192,74.8598,13358296,1282.4,204,0.1251
device,host,1,fp256,32,cmplt,8192,74.9169,13348118,1281.4,204,0.1252
device,host,1,fp256,32,cmple,8192,74.9097,13349411,1281.5,204,0.1252
device,host,1,fp256,32,cmpeq,8192,74.8369,13362388,1282.8,204,0.1251
device,host,1,fp256,32,select,8192,74.9959,13334059,1706.8,205,0.1259
device,host,1,fp256,32,iand,8192,74.9175,13348008,1281.4,204,0.1252
device,host,1,fp256,32,ior,8192,74.9332,13345219,1281.1,204,0.1252
device,host,1,fp256,32,ixor,8192,74.8533,13359469,1282.5,204,0.1251
device,host,1,fp256,32,iadd,8192,74.8076,13367623,1283.3,205,0.1256
device,host,1,fp256,32,isub,8192,74.9600,13340443,1280.7,205,0.1259
device,host,1,fp256,32,ishl,8192,75.1364,13309129,1277.7,204,0.1256
device,host,1,fp256,32,ishr,8192,74.8938,13352237,1281.8,204,0.1252
device,host,1,fp256,32,icmplt,8192,75.0590,13322854,1279.0,204,0.1254
device,host,1,fp256,32,add,8192,75.0524,13324029,1279.1,204,0.1254
device,host,1,fp256,32,sub,8192,74.5456,13414611,1287.8,204,0.1246
device,host,1,fp256,32,mul,8192,74.9925,13334667,1280.1,204,0.1253
device,host,1,fp256,32,fma,8192,74.8925,13352472,1709.1,204,0.1252
device,resident,1,fp256,32,abs,8192,12.8610,77754231,4976.3,1176,0.1239
device,resident,1,fp256,32,neg,8192,13.7021,72981603,4670.8,1114,0.1250
device,resident,1,fp256,32,copysign,8192,13.5623,73733920,7078.5,1118,0.1242
device,resident,1,fp256,32,min,8192,13.5622,73734352,7078.5,1133,0.1259
device,resident,1,fp256,32,max,8192,13.5593,73750152,7080.0,1131,0.1256
device,resident,1,fp256,32,minnum,8192,13.5638,73725766,7077.7,1129,0.1254
device,resident,1,fp256,32,maxnum,8192,13.5597,73747882,7079.8,1130,0.1255
device,resident,1,fp256,32,cmplt,8192,13.5615,73738203,7078.9,1123,0.1248
device,resident,1,fp256,32,cmple,8192,13.5626,73732065,7078.3,1131,0.1257
device,resident,1,fp256,32,cmpeq,8192,13.5630,73729740,7078.1,1134,0.1260
device,resident,1,fp256,32,select,8192,13.5729,73676150,9430.5,1126,0.1252
device,resident,1,fp256,32,iand,8192,13.5692,73696106,7074.8,1133,0.1259
device,resident,1,fp256,32,ior,8192,13.5633,73728583,7077.9,1115,0.1239
device,resident,1,fp256,32,ixor,8192,13.5632,73729107,7078.0,1135,0.1261
device,resident,1,fp256,32,iadd,8192,13.5642,73723682,7077.5,1132,0.1258
device,resident,1,fp256,32,isub,8192,13.5756,73661602,7071.5,1132,0.1259
device,resident,1,fp256,32,ishl,8192,13.5626,73732401,7078.3,1131,0.1257
device,resident,1,fp256,32,ishr,8192,13.5485,73809065,7085.7,1132,0.1256
device,resident,1,fp256,32,icmplt,8192,13.6290,73372957,7043.8,1132,0.1264
device,resident,1,fp256,32,add,8192,13.6760,73120977,7019.6,1110,0.1244
device,resident,1,fp256,32,sub,8192,13.6953,73017498,7009.7,1114,0.1250
device,resident,1,fp256,32,mul,8192,13.5650,73719237,7077.0,1116,0.1240
device,resident,1,fp256,32,fma,8192,13.5641,73724057,9436.7,1130,0.1256
device,host,4,fp256,32,abs,8192,75.1517,13306420,851.6,202,0.1244
device,host,4,fp256,32,neg,8192,80.6739,12395581,793.3,201,0.1328
device,host,4,fp256,32,copysign,8192,83.9073,11917919,1144.1,180,0.1237
device,host,4,fp256,32,min,8192,84.2020,11876207,1140.1,183,0.1262
device,host,4,fp256,32,max,8192,84.0893,11892117,1141.6,182,0.1254
device,host,4,fp256,32,minnum,8192,84.0026,11904387,1142.8,183,0.1259
device,host,4,fp256,32,maxnum,8192,83.9408,11913162,1143.7,183,0.1258
device,host,4,fp256,32,cmplt,8192,83.9203,11916069,1143.9,182,0.1251
device,host,4,fp256,32,cmple,8192,87.4212,11438878,1098.1,182,0.1303
device,host,4,fp256,32,cmpeq,8192,88.3664,11316516,1086.4,174,0.1260
device,host,4,fp256,32,select,8192,91.6856,10906838,1396.1,173,0.1299
device,host,4,fp256,32,iand,8192,93.6110,10682506,1025.5,164,0.1258
device,host,4,fp256,32,ior,8192,93.5603,10688292,1026.1,164,0.1257
device,host,4,fp256,32,ixor,8192,91.7828,10895293,1045.9,164,0.1233
device,host,4,fp256,32,iadd,8192,91.5553,10922362,1048.5,168,0.1260
device,host,4,fp256,32,isub,8192,91.5578,10922062,1048.5,167,0.1253
device,host,4,fp256,32,ishl,8192,91.5767,10919809,1048.3,167,0.1253
device,host,4,fp256,32,ishr,8192,92.0604,10862428,1042.8,166,0.1252
device,host,4,fp256,32,icmplt,8192,91.5233,10926182,1048.9,167,0.1252
device,host,4,fp256,32,add,8192,91.2360,10960588,1052.2,166,0.1241
device,host,4,fp256,32,sub,8192,73.3398,13635164,1309.0,168,0.1009
device,host,4,fp256,32,mul,8192,66.4801,15042087,1444.0,247,0.1345
device,host,4,fp256,32,fma,8192,78.3762,12758975,1633.1,204,0.1310
device,resident,4,fp256,32,abs,8192,10.4186,95982021,6142.8,1457,0.1244
device,resident,4,fp256,32,neg,8192,10.3946,96203961,6157.1,1462,0.1245
device,resident,4,fp256,32,copysign,8192,10.4011,96143567,9229.8,1464,0.1247
device,resident,4,fp256,32,min,8192,10.3920,96227602,9237.8,1457,0.1240
device,resident,4,fp256,32,max,8192,10.4014,96140838,9229.5,1473,0.1255
device,resident,4,fp256,32,minnum,8192,10.3886,96259248,9240.9,1471,0.1252
device,resident,4,fp256,32,maxnum,8192,10.6225,94139716,9037.4,1463,0.1273
device,resident,4,fp256,32,cmplt,8192,11.6602,85761685,8233.1,1337,0.1277
device,resident,4,fp256,32,cmple,8192,12.0158,83223590,7989.5,1269,0.1249
device,resident,4,fp256,32,cmpeq,8192,12.0164,83219798,7989.1,1263,0.1243
device,resident,4,fp256,32,select,8192,12.0199,83195213,10649.0,1268,0.1249
device,resident,4,fp256,32,iand,8192,12.0226,83176598,7985.0,1266,0.1247
device,resident,4,fp256,32,ior,8192,12.0169,83215917,7988.7,1267,0.1247
device,resident,4,fp256,32,ixor,8192,12.0178,83210181,7988.2,1269,0.1249
device,resident,4,fp256,32,iadd,8192,12.0158,83223522,7989.5,1268,0.1248
device,resident,4,fp256,32,isub,8192,12.1604,82233991,7894.5,1270,0.1265
device,resident,4,fp256,32,ishl,8192,12.2028,81948317,7867.0,1256,0.1256
device,resident,4,fp256,32,ishr,8192,12.2081,81912918,7863.6,1247,0.1247
device,resident,4,fp256,32,icmplt,8192,12.2033,81944943,7866.7,1251,0.1251
device,resident,4,fp256,32,add,8192,12.2069,81920572,7864.4,1255,0.1255
device,resident,4,fp256,32,sub,8192,12.2075,81917163,7864.0,1252,0.1252
device,resident,4,fp256,32,mul,8192,12.2065,81923365,7864.6,1246,0.1246
device,resident,4,fp256,32,fma,8192,12.2050,81933504,10487.5,1241,0.1241
software,host,0,fp256,32,abs,16384,148.8303,6719064,430.0,50,0.1219
software,host,0,fp256,32,neg,16384,155.7457,6420721,410.9,50,0.1276
software,host,0,fp256,32,copysign,16384,154.9027,6455666,619.7,50,0.1269
software,host,0,fp256,32,min,16384,192.8011,5186692,497.9,40,0.1264
software,host,0,fp256,32,max,16384,193.3114,5173001,496.6,40,0.1267
software,host,0,fp256,32,minnum,16384,194.1116,5151676,494.6,40,0.1272
software,host,0,fp256,32,maxnum,16384,193.2224,5175384,496.8,39,0.1235
software,host,0,fp256,32,cmplt,16384,228.8061,4370512,419.6,34,0.1275
software,host,0,fp256,32,cmple,16384,230.8245,4332296,415.9,34,0.1286
software,host,0,fp256,32,cmpeq,16384,195.4628,5116062,491.1,40,0.1281
software,host,0,fp256,32,select,16384,151.9384,6581614,842.4,51,0.1270
software,host,0,fp256,32,iand,16384,149.3254,6696783,642.9,52,0.1272
software,host,0,fp256,32,ior,16384,152.1288,6573375,631.0,51,0.1271
software,host,0,fp256,32,ixor,16384,152.2966,6566133,630.3,50,0.1248
software,host,0,fp256,32,iadd,16384,157.7612,6338694,608.5,49,0.1267
software,host,0,fp256,32,isub,16384,168.7563,5925705,568.9,46,0.1272
software,host,0,fp256,32,ishl,16384,193.9837,5155073,494.9,39,0.1240
software,host,0,fp256,32,ishr,16384,154.1024,6489192,623.0,50,0.1262
software,host,0,fp256,32,icmplt,16384,170.0477,5880704,564.5,45,0.1254
software,host,0,fp256,32,add,16384,647.6013,1544160,148.2,12,0.1273
software,host,0,fp256,32,sub,16384,663.0072,1508279,144.8,12,0.1304
software,host,0,fp256,32,mul,16384,452.2376,2211227,212.3,17,0.1260
software,host,0,fp256,32,fma,16384,567.0992,1763360,225.7,14,0.1301
device,host,1,fp256,32,abs,16384,59.0812,16925846,1083.3,138,0.1336
device,host,1,fp256,32,neg,16384,58.9739,16956657,1085.2,130,0.1256
device,host,1,fp256,32,copysign,16384,58.8897,16980887,1630.2,130,0.1254
device,host,1,fp256,32,min,16384,58.9552,16962031,1628.4,130,0.1256
device,host,1,fp256,32,max,16384,58.9743,16956533,1627.8,130,0.1256
device,host,1,fp256,32,minnum,16384,58.9494,16963697,1628.5,130,0.1256
device,host,1,fp256,32,maxnum,16384,59.1390,16909312,1623.3,130,0.1260
device,host,1,fp256,32,cmplt,16384,59.0147,16944934,1626.7,130,0.1257
device,host,1,fp256,32,cmple,16384,58.9493,16963716,1628.5,130,0.1256
device,host,1,fp256,32,cmpeq,16384,60.3970,16557127,1589.5,130,0.1286
device,host,1,fp256,32,select,16384,60.5390,16518274,2114.3,126,0.1250
device,host,1,fp256,32,iand,16384,61.0210,16387789,1573.2,125,0.1250
device,host,1,fp256,32,ior,16384,60.7504,16460797,1580.2,126,0.1254
device,host,1,fp256,32,ixor,16384,60.8904,16422940,1576.6,126,0.1257
device,host,1,fp256,32,iadd,16384,61.0386,16383077,1572.8,126,0.1260
device,host,1,fp256,32,isub,16384,60.5925,16503685,1584.4,125,0.1241
device,host,1,fp256,32,ishl,16384,61.0286,16385752,1573.0,126,0.1260
device,host,1,fp256,32,ishr,16384,61.0332,16384522,1572.9,126,0.1260
device,host,1,fp256,32,icmplt,16384,60.8501,16433823,1577.6,127,0.1266
device,host,1,fp256,32,add,16384,60.6474,16488749,1582.9,126,0.1252
device,host,1,fp256,32,sub,16384,59.9765,16673207,1600.6,127,0.1248
device,host,1,fp256,32,mul,16384,60.1158,16634572,1596.9,128,0.1261
device,host,1,fp256,32,fma,16384,59.8864,16698275,2137.4,128,0.1256
device,resident,1,fp256,32,abs,16384,11.4830,87085400,5573.5,680,0.1279
device,resident,1,fp256,32,neg,16384,11.4159,87596949,5606.2,671,0.1255
device,resident,1,fp256,32,copysign,16384,11.4632,87235590,8374.6,667,0.1253
device,resident,1,fp256,32,min,16384,11.4629,87238041,8374.9,666,0.1251
device,resident,1,fp256,32,max,16384,11.4470,87359111,8386.5,667,0.1251
device,resident,1,fp256,32,minnum,16384,11.4507,87330994,8383.8,668,0.1253
device,resident,1,fp256,32,maxnum,16384,11.4879,87047773,8356.6,666,0.1254
device,resident,1,fp256,32,cmplt,16384,11.4990,86964253,8348.6,663,0.1249
device,resident,1,fp256,32,cmple,16384,11.4845,87074048,8359.1,665,0.1251
device,resident,1,fp256,32,cmpeq,16384,11.4612,87250916,8376.1,668,0.1254
device,resident,1,fp256,32,select,16384,11.4753,87143713,11154.4,667,0.1254
device,resident,1,fp256,32,iand,16384,11.4575,87279368,8378.8,669,0.1256
device,resident,1,fp256,32,ior,16384,11.4753,87143871,8365.8,669,0.1258
device,resident,1,fp256,32,ixor,16384,11.4775,87127088,8364.2,666,0.1252
device,resident,1,fp256,32,iadd,16384,11.4680,87198894,8371.1,667,0.1253
device,resident,1,fp256,32,isub,16384,11.4849,87070919,8358.8,663,0.1248
device,resident,1,fp256,32,ishl,16384,11.4554,87295318,8380.4,669,0.1256
device,resident,1,fp256,32,ishr,16384,11.4488,87345133,8385.1,668,0.1253
device,resident,1,fp256,32,icmplt,16384,11.4758,87139863,8365.4,669,0.1258
device,resident,1,fp256,32,add,16384,11.4724,87165723,8367.9,664,0.1248
device,resident,1,fp256,32,sub,16384,11.4741,87152931,8366.7,667,0.1254
device,resident,1,fp256,32,mul,16384,11.4700,87183934,8369.7,667,0.1253
device,resident,1,fp256,32,fma,16384,11.4812,87098931,11148.7,666,0.1253
device,host,4,fp256,32,abs,16384,45.6338,21913574,1402.5,167,0.1249
device,host,4,fp256,32,neg,16384,46.9285,21309010,1363.8,167,0.1284
device,host,4,fp256,32,copysign,16384,55.8808,17895224,1717.9,148,0.1355
device,host,4,fp256,32,min,16384,55.9588,17870294,1715.5,137,0.1256
device,host,4,fp256,32,max,16384,55.8617,17901339,1718.5,137,0.1254
device,host,4,fp256,32,minnum,16384,55.9652,17868233,1715.4,137,0.1256
device,host,4,fp256,32,maxnum,16384,55.9416,17875787,1716.1,137,0.1256
device,host,4,fp256,32,cmplt,16384,55.9066,17886982,1717.2,137,0.1255
device,host,4,fp256,32,cmple,16384,55.8067,17919002,1720.2,137,0.1253
device,host,4,fp256,32,cmpeq,16384,55.9185,17883160,1716.8,137,0.1255
device,host,4,fp256,32,select,16384,55.8731,17897712,2290.9,137,0.1254
device,host,4,fp256,32,iand,16384,55.9845,17862091,1714.8,137,0.1257
device,host,4,fp256,32,ior,16384,58.5951,17066269,1638.4,135,0.1296
device,host,4,fp256,32,ixor,16384,58.5641,17075318,1639.2,131,0.1257
device,host,4,fp256,32,iadd,16384,57.9178,17265843,1657.5,131,0.1243
device,host,4,fp256,32,isub,16384,57.3502,17436730,1673.9,134,0.1259
device,host,4,fp256,32,ishl,16384,57.2249,17474899,1677.6,133,0.1247
device,host,4,fp256,32,ishr,16384,56.6720,17645394,1694.0,135,0.1253
device,host,4,fp256,32,icmplt,16384,50.3050,19878734,1908.4,136,0.1121
device,host,4,fp256,32,add,16384,47.9035,20875304,2004.0,160,0.1256
device,host,4,fp256,32,sub,16384,47.9077,20873487,2003.9,160,0.1256
device,host,4,fp256,32,mul,16384,47.8763,20887158,2005.2,160,0.1255
device,host,4,fp256,32,fma,16384,47.8788,20886063,2673.4,160,0.1255
device,resident,4,fp256,32,abs,16384,6.3218,158182088,10123.7,1201,0.1244
device,resident,4,fp256,32,neg,16384,6.3230,158153140,10121.8,1205,0.1248
device,resident,4,fp256,32,copysign,16384,6.3225,158165594,15183.9,1207,0.1250
device,resident,4,fp256,32,min,16384,6.3359,157831092,15151.8,1207,0.1253
device,resident,4,fp256,32,max,16384,6.5619,152393984,14629.8,1206,0.1297
device,resident,4,fp256,32,minnum,16384,6.8200,146627346,14076.2,1121,0.1253
device,resident,4,fp256,32,maxnum,16384,6.8086,146873549,14099.9,1120,0.1249
device,resident,4,fp256,32,cmplt,16384,6.8684,145595267,13977.1,1119,0.1259
device,resident,4,fp256,32,cmple,16384,7.0924,140995732,13535.6,1089,0.1265
device,resident,4,fp256,32,cmpeq,16384,7.1104,140638247,13501.3,1069,0.1245
device,resident,4,fp256,32,select,16384,7.1139,140569140,17992.8,1076,0.1254
device,resident,4,fp256,32,iand,16384,7.1107,140633614,13500.8,1074,0.1251
device,resident,4,fp256,32,ior,16384,7.1096,140655701,13502.9,1073,0.1250
device,resident,4,fp256,32,ixor,16384,7.1048,140750590,13512.1,1071,0.1247
device,resident,4,fp256,32,iadd,16384,7.1096,140654552,13502.8,1079,0.1257
device,resident,4,fp256,32,isub,16384,7.1047,140751936,13512.2,1072,0.1248
device,resident,4,fp256,32,ishl,16384,7.1068,140709375,13508.1,1072,0.1248
device,resident,4,fp256,32,ishr,16384,7.1038,140769833,13513.9,1072,0.1248
device,resident,4,fp256,32,icmplt,16384,7.1090,140666049,13503.9,1072,0.1249
device,resident,4,fp256,32,add,16384,7.1171,140507180,13488.7,1071,0.1249
device,resident,4,fp256,32,sub,16384,7.1221,140408427,13479.2,1071,0.1250
device,resident,4,fp256,32,mul,16384,7.1160,140528224,13490.7,1072,0.1250
device,resident,4,fp256,32,fma,16384,7.1114,140619658,17999.3,1074,0.1251
software,host,0,fp256,32,abs,32768,151.2472,6611692,423.1,22,0.1090
software,host,0,fp256,32,neg,32768,154.4283,6475499,414.4,25,0.1265
software,host,0,fp256,32,copysign,32768,155.4542,6432762,617.5,25,0.1273
software,host,0,fp256,32,min,32768,193.2597,5174383,496.7,20,0.1267
software,host,0,fp256,32,max,32768,193.6577,5163751,495.7,20,0.1269
software,host,0,fp256,32,minnum,32768,193.8165,5159520,495.3,20,0.1270
software,host,0,fp256,32,maxnum,32768,193.1754,5176644,497.0,20,0.1266
software,host,0,fp256,32,cmplt,32768,228.9438,4367885,419.3,17,0.1275
software,host,0,fp256,32,cmple,32768,230.0080,4347675,417.4,17,0.1281
software,host,0,fp256,32,cmpeq,32768,197.1285,5072834,487.0,20,0.1292
software,host,0,fp256,32,select,32768,157.3873,6353752,813.3,24,0.1238
software,host,0,fp256,32,iand,32768,149.7800,6676461,640.9,26,0.1276
software,host,0,fp256,32,ior,32768,153.4250,6517843,625.7,26,0.1307
software,host,0,fp256,32,ixor,32768,151.3591,6606806,634.3,26,0.1290
software,host,0,fp256,32,iadd,32768,158.1016,6325048,607.2,25,0.1295
software,host,0,fp256,32,isub,32768,168.1563,5946847,570.9,23,0.1267
software,host,0,fp256,32,ishl,32768,194.1889,5149624,494.4,20,0.1273
software,host,0,fp256,32,ishr,32768,154.9323,6454431,619.6,25,0.1269
software,host,0,fp256,32,icmplt,32768,169.3916,5903479,566.7,23,0.1277
software,host,0,fp256,32,add,32768,648.4366,1542171,148.0,6,0.1275
software,host,0,fp256,32,sub,32768,660.2656,1514542,145.4,6,0.1298
software,host,0,fp256,32,mul,32768,450.8627,2217970,212.9,9,0.1330
software,host,0,fp256,32,fma,32768,567.9825,1760618,225.4,7,0.1303
device,host,1,fp256,32,abs,32768,55.7295,17943812,1148.4,64,0.1169
device,host,1,fp256,32,neg,32768,56.9608,17555941,1123.6,64,0.1195
device,host,1,fp256,32,copysign,32768,57.0282,17535169,1683.4,64,0.1196
device,host,1,fp256,32,min,32768,56.8517,17589635,1688.6,64,0.1192
device,host,1,fp256,32,max,32768,56.8099,17602552,1689.8,64,0.1191
device,host,1,fp256,32,minnum,32768,56.6940,17638560,1693.3,64,0.1189
device,host,1,fp256,32,maxnum,32768,56.7930,17607816,1690.4,64,0.1191
device,host,1,fp256,32,cmplt,32768,57.0043,17542535,1684.1,64,0.1195
device,host,1,fp256,32,cmple,32768,57.0171,17538591,1683.7,64,0.1196
device,host,1,fp256,32,cmpeq,32768,56.5794,17674288,1696.7,64,0.1187
device,host,1,fp256,32,select,32768,56.8874,17578573,2250.1,64,0.1193
device,host,1,fp256,32,iand,32768,56.6873,17640631,1693.5,64,0.1189
device,host,1,fp256,32,ior,32768,56.8865,17578856,1687.6,64,0.1193
device,host,1,fp256,32,ixor,32768,57.0107,17540580,1683.9,64,0.1196
device,host,1,fp256,32,iadd,32768,56.6652,17647509,1694.2,64,0.1188
device,host,1,fp256,32,isub,32768,56.8641,17585791,1688.2,64,0.1193
device,host,1,fp256,32,ishl,32768,56.8889,17578126,1687.5,64,0.1193
device,host,1,fp256,32,ishr,32768,56.7344,17625975,1692.1,64,0.1190
device,host,1,fp256,32,icmplt,32768,57.0572,17526260,1682.5,64,0.1197
device,host,1,fp256,32,add,32768,56.5205,17692691,1698.5,64,0.1185
device,host,1,fp256,32,sub,32768,56.7247,17629005,1692.4,64,0.1190
device,host,1,fp256,32,mul,32768,56.7795,17611998,1690.8,64,0.1191
device,host,1,fp256,32,fma,32768,56.8318,17595779,2252.3,64,0.1192
device,resident,1,fp256,32,abs,32768,12.5796,79494087,5087.6,321,0.1323
device,resident,1,fp256,32,neg,32768,12.7129,78660434,5034.3,301,0.1254
device,resident,1,fp256,32,copysign,32768,12.6771,78882431,7572.7,300,0.1246
device,resident,1,fp256,32,min,32768,12.5242,79845244,7665.1,303,0.1243
device,resident,1,fp256,32,max,32768,12.2976,81316886,7806.4,307,0.1237
device,resident,1,fp256,32,minnum,32768,12.4544,80292935,7708.1,311,0.1269
device,resident,1,fp256,32,maxnum,32768,12.4903,80062063,7686.0,307,0.1256
device,resident,1,fp256,32,cmplt,32768,12.5886,79437032,7626.0,309,0.1275
device,resident,1,fp256,32,cmple,32768,12.3435,81014338,7777.4,303,0.1226
device,resident,1,fp256,32,cmpeq,32768,12.4494,80325334,7711.2,309,0.1261
device,resident,1,fp256,32,select,32768,12.4290,80457037,10298.5,312,0.1271
device,resident,1,fp256,32,iand,32768,12.4562,80281478,7707.0,310,0.1265
device,resident,1,fp256,32,ior,32768,12.4194,80519194,7729.8,307,0.1249
device,resident,1,fp256,32,ixor,32768,12.3591,80911752,7767.5,308,0.1247
device,resident,1,fp256,32,iadd,32768,12.4605,80253760,7704.4,306,0.1249
device,resident,1,fp256,32,isub,32768,12.4753,80158154,7695.2,310,0.1267
device,resident,1,fp256,32,ishl,32768,12.4163,80539133,7731.8,309,0.1257
device,resident,1,fp256,32,ishr,32768,12.4080,80593285,7737.0,310,0.1260
device,resident,1,fp256,32,icmplt,32768,12.4150,80547428,7732.6,308,0.1253
device,resident,1,fp256,32,add,32768,12.4111,80572833,7735.0,312,0.1269
device,resident,1,fp256,32,sub,32768,12.4422,80371659,7715.7,310,0.1264
device,resident,1,fp256,32,mul,32768,12.3834,80753374,7752.3,312,0.1266
device,resident,1,fp256,32,fma,32768,12.4193,80519945,10306.6,310,0.1262
device,host,4,fp256,32,abs,32768,48.2457,20727227,1326.5,101,0.1597
device,host,4,fp256,32,neg,32768,53.5966,18657909,1194.1,64,0.1124
device,host,4,fp256,32,copysign,32768,53.5164,18685877,1793.8,64,0.1122
device,host,4,fp256,32,min,32768,52.7753,18948248,1819.0,64,0.1107
device,host,4,fp256,32,max,32768,52.7180,18968855,1821.0,64,0.1106
device,host,4,fp256,32,minnum,32768,52.7599,18953784,1819.6,64,0.1106
device,host,4,fp256,32,maxnum,32768,52.7526,18956395,1819.8,64,0.1106
device,host,4,fp256,32,cmplt,32768,52.7132,18970587,1821.2,64,0.1105
device,host,4,fp256,32,cmple,32768,52.7082,18972365,1821.3,64,0.1105
device,host,4,fp256,32,cmpeq,32768,52.7145,18970111,1821.1,64,0.1106
device,host,4,fp256,32,select,32768,52.7251,18966291,2427.7,64,0.1106
device,host,4,fp256,32,iand,32768,52.8068,18936962,1817.9,64,0.1107
device,host,4,fp256,32,ior,32768,52.8905,18906982,1815.1,64,0.1109
device,host,4,fp256,32,ixor,32768,52.8164,18933528,1817.6,64,0.1108
device,host,4,fp256,32,iadd,32768,52.7743,18948601,1819.1,64,0.1107
device,host,4,fp256,32,isub,32768,52.7084,18972311,1821.3,64,0.1105
device,host,4,fp256,32,ishl,32768,52.7944,18941387,1818.4,64,0.1107
device,host,4,fp256,32,ishr,32768,52.7225,18967238,1820.9,64,0.1106
device,host,4,fp256,32,icmplt,32768,52.7648,18952037,1819.4,64,0.1107
device,host,4,fp256,32,add,32768,52.7988,18939835,1818.2,64,0.1107
device,host,4,fp256,32,sub,32768,53.0221,18860043,1810.6,64,0.1112
device,host,4,fp256,32,mul,32768,53.0482,18850792,1809.7,64,0.1113
device,host,4,fp256,32,fma,32768,53.1711,18807223,2407.3,64,0.1115
device,resident,4,fp256,32,abs,32768,4.6091,216962613,13885.6,871,0.1315
device,resident,4,fp256,32,neg,32768,4.7908,208732718,13358.9,806,0.1265
device,resident,4,fp256,32,copysign,32768,4.8082,207980022,19966.1,809,0.1275
device,resident,4,fp256,32,min,32768,4.8149,207686862,19937.9,794,0.1253
device,resident,4,fp256,32,max,32768,4.8293,207068306,19878.6,791,0.1252
device,resident,4,fp256,32,minnum,32768,4.8224,207364073,19907.0,790,0.1248
device,resident,4,fp256,32,maxnum,32768,4.7797,209218037,20084.9,806,0.1262
device,resident,4,fp256,32,cmplt,32768,4.7959,208512974,20017.2,802,0.1260
device,resident,4,fp256,32,cmple,32768,4.8211,207421749,19912.5,797,0.1259
device,resident,4,fp256,32,cmpeq,32768,4.8209,207429680,19913.2,798,0.1261
device,resident,4,fp256,32,select,32768,4.8424,206510539,26433.3,795,0.1261
device,resident,4,fp256,32,iand,32768,4.8321,206948521,19867.1,795,0.1259
device,resident,4,fp256,32,ior,32768,4.8333,206899970,19862.4,795,0.1259
device,resident,4,fp256,32,ixor,32768,4.8251,207250565,19896.1,796,0.1259
device,resident,4,fp256,32,iadd,32768,4.8292,207071800,19878.9,797,0.1261
device,resident,4,fp256,32,isub,32768,4.8389,206660073,19839.4,793,0.1257
device,resident,4,fp256,32,ishl,32768,4.8332,206902305,19862.6,787,0.1246
device,resident,4,fp256,32,ishr,32768,4.8368,206748003,19847.8,794,0.1258
device,resident,4,fp256,32,icmplt,32768,4.8282,207114396,19883.0,793,0.1255
device,resident,4,fp256,32,add,32768,4.8274,207149124,19886.3,794,0.1256
device,resident,4,fp256,32,sub,32768,4.8286,207097668,19881.4,792,0.1253
device,resident,4,fp256,32,mul,32768,4.8257,207225359,19893.6,794,0.1256
device,resident,4,fp256,32,fma,32768,4.8289,207086797,26507.1,791,0.1252
software,host,0,fp256,32,abs,65536,148.9471,6713791,429.7,13,0.1269
software,host,0,fp256,32,neg,65536,154.7045,6463938,413.7,13,0.1318
software,host,0,fp256,32,copysign,65536,155.0728,6448583,619.1,13,0.1321
software,host,0,fp256,32,min,65536,193.2881,5173625,496.7,10,0.1267
software,host,0,fp256,32,max,65536,192.6565,5190584,498.3,10,0.1263
software,host,0,fp256,32,minnum,65536,193.4324,5169765,496.3,10,0.1268
software,host,0,fp256,32,maxnum,65536,192.9621,5182366,497.5,10,0.1265
software,host,0,fp256,32,cmplt,65536,228.8906,4368900,419.4,9,0.1350
software,host,0,fp256,32,cmple,65536,229.9252,4349241,417.5,9,0.1356
software,host,0,fp256,32,cmpeq,65536,196.9665,5077005,487.4,10,0.1291
software,host,0,fp256,32,select,65536,151.9912,6579327,842.2,13,0.1295
software,host,0,fp256,32,iand,65536,149.3803,6694322,642.7,13,0.1273
software,host,0,fp256,32,ior,65536,151.8641,6584833,632.1,13,0.1294
software,host,0,fp256,32,ixor,65536,152.1095,6574211,631.1,13,0.1296
software,host,0,fp256,32,iadd,65536,158.1811,6321867,606.9,13,0.1348
software,host,0,fp256,32,isub,65536,168.9283,5919673,568.3,12,0.1329
software,host,0,fp256,32,ishl,65536,195.4284,5116963,491.2,10,0.1281
software,host,0,fp256,32,ishr,65536,154.4385,6475069,621.6,13,0.1316
software,host,0,fp256,32,icmplt,65536,169.3660,5904373,566.8,12,0.1332
software,host,0,fp256,32,add,65536,647.6619,1544016,148.2,3,0.1273
software,host,0,fp256,32,sub,65536,665.7646,1502032,144.2,3,0.1309
software,host,0,fp256,32,mul,65536,451.5065,2214807,212.6,5,0.1479
software,host,0,fp256,32,fma,65536,564.2654,1772216,226.8,4,0.1479
device,host,1,fp256,32,abs,65536,50.2179,19913201,1274.4,44,0.1448
device,host,1,fp256,32,neg,65536,50.7273,19713251,1261.6,38,0.1263
device,host,1,fp256,32,copysign,65536,50.8349,19671525,1888.5,38,0.1266
device,host,1,fp256,32,min,65536,50.8946,19648468,1886.3,38,0.1267
device,host,1,fp256,32,max,65536,50.7576,19701490,1891.3,38,0.1264
device,host,1,fp256,32,minnum,65536,50.6717,19734889,1894.5,38,0.1262
device,host,1,fp256,32,maxnum,65536,50.8561,19663340,1887.7,38,0.1267
device,host,1,fp256,32,cmplt,65536,50.7106,19719751,1893.1,40,0.1329
device,host,1,fp256,32,cmple,65536,50.5566,19779824,1898.9,38,0.1259
device,host,1,fp256,32,cmpeq,65536,48.1109,20785312,1995.4,39,0.1230
device,host,1,fp256,32,select,65536,46.7846,21374538,2735.9,40,0.1226
device,host,1,fp256,32,iand,65536,47.2176,21178549,2033.1,41,0.1269
device,host,1,fp256,32,ior,65536,49.7082,20117398,1931.3,40,0.1303
device,host,1,fp256,32,ixor,65536,50.7214,19715529,1892.7,38,0.1263
device,host,1,fp256,32,iadd,65536,50.6980,19724640,1893.6,38,0.1263
device,host,1,fp256,32,isub,65536,50.7516,19703825,1891.6,38,0.1264
device,host,1,fp256,32,ishl,65536,50.8526,19664688,1887.8,38,0.1266
device,host,1,fp256,32,ishr,65536,50.8384,19670155,1888.3,38,0.1266
device,host,1,fp256,32,icmplt,65536,50.7674,19697676,1891.0,38,0.1264
device,host,1,fp256,32,add,65536,50.6904,19727588,1893.8,38,0.1262
device,host,1,fp256,32,sub,65536,50.7557,19702203,1891.4,38,0.1264
device,host,1,fp256,32,mul,65536,50.8460,19667216,1888.1,38,0.1266
device,host,1,fp256,32,fma,65536,50.8376,19670467,2517.8,38,0.1266
device,resident,1,fp256,32,abs,65536,11.0763,90283157,5778.1,176,0.1278
device,resident,1,fp256,32,neg,65536,10.8583,92095677,5894.1,172,0.1224
device,resident,1,fp256,32,copysign,65536,10.8963,91773884,8810.3,178,0.1271
device,resident,1,fp256,32,min,65536,11.0481,90513657,8689.3,175,0.1267
device,resident,1,fp256,32,max,65536,11.0926,90150130,8654.4,172,0.1250
device,resident,1,fp256,32,minnum,65536,11.0127,90803932,8717.2,173,0.1249
device,resident,1,fp256,32,maxnum,65536,11.0052,90866149,8723.2,174,0.1255
device,resident,1,fp256,32,cmplt,65536,11.0061,90858958,8722.5,174,0.1255
device,resident,1,fp256,32,cmple,65536,10.9919,90975938,8733.7,174,0.1253
device,resident,1,fp256,32,cmpeq,65536,10.9934,90963454,8732.5,174,0.1254
device,resident,1,fp256,32,select,65536,10.9836,91044779,11653.7,174,0.1252
device,resident,1,fp256,32,iand,65536,11.0253,90700878,8707.3,175,0.1264
device,resident,1,fp256,32,ior,65536,10.8194,92426619,8873.0,175,0.1241
device,resident,1,fp256,32,ixor,65536,10.9616,91227162,8757.8,173,0.1243
device,resident,1,fp256,32,iadd,65536,10.9924,90971881,8733.3,174,0.1253
device,resident,1,fp256,32,isub,65536,11.0154,90782363,8715.1,174,0.1256
device,resident,1,fp256,32,ishl,65536,11.0346,90624406,8699.9,174,0.1258
device,resident,1,fp256,32,ishr,65536,11.0058,90861142,8722.7,174,0.1255
device,resident,1,fp256,32,icmplt,65536,11.0144,90790565,8715.9,174,0.1256
device,resident,1,fp256,32,add,65536,10.9977,90927976,8729.1,173,0.1247
device,resident,1,fp256,32,sub,65536,10.9948,90952412,8731.4,174,0.1254
device,resident,1,fp256,32,mul,65536,10.9999,90909967,8727.4,174,0.1254
device,resident,1,fp256,32,fma,65536,11.0005,90904916,11635.8,173,0.1247
device,host,4,fp256,32,abs,65536,37.4374,26711278,1709.5,63,0.1546
device,host,4,fp256,32,neg,65536,48.0047,20831279,1333.2,44,0.1384
device,host,4,fp256,32,copysign,65536,48.3334,20689611,1986.2,40,0.1267
device,host,4,fp256,32,min,65536,48.3223,20694376,1986.7,40,0.1267
device,host,4,fp256,32,max,65536,48.3159,20697113,1986.9,40,0.1267
device,host,4,fp256,32,minnum,65536,48.3006,20703670,1987.6,40,0.1266
device,host,4,fp256,32,maxnum,65536,48.3323,20690114,1986.3,40,0.1267
device,host,4,fp256,32,cmplt,65536,48.6352,20561257,1973.9,40,0.1275
device,host,4,fp256,32,cmple,65536,46.3159,21590869,2072.7,41,0.1244
device,host,4,fp256,32,cmpeq,65536,46.0897,21696802,2082.9,42,0.1269
device,host,4,fp256,32,select,65536,46.1072,21688572,2776.1,42,0.1269
device,host,4,fp256,32,iand,65536,46.0699,21706146,2083.8,42,0.1268
device,host,4,fp256,32,ior,65536,46.0815,21700679,2083.3,42,0.1268
device,host,4,fp256,32,ixor,65536,46.0710,21705630,2083.7,42,0.1268
device,host,4,fp256,32,iadd,65536,46.0444,21718155,2084.9,42,0.1267
device,host,4,fp256,32,isub,65536,46.0594,21711091,2084.3,42,0.1268
device,host,4,fp256,32,ishl,65536,46.0449,21717947,2084.9,42,0.1267
device,host,4,fp256,32,ishr,65536,46.0692,21706482,2083.8,42,0.1268
device,host,4,fp256,32,icmplt,65536,46.0772,21702697,2083.5,42,0.1268
device,host,4,fp256,32,add,65536,46.0714,21705449,2083.7,42,0.1268
device,host,4,fp256,32,sub,65536,46.0332,21723440,2085.5,42,0.1267
device,host,4,fp256,32,mul,65536,46.0327,21723687,2085.5,42,0.1267
device,host,4,fp256,32,fma,65536,46.0960,21693835,2776.8,42,0.1269
device,resident,4,fp256,32,abs,65536,3.4411,290601472,18598.5,572,0.1290
device,resident,4,fp256,32,neg,65536,3.5140,284579056,18213.1,545,0.1255
device,resident,4,fp256,32,copysign,65536,3.4786,287468043,27596.9,544,0.1240
device,resident,4,fp256,32,min,65536,3.4325,291334369,27968.1,551,0.1239
device,resident,4,fp256,32,max,65536,3.3658,297108506,28522.4,555,0.1224
device,resident,4,fp256,32,minnum,65536,3.3173,301448005,28939.0,577,0.1254
device,resident,4,fp256,32,maxnum,65536,3.3231,300927698,28889.1,575,0.1252
device,resident,4,fp256,32,cmplt,65536,3.3142,301733759,28966.4,573,0.1245
device,resident,4,fp256,32,cmple,65536,3.3217,301052692,28901.1,576,0.1254
device,resident,4,fp256,32,cmpeq,65536,3.3110,302019756,28993.9,578,0.1254
device,resident,4,fp256,32,select,65536,3.3089,302213568,38683.3,577,0.1251
device,resident,4,fp256,32,iand,65536,3.2910,303860324,29170.6,580,0.1251
device,resident,4,fp256,32,ior,65536,3.2882,304118262,29195.4,579,0.1248
device,resident,4,fp256,32,ixor,65536,3.2870,304231731,29206.2,582,0.1254
device,resident,4,fp256,32,iadd,65536,3.2895,303994553,29183.5,580,0.1250
device,resident,4,fp256,32,isub,65536,3.3812,295750671,28392.1,580,0.1285
device,resident,4,fp256,32,ishl,65536,3.4303,291516801,27985.6,556,0.1250
device,resident,4,fp256,32,ishr,65536,3.4355,291075414,27943.2,556,0.1252
device,resident,4,fp256,32,icmplt,65536,3.4295,291587072,27992.4,556,0.1250
device,resident,4,fp256,32,add,65536,3.4334,291257410,27960.7,556,0.1251
device,resident,4,fp256,32,sub,65536,3.4123,293054903,28133.3,557,0.1246
device,resident,4,fp256,32,mul,65536,3.3941,294631118,28284.6,563,0.1252
device,resident,4,fp256,32,fma,65536,3.3910,294899020,37747.1,561,0.1247
software,host,0,fp256,32,abs,131072,149.1244,6705810,429.2,7,0.1368
software,host,0,fp256,32,neg,131072,155.3013,6439097,412.1,7,0.1425
software,host,0,fp256,32,copysign,131072,155.8489,6416471,616.0,7,0.1430
software,host,0,fp256,32,min,131072,193.7220,5162036,495.6,5,0.1270
software,host,0,fp256,32,max,131072,193.5878,5165614,495.9,5,0.1269
software,host,0,fp256,32,minnum,131072,194.2978,5146739,494.1,5,0.1273
software,host,0,fp256,32,maxnum,131072,195.3698,5118499,491.4,5,0.1280
software,host,0,fp256,32,cmplt,131072,229.4344,4358545,418.4,5,0.1504
software,host,0,fp256,32,cmple,131072,231.0603,4327875,415.5,5,0.1514
software,host,0,fp256,32,cmpeq,131072,196.0810,5099934,489.6,5,0.1285
software,host,0,fp256,32,select,131072,152.7056,6548550,838.2,7,0.1401
software,host,0,fp256,32,iand,131072,150.3517,6651074,638.5,7,0.1379
software,host,0,fp256,32,ior,131072,152.2443,6568392,630.6,7,0.1397
software,host,0,fp256,32,ixor,131072,151.6798,6592838,632.9,7,0.1392
software,host,0,fp256,32,iadd,131072,157.6452,6343359,609.0,7,0.1446
software,host,0,fp256,32,isub,131072,168.1855,5945815,570.8,6,0.1323
software,host,0,fp256,32,ishl,131072,194.8562,5131990,492.7,5,0.1277
software,host,0,fp256,32,ishr,131072,154.8336,6458547,620.0,7,0.1421
software,host,0,fp256,32,icmplt,131072,168.9540,5918772,568.2,6,0.1329
software,host,0,fp256,32,add,131072,646.5678,1546628,148.5,2,0.1695
software,host,0,fp256,32,sub,131072,677.7048,1475569,141.7,2,0.1777
software,host,0,fp256,32,mul,131072,504.5046,1982142,190.3,3,0.1984
software,host,0,fp256,32,fma,131072,578.8306,1727621,221.1,2,0.1517
device,host,1,fp256,32,abs,131072,47.2547,21161921,1354.4,23,0.1425
device,host,1,fp256,32,neg,131072,47.6934,20967246,1341.9,21,0.1313
device,host,1,fp256,32,copysign,131072,47.6201,20999547,2016.0,21,0.1311
device,host,1,fp256,32,min,131072,47.7025,20963282,2012.5,21,0.1313
device,host,1,fp256,32,max,131072,47.6829,20971875,2013.3,21,0.1312
device,host,1,fp256,32,minnum,131072,47.6722,20976595,2013.8,20,0.1250
device,host,1,fp256,32,maxnum,131072,47.7400,20946809,2010.9,21,0.1314
device,host,1,fp256,32,cmplt,131072,47.6405,20990553,2015.1,20,0.1249
device,host,1,fp256,32,cmple,131072,47.6325,20994066,2015.4,20,0.1249
device,host,1,fp256,32,cmpeq,131072,47.6267,20996606,2015.7,20,0.1249
device,host,1,fp256,32,select,131072,47.6930,20967446,2683.8,21,0.1313
device,host,1,fp256,32,iand,131072,47.6402,20990681,2015.1,21,0.1311
device,host,1,fp256,32,ior,131072,47.7115,20959299,2012.1,21,0.1313
device,host,1,fp256,32,ixor,131072,47.5449,21032763,2019.1,21,0.1309
device,host,1,fp256,32,iadd,131072,47.6902,20968659,2013.0,20,0.1250
device,host,1,fp256,32,isub,131072,47.6811,20972675,2013.4,20,0.1250
device,host,1,fp256,32,ishl,131072,47.7161,20957301,2011.9,21,0.1313
device,host,1,fp256,32,ishr,131072,47.5956,21010325,2017.0,21,0.1310
device,host,1,fp256,32,icmplt,131072,47.7114,20959350,2012.1,21,0.1313
device,host,1,fp256,32,add,131072,47.6215,20998915,2015.9,20,0.1248
device,host,1,fp256,32,sub,131072,47.6724,20976484,2013.7,20,0.1250
device,host,1,fp256,32,mul,131072,47.7121,20959033,2012.1,21,0.1313
device,host,1,fp256,32,fma,131072,47.5944,21010888,2689.4,21,0.1310
device,resident,1,fp256,32,abs,131072,10.0630,99373499,6359.9,96,0.1266
device,resident,1,fp256,32,neg,131072,10.0785,99221425,6350.2,96,0.1268
device,resident,1,fp256,32,copysign,131072,10.0821,99185492,9521.8,95,0.1255
device,resident,1,fp256,32,min,131072,10.2019,98021002,9410.0,94,0.1257
device,resident,1,fp256,32,max,131072,10.1704,98324312,9439.1,94,0.1253
device,resident,1,fp256,32,minnum,131072,10.1752,98277796,9434.7,94,0.1254
device,resident,1,fp256,32,maxnum,131072,10.1689,98339511,9440.6,94,0.1253
device,resident,1,fp256,32,cmplt,131072,10.1719,98310271,9437.8,95,0.1267
device,resident,1,fp256,32,cmple,131072,10.1745,98285384,9435.4,94,0.1254
device,resident,1,fp256,32,cmpeq,131072,10.1736,98293832,9436.2,94,0.1253
device,resident,1,fp256,32,select,131072,10.1731,98298127,12582.2,94,0.1253
device,resident,1,fp256,32,iand,131072,10.1716,98312483,9438.0,94,0.1253
device,resident,1,fp256,32,ior,131072,10.1734,98295263,9436.3,95,0.1267
device,resident,1,fp256,32,ixor,131072,10.1719,98309788,9437.7,94,0.1253
device,resident,1,fp256,32,iadd,131072,10.1712,98316565,9438.4,94,0.1253
device,resident,1,fp256,32,isub,131072,10.1717,98311704,9437.9,94,0.1253
device,resident,1,fp256,32,ishl,131072,10.1737,98292999,9436.1,94,0.1253
device,resident,1,fp256,32,ishr,131072,10.1718,98311025,9437.9,94,0.1253
device,resident,1,fp256,32,icmplt,131072,10.1717,98311539,9437.9,95,0.1267
device,resident,1,fp256,32,add,131072,10.1715,98313658,9438.1,94,0.1253
device,resident,1,fp256,32,sub,131072,10.1739,98290912,9435.9,94,0.1254
device,resident,1,fp256,32,mul,131072,10.1760,98270340,9434.0,94,0.1254
device,resident,1,fp256,32,fma,131072,10.1737,98292202,12581.4,94,0.1253
device,host,4,fp256,32,abs,131072,39.2305,25490397,1631.4,33,0.1697
device,host,4,fp256,32,neg,131072,43.1806,23158563,1482.1,22,0.1245
device,host,4,fp256,32,copysign,131072,43.6365,22916597,2200.0,23,0.1315
device,host,4,fp256,32,min,131072,45.4862,21984685,2110.5,22,0.1312
device,host,4,fp256,32,max,131072,44.7936,22324624,2143.2,22,0.1292
device,host,4,fp256,32,minnum,131072,44.5487,22447327,2154.9,22,0.1285
device,host,4,fp256,32,maxnum,131072,44.4108,22517030,2161.6,22,0.1281
device,host,4,fp256,32,cmplt,131072,44.2130,22617798,2171.3,22,0.1275
device,host,4,fp256,32,cmple,131072,44.2925,22577184,2167.4,22,0.1277
device,host,4,fp256,32,cmpeq,131072,44.2192,22614594,2171.0,22,0.1275
device,host,4,fp256,32,select,131072,44.2164,22616034,2894.9,22,0.1275
device,host,4,fp256,32,iand,131072,44.2562,22595686,2169.2,22,0.1276
device,host,4,fp256,32,ior,131072,44.2684,22589460,2168.6,22,0.1277
device,host,4,fp256,32,ixor,131072,44.2759,22585650,2168.2,22,0.1277
device,host,4,fp256,32,iadd,131072,44.6666,22388097,2149.3,22,0.1288
device,host,4,fp256,32,isub,131072,45.5751,21941790,2106.4,22,0.1314
device,host,4,fp256,32,ishl,131072,47.5845,21015234,2017.5,21,0.1310
device,host,4,fp256,32,ishr,131072,42.9225,23297823,2236.6,22,0.1238
device,host,4,fp256,32,icmplt,131072,44.2172,22615649,2171.1,22,0.1275
device,host,4,fp256,32,add,131072,42.1155,23744224,2279.4,23,0.1270
device,host,4,fp256,32,sub,131072,42.3551,23609928,2266.6,23,0.1277
device,host,4,fp256,32,mul,131072,41.4431,24129456,2316.4,23,0.1249
device,host,4,fp256,32,fma,131072,41.9377,23844921,3052.1,23,0.1264
device,resident,4,fp256,32,abs,131072,3.1814,314323909,20116.7,319,0.1330
device,resident,4,fp256,32,neg,131072,3.1979,312707402,20013.3,299,0.1253
device,resident,4,fp256,32,copysign,131072,3.1770,314763594,30217.3,299,0.1245
device,resident,4,fp256,32,min,131072,3.2115,311376568,29892.2,298,0.1254
device,resident,4,fp256,32,max,131072,3.1388,318596367,30585.3,299,0.1230
device,resident,4,fp256,32,minnum,131072,3.1559,316863030,30418.9,313,0.1295
device,resident,4,fp256,32,maxnum,131072,3.1995,312549143,30004.7,299,0.1254
device,resident,4,fp256,32,cmplt,131072,3.2125,311280897,29883.0,298,0.1255
device,resident,4,fp256,32,cmple,131072,3.2001,312489341,29999.0,300,0.1258
device,resident,4,fp256,32,cmpeq,131072,3.1800,314464472,30188.6,298,0.1242
device,resident,4,fp256,32,select,131072,3.1585,316609667,40526.0,300,0.1242
device,resident,4,fp256,32,iand,131072,3.2100,311530523,29906.9,299,0.1258
device,resident,4,fp256,32,ior,131072,3.2777,305094601,29289.1,290,0.1246
device,resident,4,fp256,32,ixor,131072,3.2616,306599578,29433.6,296,0.1265
device,resident,4,fp256,32,iadd,131072,3.1078,321772574,30890.2,293,0.1194
device,resident,4,fp256,32,isub,131072,3.2326,309349224,29697.5,306,0.1297
device,resident,4,fp256,32,ishl,131072,3.2548,307235728,29494.6,298,0.1271
device,resident,4,fp256,32,ishr,131072,3.2505,307647162,29534.1,297,0.1265
device,resident,4,fp256,32,icmplt,131072,3.2697,305836493,29360.3,292,0.1251
device,resident,4,fp256,32,add,131072,3.2556,307163248,29487.7,293,0.1250
device,resident,4,fp256,32,sub,131072,3.2572,307011409,29473.1,295,0.1259
device,resident,4,fp256,32,mul,131072,3.2446,308201188,29587.3,293,0.1246
device,resident,4,fp256,32,fma,131072,3.2360,309024046,39555.1,292,0.1239
software,host,0,fp256,32,abs,262144,160.7272,6221721,398.2,3,0.1264
software,host,0,fp256,32,neg,262144,167.2162,5980282,382.7,3,0.1315
software,host,0,fp256,32,copysign,262144,179.9950,5555711,533.3,3,0.1416
software,host,0,fp256,32,min,262144,193.9576,5155766,495.0,3,0.1525
software,host,0,fp256,32,max,262144,193.9467,5156057,495.0,3,0.1525
software,host,0,fp256,32,minnum,262144,193.5842,5165711,495.9,3,0.1522
software,host,0,fp256,32,maxnum,262144,195.8551,5105816,490.2,3,0.1540
software,host,0,fp256,32,cmplt,262144,229.2922,4361248,418.7,3,0.1803
software,host,0,fp256,32,cmple,262144,229.8362,4350925,417.7,3,0.1808
software,host,0,fp256,32,cmpeq,262144,196.3569,5092768,488.9,3,0.1544
software,host,0,fp256,32,select,262144,151.7889,6588098,843.3,4,0.1592
software,host,0,fp256,32,iand,262144,149.8075,6675235,640.8,4,0.1571
software,host,0,fp256,32,ior,262144,152.3527,6563716,630.1,4,0.1598
software,host,0,fp256,32,ixor,262144,151.8000,6587616,632.4,4,0.1592
software,host,0,fp256,32,iadd,262144,157.5838,6345828,609.2,4,0.1652
software,host,0,fp256,32,isub,262144,168.5077,5934448,569.7,3,0.1325
software,host,0,fp256,32,ishl,262144,196.6230,5085874,488.2,3,0.1546
software,host,0,fp256,32,ishr,262144,154.7195,6463310,620.5,4,0.1622
software,host,0,fp256,32,icmplt,262144,168.4816,5935365,569.8,3,0.1325
software,host,0,fp256,32,add,262144,652.2607,1533129,147.2,1,0.1710
software,host,0,fp256,32,sub,262144,663.0010,1508293,144.8,1,0.1738
software,host,0,fp256,32,mul,262144,451.9708,2212532,212.4,1,0.1185
software,host,0,fp256,32,fma,262144,564.8787,1770292,226.6,1,0.1481
device,host,1,fp256,32,abs,262144,41.6912,23985902,1535.1,14,0.1530
device,host,1,fp256,32,neg,262144,43.1169,23192745,1484.3,12,0.1356
device,host,1,fp256,32,copysign,262144,43.0651,23220678,2229.2,12,0.1355
device,host,1,fp256,32,min,262144,43.0361,23236303,2230.7,12,0.1354
device,host,1,fp256,32,max,262144,43.0182,23245972,2231.6,12,0.1353
device,host,1,fp256,32,minnum,262144,43.1959,23150346,2222.4,12,0.1359
device,host,1,fp256,32,maxnum,262144,43.1489,23175582,2224.9,12,0.1357
device,host,1,fp256,32,cmplt,262144,42.9589,23278066,2234.7,12,0.1351
device,host,1,fp256,32,cmple,262144,43.0794,23212940,2228.4,12,0.1355
device,host,1,fp256,32,cmpeq,262144,43.0857,23209570,2228.1,12,0.1355
device,host,1,fp256,32,select,262144,43.0931,23205573,2970.3,12,0.1356
device,host,1,fp256,32,iand,262144,43.0595,23223697,2229.5,12,0.1355
device,host,1,fp256,32,ior,262144,43.0490,23229329,2230.0,12,0.1354
device,host,1,fp256,32,ixor,262144,43.0034,23253992,2232.4,12,0.1353
device,host,1,fp256,32,iadd,262144,43.0781,23213648,2228.5,12,0.1355
device,host,1,fp256,32,isub,262144,43.1073,23197937,2227.0,12,0.1356
device,host,1,fp256,32,ishl,262144,43.0583,23224327,2229.5,12,0.1354
device,host,1,fp256,32,ishr,262144,43.0552,23225992,2229.7,12,0.1354
device,host,1,fp256,32,icmplt,262144,43.0411,23233599,2230.4,12,0.1354
device,host,1,fp256,32,add,262144,43.0706,23217716,2228.9,12,0.1355
device,host,1,fp256,32,sub,262144,43.0844,23210275,2228.2,12,0.1355
device,host,1,fp256,32,mul,262144,42.9664,23274026,2234.3,12,0.1352
device,host,1,fp256,32,fma,262144,43.0226,23243591,2975.2,12,0.1353
device,resident,1,fp256,32,abs,262144,9.5756,104432193,6683.7,50,0.1255
device,resident,1,fp256,32,neg,262144,9.5873,104305043,6675.5,50,0.1257
device,resident,1,fp256,32,copysign,262144,9.5938,104233613,10006.4,50,0.1257
device,resident,1,fp256,32,min,262144,9.6130,104025284,9986.4,50,0.1260
device,resident,1,fp256,32,max,262144,9.6076,104084528,9992.1,50,0.1259
device,resident,1,fp256,32,minnum,262144,9.6231,103916828,9976.0,50,0.1261
device,resident,1,fp256,32,maxnum,262144,9.5977,104192018,10002.4,50,0.1258
device,resident,1,fp256,32,cmplt,262144,9.6049,104113835,9994.9,50,0.1259
device,resident,1,fp256,32,cmple,262144,9.5960,104209895,10004.1,50,0.1258
device,resident,1,fp256,32,cmpeq,262144,9.6050,104112261,9994.8,50,0.1259
device,resident,1,fp256,32,select,262144,9.6093,104066035,13320.5,50,0.1260
device,resident,1,fp256,32,iand,262144,9.6065,104095780,9993.2,51,0.1284
device,resident,1,fp256,32,ior,262144,9.6181,103970515,9981.2,50,0.1261
device,resident,1,fp256,32,ixor,262144,9.6123,104033158,9987.2,50,0.1260
device,resident,1,fp256,32,iadd,262144,9.5979,104189043,10002.1,50,0.1258
device,resident,1,fp256,32,isub,262144,9.6192,103958517,9980.0,50,0.1261
device,resident,1,fp256,32,ishl,262144,9.6274,103870233,9971.5,50,0.1262
device,resident,1,fp256,32,ishr,262144,9.6692,103420674,9928.4,50,0.1267
device,resident,1,fp256,32,icmplt,262144,9.6957,103138956,9901.3,49,0.1245
device,resident,1,fp256,32,add,262144,9.6876,103224968,9909.6,50,0.1270
device,resident,1,fp256,32,sub,262144,9.6921,103176534,9904.9,50,0.1270
device,resident,1,fp256,32,mul,262144,9.6892,103207801,9907.9,50,0.1270
device,resident,1,fp256,32,fma,262144,9.6918,103179511,13207.0,50,0.1270
device,host,4,fp256,32,abs,262144,44.8461,22298463,1427.1,13,0.1528
device,host,4,fp256,32,neg,262144,50.5486,19782957,1266.1,10,0.1325
device,host,4,fp256,32,copysign,262144,51.2040,19529716,1874.9,10,0.1342
device,host,4,fp256,32,min,262144,52.5203,19040244,1827.9,10,0.1377
device,host,4,fp256,32,max,262144,51.3045,19491477,1871.2,10,0.1345
device,host,4,fp256,32,minnum,262144,52.1099,19190219,1842.3,10,0.1366
device,host,4,fp256,32,maxnum,262144,52.0749,19203106,1843.5,9,0.1229
device,host,4,fp256,32,cmplt,262144,53.6710,18632049,1788.7,9,0.1266
device,host,4,fp256,32,cmple,262144,51.0729,19579841,1879.7,10,0.1339
device,host,4,fp256,32,cmpeq,262144,52.4905,19051056,1828.9,10,0.1376
device,host,4,fp256,32,select,262144,51.9101,19264076,2465.8,9,0.1225
device,host,4,fp256,32,iand,262144,51.6451,19362931,1858.8,10,0.1354
device,host,4,fp256,32,ior,262144,52.0286,19220187,1845.1,10,0.1364
device,host,4,fp256,32,ixor,262144,53.4182,18720202,1797.1,9,0.1260
device,host,4,fp256,32,iadd,262144,51.9637,19244186,1847.4,9,0.1226
device,host,4,fp256,32,isub,262144,51.0323,19595421,1881.2,10,0.1338
device,host,4,fp256,32,ishl,262144,52.0271,19220767,1845.2,10,0.1364
device,host,4,fp256,32,ishr,262144,52.2337,19144740,1837.9,10,0.1369
device,host,4,fp256,32,icmplt,262144,50.9744,19617683,1883.3,10,0.1336
device,host,4,fp256,32,add,262144,51.2741,19503034,1872.3,9,0.1210
device,host,4,fp256,32,sub,262144,50.8734,19656629,1887.0,10,0.1334
device,host,4,fp256,32,mul,262144,51.7594,19320156,1854.7,10,0.1357
device,host,4,fp256,32,fma,262144,51.6984,19342942,2475.9,9,0.1220
device,resident,4,fp256,32,abs,262144,2.7748,360382112,23064.5,179,0.1302
device,resident,4,fp256,32,neg,262144,2.8097,355907131,22778.1,170,0.1252
device,resident,4,fp256,32,copysign,262144,2.7593,362404740,34790.9,173,0.1251
device,resident,4,fp256,32,min,262144,2.7615,362116096,34763.1,174,0.1260
device,resident,4,fp256,32,max,262144,2.7610,362185935,34769.8,174,0.1259
device,resident,4,fp256,32,minnum,262144,2.7626,361983390,34750.4,174,0.1260
device,resident,4,fp256,32,maxnum,262144,2.7633,361888369,34741.3,174,0.1260
device,resident,4,fp256,32,cmplt,262144,2.7598,362340437,34784.7,174,0.1259
device,resident,4,fp256,32,cmple,262144,2.7601,362299417,34780.7,174,0.1259
device,resident,4,fp256,32,cmpeq,262144,2.7588,362479161,34798.0,174,0.1258
device,resident,4,fp256,32,select,262144,2.7565,362773548,46435.0,174,0.1257
device,resident,4,fp256,32,iand,262144,2.7562,362824474,34831.1,175,0.1264
device,resident,4,fp256,32,ior,262144,2.7560,362846831,34833.3,174,0.1257
device,resident,4,fp256,32,ixor,262144,2.7547,363018659,34849.8,174,0.1256
device,resident,4,fp256,32,iadd,262144,2.7646,361715323,34724.7,174,0.1261
device,resident,4,fp256,32,isub,262144,2.7538,363134695,34860.9,174,0.1256
device,resident,4,fp256,32,ishl,262144,2.7602,362295929,34780.4,174,0.1259
device,resident,4,fp256,32,ishr,262144,2.7606,362237312,34774.8,174,0.1259
device,resident,4,fp256,32,icmplt,262144,2.7666,361460539,34700.2,174,0.1262
device,resident,4,fp256,32,add,262144,2.7598,362350025,34785.6,174,0.1259
device,resident,4,fp256,32,sub,262144,2.7556,362903067,34838.7,174,0.1257
device,resident,4,fp256,32,mul,262144,2.7543,363072648,34855.0,174,0.1256
device,resident,4,fp256,32,fma,262144,2.7588,362473532,46396.6,174,0.1258
software,host,0,fp256,32,abs,524288,156.3296,6396741,409.4,2,0.1639
software,host,0,fp256,32,neg,524288,158.5402,6307550,403.7,2,0.1662
software,host,0,fp256,32,copysign,524288,155.1963,6443453,618.6,2,0.1627
software,host,0,fp256,32,min,524288,193.5794,5165839,495.9,1,0.1015
software,host,0,fp256,32,max,524288,193.5311,5167129,496.0,1,0.1015
software,host,0,fp256,32,minnum,524288,194.7291,5135339,493.0,1,0.1021
software,host,0,fp256,32,maxnum,524288,193.4100,5170364,496.4,1,0.1014
software,host,0,fp256,32,cmplt,524288,228.5045,4376281,420.1,1,0.1198
software,host,0,fp256,32,cmple,524288,229.9406,4348950,417.5,1,0.1206
software,host,0,fp256,32,cmpeq,524288,195.6538,5111068,490.7,1,0.1026
software,host,0,fp256,32,select,524288,152.2079,6569962,841.0,2,0.1596
software,host,0,fp256,32,iand,524288,149.5735,6685676,641.8,2,0.1568
software,host,0,fp256,32,ior,524288,152.1831,6571030,630.8,2,0.1596
software,host,0,fp256,32,ixor,524288,151.5220,6599704,633.6,2,0.1589
software,host,0,fp256,32,iadd,524288,157.6402,6343558,609.0,2,0.1653
software,host,0,fp256,32,isub,524288,168.6870,5928140,569.1,2,0.1769
software,host,0,fp256,32,ishl,524288,196.1506,5098123,489.4,1,0.1028
software,host,0,fp256,32,ishr,524288,155.3245,6438135,618.1,2,0.1629
software,host,0,fp256,32,icmplt,524288,169.0750,5914535,567.8,2,0.1773
software,host,0,fp256,32,add,524288,647.2867,1544910,148.3,1,0.3394
software,host,0,fp256,32,sub,524288,662.4693,1509504,144.9,1,0.3473
software,host,0,fp256,32,mul,524288,451.7504,2213612,212.5,1,0.2368
software,host,0,fp256,32,fma,524288,565.9772,1766856,226.2,1,0.2967
device,host,1,fp256,32,abs,524288,41.2518,24241369,1551.4,7,0.1514
device,host,1,fp256,32,neg,524288,44.0384,22707435,1453.3,6,0.1385
device,host,1,fp256,32,copysign,524288,43.9148,22771364,2186.1,6,0.1381
device,host,1,fp256,32,min,524288,44.0128,22720679,2181.2,6,0.1385
device,host,1,fp256,32,max,524288,44.6034,22419840,2152.3,6,0.1403
device,host,1,fp256,32,minnum,524288,44.6327,22405074,2150.9,6,0.1404
device,host,1,fp256,32,maxnum,524288,44.7913,22325788,2143.3,6,0.1409
device,host,1,fp256,32,cmplt,524288,44.3928,22526195,2162.5,6,0.1396
device,host,1,fp256,32,cmple,524288,44.5585,22442411,2154.5,6,0.1402
device,host,1,fp256,32,cmpeq,524288,44.7190,22361871,2146.7,6,0.1407
device,host,1,fp256,32,select,524288,45.0737,22185878,2839.8,6,0.1418
device,host,1,fp256,32,iand,524288,44.4694,22487394,2158.8,6,0.1399
device,host,1,fp256,32,ior,524288,44.6963,22373217,2147.8,6,0.1406
device,host,1,fp256,32,ixor,524288,44.7242,22359284,2146.5,6,0.1407
device,host,1,fp256,32,iadd,524288,44.6278,22407542,2151.1,6,0.1404
device,host,1,fp256,32,isub,524288,44.6078,22417607,2152.1,6,0.1403
device,host,1,fp256,32,ishl,524288,44.5523,22445526,2154.8,6,0.1401
device,host,1,fp256,32,ishr,524288,44.6489,22396953,2150.1,6,0.1405
device,host,1,fp256,32,icmplt,524288,44.8454,22298818,2140.7,6,0.1411
device,host,1,fp256,32,add,524288,44.9490,22247435,2135.8,6,0.1414
device,host,1,fp256,32,sub,524288,44.7946,22324126,2143.1,6,0.1409
device,host,1,fp256,32,mul,524288,44.8139,22314502,2142.2,6,0.1410
device,host,1,fp256,32,fma,524288,44.5677,22437761,2872.0,6,0.1402
device,resident,1,fp256,32,abs,524288,9.4672,105627838,6760.2,26,0.1291
device,resident,1,fp256,32,neg,524288,9.4872,105404824,6745.9,26,0.1293
device,resident,1,fp256,32,copysign,524288,9.4763,105526866,10130.6,26,0.1292
device,resident,1,fp256,32,min,524288,9.4944,105324735,10111.2,26,0.1294
device,resident,1,fp256,32,max,524288,9.4895,105379496,10116.4,26,0.1294
device,resident,1,fp256,32,minnum,524288,9.4803,105482229,10126.3,26,0.1292
device,resident,1,fp256,32,maxnum,524288,9.4870,105407215,10119.1,26,0.1293
device,resident,1,fp256,32,cmplt,524288,9.4842,105438279,10122.1,26,0.1293
device,resident,1,fp256,32,cmple,524288,9.4872,105405030,10118.9,26,0.1293
device,resident,1,fp256,32,cmpeq,524288,9.4934,105336618,10112.3,26,0.1294
device,resident,1,fp256,32,select,524288,9.4789,105497479,13503.7,26,0.1292
device,resident,1,fp256,32,iand,524288,9.4905,105368109,10115.3,26,0.1294
device,resident,1,fp256,32,ior,524288,9.4813,105470993,10125.2,26,0.1292
device,resident,1,fp256,32,ixor,524288,9.4772,105516727,10129.6,26,0.1292
device,resident,1,fp256,32,iadd,524288,9.4807,105477355,10125.8,26,0.1292
device,resident,1,fp256,32,isub,524288,9.4831,105450292,10123.2,26,0.1293
device,resident,1,fp256,32,ishl,524288,9.4885,105391166,10117.6,26,0.1293
device,resident,1,fp256,32,ishr,524288,9.4811,105472961,10125.4,26,0.1292
device,resident,1,fp256,32,icmplt,524288,9.4845,105435595,10121.8,26,0.1293
device,resident,1,fp256,32,add,524288,9.4817,105466009,10124.7,26,0.1293
device,resident,1,fp256,32,sub,524288,9.4856,105422860,10120.6,26,0.1293
device,resident,1,fp256,32,mul,524288,9.4780,105507940,10128.8,26,0.1292
device,resident,1,fp256,32,fma,524288,9.4794,105491795,13502.9,26,0.1292
device,host,4,fp256,32,abs,524288,45.4748,21990178,1407.4,6,0.1431
device,host,4,fp256,32,neg,524288,52.8024,18938537,1212.1,5,0.1384
device,host,4,fp256,32,copysign,524288,53.6530,18638290,1789.3,5,0.1406
device,host,4,fp256,32,min,524288,53.9946,18520375,1778.0,5,0.1415
device,host,4,fp256,32,max,524288,54.4149,18377336,1764.2,5,0.1426
device,host,4,fp256,32,minnum,524288,53.9742,18527379,1778.6,5,0.1415
device,host,4,fp256,32,maxnum,524288,54.1429,18469648,1773.1,5,0.1419
device,host,4,fp256,32,cmplt,524288,54.3599,18395913,1766.0,5,0.1425
device,host,4,fp256,32,cmple,524288,54.1158,18478904,1774.0,5,0.1419
device,host,4,fp256,32,cmpeq,524288,54.4559,18363470,1762.9,5,0.1428
device,host,4,fp256,32,select,524288,54.2903,18419511,2357.7,5,0.1423
device,host,4,fp256,32,iand,524288,54.2738,18425091,1768.8,5,0.1423
device,host,4,fp256,32,ior,524288,54.2871,18420589,1768.4,5,0.1423
device,host,4,fp256,32,ixor,524288,54.4807,18355116,1762.1,5,0.1428
device,host,4,fp256,32,iadd,524288,54.1413,18470177,1773.1,5,0.1419
device,host,4,fp256,32,isub,524288,54.0111,18514715,1777.4,5,0.1416
device,host,4,fp256,32,ishl,524288,54.0506,18501197,1776.1,5,0.1417
device,host,4,fp256,32,ishr,524288,54.4214,18375137,1764.0,5,0.1427
device,host,4,fp256,32,icmplt,524288,54.1326,18473147,1773.4,5,0.1419
device,host,4,fp256,32,add,524288,54.0414,18504337,1776.4,5,0.1417
device,host,4,fp256,32,sub,524288,53.5862,18661538,1791.5,5,0.1405
device,host,4,fp256,32,mul,524288,54.1374,18471524,1773.3,5,0.1419
device,host,4,fp256,32,fma,524288,53.9851,18523619,2371.0,5,0.1415
device,resident,4,fp256,32,abs,524288,2.5307,395142000,25289.1,97,0.1287
device,resident,4,fp256,32,neg,524288,2.5291,395400395,25305.6,95,0.1260
device,resident,4,fp256,32,copysign,524288,2.5305,395183912,37937.7,95,0.1260
device,resident,4,fp256,32,min,524288,2.5382,393977122,37821.8,95,0.1264
device,resident,4,fp256,32,max,524288,2.5372,394129727,37836.5,95,0.1264
device,resident,4,fp256,32,minnum,524288,2.5361,394305549,37853.3,95,0.1263
device,resident,4,fp256,32,maxnum,524288,2.5429,393251007,37752.1,95,0.1267
device,resident,4,fp256,32,cmplt,524288,2.5440,393087183,37736.4,95,0.1267
device,resident,4,fp256,32,cmple,524288,2.5371,394144461,37837.9,95,0.1264
device,resident,4,fp256,32,cmpeq,524288,2.5425,393312009,37758.0,95,0.1266
device,resident,4,fp256,32,select,524288,2.5428,393261284,50337.4,95,0.1267
device,resident,4,fp256,32,iand,524288,2.5360,394317109,37854.4,95,0.1263
device,resident,4,fp256,32,ior,524288,2.5349,394491845,37871.2,95,0.1263
device,resident,4,fp256,32,ixor,524288,2.5350,394471608,37869.3,95,0.1263
device,resident,4,fp256,32,iadd,524288,2.5387,393906023,37815.0,95,0.1264
device,resident,4,fp256,32,isub,524288,2.5374,394103338,37833.9,95,0.1264
device,resident,4,fp256,32,ishl,524288,2.5410,393541186,37780.0,95,0.1266
device,resident,4,fp256,32,ishr,524288,2.5424,393326069,37759.3,95,0.1266
device,resident,4,fp256,32,icmplt,524288,2.5432,393202530,37747.4,95,0.1267
device,resident,4,fp256,32,add,524288,2.5431,393228007,37749.9,95,0.1267
device,resident,4,fp256,32,sub,524288,2.4881,401919250,38584.2,95,0.1239
device,resident,4,fp256,32,mul,524288,2.5430,393229714,37750.1,95,0.1267
device,resident,4,fp256,32,fma,524288,2.5423,393342106,50347.8,95,0.1266
software,host,0,fp256,32,abs,1048576,159.3878,6274005,401.5,1,0.1671
software,host,0,fp256,32,neg,1048576,157.7570,6338863,405.7,1,0.1654
software,host,0,fp256,32,copysign,1048576,155.1414,6445734,618.8,1,0.1627
software,host,0,fp256,32,min,1048576,194.0496,5153321,494.7,1,0.2035
software,host,0,fp256,32,max,1048576,193.2570,5174456,496.7,1,0.2026
software,host,0,fp256,32,minnum,1048576,193.8727,5158024,495.2,1,0.2033
software,host,0,fp256,32,maxnum,1048576,193.7384,5161598,495.5,1,0.2031
software,host,0,fp256,32,cmplt,1048576,228.8021,4370590,419.6,1,0.2399
software,host,0,fp256,32,cmple,1048576,236.8669,4221780,405.3,1,0.2484
software,host,0,fp256,32,cmpeq,1048576,196.0903,5099692,489.6,1,0.2056
software,host,0,fp256,32,select,1048576,152.6134,6552504,838.7,1,0.1600
software,host,0,fp256,32,iand,1048576,150.1199,6661341,639.5,1,0.1574
software,host,0,fp256,32,ior,1048576,152.2655,6567475,630.5,1,0.1597
software,host,0,fp256,32,ixor,1048576,152.3944,6561922,629.9,1,0.1598
software,host,0,fp256,32,iadd,1048576,157.9295,6331939,607.9,1,0.1656
software,host,0,fp256,32,isub,1048576,168.7359,5926422,568.9,1,0.1769
software,host,0,fp256,32,ishl,1048576,194.0033,5154551,494.8,1,0.2034
software,host,0,fp256,32,ishr,1048576,154.6605,6465774,620.7,1,0.1622
software,host,0,fp256,32,icmplt,1048576,169.5543,5897814,566.2,1,0.1778
software,host,0,fp256,32,add,1048576,648.3594,1542354,148.1,1,0.6799
software,host,0,fp256,32,sub,1048576,661.8065,1511016,145.1,1,0.6940
software,host,0,fp256,32,mul,1048576,453.3344,2205877,211.8,1,0.4754
software,host,0,fp256,32,fma,1048576,566.1876,1766199,226.1,1,0.5937
device,host,1,fp256,32,abs,1048576,37.5704,26616676,1703.5,4,0.1576
device,host,1,fp256,32,neg,1048576,44.9636,22240192,1423.4,3,0.1414
device,host,1,fp256,32,copysign,1048576,44.9283,22257664,2136.7,3,0.1413
device,host,1,fp256,32,min,1048576,44.8521,22295480,2140.4,3,0.1411
device,host,1,fp256,32,max,1048576,44.7511,22345841,2145.2,3,0.1408
device,host,1,fp256,32,minnum,1048576,44.5915,22425780,2152.9,3,0.1403
device,host,1,fp256,32,maxnum,1048576,44.8127,22315109,2142.3,3,0.1410
device,host,1,fp256,32,cmplt,1048576,44.9736,22235250,2134.6,3,0.1415
device,host,1,fp256,32,cmple,1048576,44.7953,22323761,2143.1,3,0.1409
device,host,1,fp256,32,cmpeq,1048576,44.8110,22315933,2142.3,3,0.1410
device,host,1,fp256,32,select,1048576,44.8389,22302057,2854.7,3,0.1411
device,host,1,fp256,32,iand,1048576,44.8357,22303649,2141.2,3,0.1410
device,host,1,fp256,32,ior,1048576,44.8142,22314347,2142.2,3,0.1410
device,host,1,fp256,32,ixor,1048576,44.8818,22280732,2139.0,3,0.1412
device,host,1,fp256,32,iadd,1048576,44.9517,22246103,2135.6,3,0.1414
device,host,1,fp256,32,isub,1048576,45.0259,22209426,2132.1,3,0.1416
device,host,1,fp256,32,ishl,1048576,44.8877,22277813,2138.7,3,0.1412
device,host,1,fp256,32,ishr,1048576,44.7117,22365507,2147.1,3,0.1407
device,host,1,fp256,32,icmplt,1048576,44.9748,22234679,2134.5,3,0.1415
device,host,1,fp256,32,add,1048576,44.8683,22287471,2139.6,3,0.1411
device,host,1,fp256,32,sub,1048576,45.0910,22177353,2129.0,3,0.1418
device,host,1,fp256,32,mul,1048576,44.8050,22318941,2142.6,3,0.1409
device,host,1,fp256,32,fma,1048576,44.8294,22306802,2855.3,3,0.1410
device,resident,1,fp256,32,abs,1048576,9.3448,107011263,6848.7,13,0.1274
device,resident,1,fp256,32,neg,1048576,9.3658,106771112,6833.4,13,0.1277
device,resident,1,fp256,32,copysign,1048576,9.3632,106801441,10252.9,13,0.1276
device,resident,1,fp256,32,min,1048576,9.3611,106825252,10255.2,13,0.1276
device,resident,1,fp256,32,max,1048576,9.3598,106839575,10256.6,13,0.1276
device,resident,1,fp256,32,minnum,1048576,9.3596,106841670,10256.8,13,0.1276
device,resident,1,fp256,32,maxnum,1048576,9.3610,106825821,10255.3,13,0.1276
device,resident,1,fp256,32,cmplt,1048576,9.3571,106870944,10259.6,13,0.1276
device,resident,1,fp256,32,cmple,1048576,9.3603,106834673,10256.1,13,0.1276
device,resident,1,fp256,32,cmpeq,1048576,9.3614,106821966,10254.9,13,0.1276
device,resident,1,fp256,32,select,1048576,9.3603,106834707,13674.8,13,0.1276
device,resident,1,fp256,32,iand,1048576,9.3576,106865004,10259.0,13,0.1276
device,resident,1,fp256,32,ior,1048576,9.3589,106849694,10257.6,13,0.1276
device,resident,1,fp256,32,ixor,1048576,9.3587,106852003,10257.8,13,0.1276
device,resident,1,fp256,32,iadd,1048576,9.3617,106818239,10254.6,13,0.1276
device,resident,1,fp256,32,isub,1048576,9.3573,106868962,10259.4,13,0.1276
device,resident,1,fp256,32,ishl,1048576,9.3593,106846152,10257.2,13,0.1276
device,resident,1,fp256,32,ishr,1048576,9.3595,106843196,10256.9,13,0.1276
device,resident,1,fp256,32,icmplt,1048576,9.3626,106808225,10253.6,13,0.1276
device,resident,1,fp256,32,add,1048576,9.3651,106779950,10250.9,13,0.1277
device,resident,1,fp256,32,sub,1048576,9.3598,106839551,10256.6,13,0.1276
device,resident,1,fp256,32,mul,1048576,9.3606,106830887,10255.8,13,0.1276
device,resident,1,fp256,32,fma,1048576,9.3574,106867631,13679.1,13,0.1276
device,host,4,fp256,32,abs,1048576,32.2991,30960627,1981.5,5,0.1693
device,host,4,fp256,32,neg,1048576,39.1431,25547271,1635.0,4,0.1642
device,host,4,fp256,32,copysign,1048576,38.6232,25891169,2485.6,4,0.1620
device,host,4,fp256,32,min,1048576,38.8252,25756483,2472.6,4,0.1628
device,host,4,fp256,32,max,1048576,38.5978,25908214,2487.2,4,0.1619
device,host,4,fp256,32,minnum,1048576,36.7426,27216363,2612.8,4,0.1541
device,host,4,fp256,32,maxnum,1048576,38.2555,26140026,2509.4,4,0.1605
device,host,4,fp256,32,cmplt,1048576,38.9632,25665257,2463.9,4,0.1634
device,host,4,fp256,32,cmple,1048576,39.7015,25187994,2418.0,4,0.1665
device,host,4,fp256,32,cmpeq,1048576,39.6705,25207620,2419.9,4,0.1664
device,host,4,fp256,32,select,1048576,39.7170,25178125,3222.8,4,0.1666
device,host,4,fp256,32,iand,1048576,39.7129,25180717,2417.3,3,0.1249
device,host,4,fp256,32,ior,1048576,39.6923,25193775,2418.6,4,0.1665
device,host,4,fp256,32,ixor,1048576,39.7072,25184338,2417.7,4,0.1665
device,host,4,fp256,32,iadd,1048576,38.8673,25728565,2469.9,4,0.1630
device,host,4,fp256,32,isub,1048576,39.1881,25517973,2449.7,4,0.1644
device,host,4,fp256,32,ishl,1048576,39.4098,25374408,2435.9,4,0.1653
device,host,4,fp256,32,ishr,1048576,39.2602,25471056,2445.2,4,0.1647
device,host,4,fp256,32,icmplt,1048576,39.4054,25377259,2436.2,4,0.1653
device,host,4,fp256,32,add,1048576,39.5864,25261196,2425.1,4,0.1660
device,host,4,fp256,32,sub,1048576,39.6467,25222800,2421.4,4,0.1663
device,host,4,fp256,32,mul,1048576,39.7632,25148893,2414.3,3,0.1251
device,host,4,fp256,32,fma,1048576,39.6846,25198716,3225.4,4,0.1664
device,resident,4,fp256,32,abs,1048576,2.4233,412660169,26410.3,49,0.1245
device,resident,4,fp256,32,neg,1048576,2.4417,409552058,26211.3,49,0.1255
device,resident,4,fp256,32,copysign,1048576,2.4404,409772177,39338.1,49,0.1254
device,resident,4,fp256,32,min,1048576,2.4377,410218556,39381.0,49,0.1253
device,resident,4,fp256,32,max,1048576,2.4391,409982531,39358.3,49,0.1253
device,resident,4,fp256,32,minnum,1048576,2.4405,409758193,39336.8,49,0.1254
device,resident,4,fp256,32,maxnum,1048576,2.4406,409733755,39334.4,49,0.1254
device,resident,4,fp256,32,cmplt,1048576,2.4416,409566824,39318.4,49,0.1255
device,resident,4,fp256,32,cmple,1048576,2.4417,409558280,39317.6,49,0.1255
device,resident,4,fp256,32,cmpeq,1048576,2.4406,409743087,39335.3,49,0.1254
device,resident,4,fp256,32,select,1048576,2.4408,409697434,52441.3,49,0.1254
device,resident,4,fp256,32,iand,1048576,2.4410,409663366,39327.7,49,0.1254
device,resident,4,fp256,32,ior,1048576,2.4417,409545150,39316.3,49,0.1255
device,resident,4,fp256,32,ixor,1048576,2.4404,409774625,39338.4,49,0.1254
device,resident,4,fp256,32,iadd,1048576,2.4410,409670791,39328.4,49,0.1254
device,resident,4,fp256,32,isub,1048576,2.4408,409694484,39330.7,49,0.1254
device,resident,4,fp256,32,ishl,1048576,2.4350,410676933,39425.0,49,0.1251
device,resident,4,fp256,32,ishr,1048576,2.4338,410876229,39444.1,49,0.1251
device,resident,4,fp256,32,icmplt,1048576,2.4338,410881312,39444.6,49,0.1250
device,resident,4,fp256,32,add,1048576,2.4328,411051440,39460.9,49,0.1250
device,resident,4,fp256,32,sub,1048576,2.4327,411064410,39462.2,49,0.1250
device,resident,4,fp256,32,mul,1048576,2.4375,410264164,39385.4,49,0.1252
device,resident,4,fp256,32,fma,1048576,2.4343,410798944,52582.3,49,0.1251
software,host,0,fp256,32,abs,2097152,154.9736,6452711,413.0,1,0.3250
software,host,0,fp256,32,neg,2097152,154.6985,6464186,413.7,1,0.3244
software,host,0,fp256,32,copysign,2097152,155.5628,6428272,617.1,1,0.3262
software,host,0,fp256,32,min,2097152,193.5332,5167072,496.0,1,0.4059
software,host,0,fp256,32,max,2097152,194.0274,5153911,494.8,1,0.4069
software,host,0,fp256,32,minnum,2097152,194.3435,5145530,494.0,1,0.4076
software,host,0,fp256,32,maxnum,2097152,193.6995,5162635,495.6,1,0.4062
software,host,0,fp256,32,cmplt,2097152,241.0133,4149148,398.3,1,0.5054
software,host,0,fp256,32,cmple,2097152,231.3888,4321730,414.9,1,0.4853
software,host,0,fp256,32,cmpeq,2097152,196.5542,5087656,488.4,1,0.4122
software,host,0,fp256,32,select,2097152,152.2174,6569550,840.9,1,0.3192
software,host,0,fp256,32,iand,2097152,149.7008,6679992,641.3,1,0.3139
software,host,0,fp256,32,ior,2097152,152.4052,6561457,629.9,1,0.3196
software,host,0,fp256,32,ixor,2097152,151.7860,6588224,632.5,1,0.3183
software,host,0,fp256,32,iadd,2097152,158.2502,6319106,606.6,1,0.3319
software,host,0,fp256,32,isub,2097152,169.2936,5906898,567.1,1,0.3550
software,host,0,fp256,32,ishl,2097152,194.7695,5134274,492.9,1,0.4085
software,host,0,fp256,32,ishr,2097152,172.9557,5781829,555.1,1,0.3627
software,host,0,fp256,32,icmplt,2097152,169.3535,5904810,566.9,1,0.3552
software,host,0,fp256,32,add,2097152,658.5438,1518502,145.8,1,1.3811
software,host,0,fp256,32,sub,2097152,662.7801,1508796,144.8,1,1.3900
software,host,0,fp256,32,mul,2097152,452.9881,2207564,211.9,1,0.9500
software,host,0,fp256,32,fma,2097152,566.7821,1764346,225.8,1,1.1886
device,host,1,fp256,32,abs,2097152,39.3017,25444171,1628.4,2,0.1648
device,host,1,fp256,32,neg,2097152,45.4333,22010301,1408.7,2,0.1906
device,host,1,fp256,32,copysign,2097152,45.4858,21984904,2110.6,2,0.1908
device,host,1,fp256,32,min,2097152,45.8649,21803188,2093.1,2,0.1924
device,host,1,fp256,32,max,2097152,45.2760,22086746,2120.3,2,0.1899
device,host,1,fp256,32,minnum,2097152,45.3286,22061135,2117.9,2,0.1901
device,host,1,fp256,32,maxnum,2097152,45.1217,22162269,2127.6,2,0.1893
device,host,1,fp256,32,cmplt,2097152,44.5730,22435115,2153.8,2,0.1870
device,host,1,fp256,32,cmple,2097152,45.1826,22132425,2124.7,2,0.1895
device,host,1,fp256,32,cmpeq,2097152,45.4372,22008377,2112.8,2,0.1906
device,host,1,fp256,32,select,2097152,45.3167,22066926,2824.6,2,0.1901
device,host,1,fp256,32,iand,2097152,45.3312,22059853,2117.7,2,0.1901
device,host,1,fp256,32,ior,2097152,45.3445,22053389,2117.1,2,0.1902
device,host,1,fp256,32,ixor,2097152,45.1304,22158003,2127.2,2,0.1893
device,host,1,fp256,32,iadd,2097152,45.3609,22045396,2116.4,2,0.1903
device,host,1,fp256,32,isub,2097152,45.3553,22048159,2116.6,2,0.1902
device,host,1,fp256,32,ishl,2097152,45.1266,22159856,2127.3,2,0.1893
device,host,1,fp256,32,ishr,2097152,45.3702,22040918,2115.9,2,0.1903
device,host,1,fp256,32,icmplt,2097152,45.1217,22162264,2127.6,2,0.1893
device,host,1,fp256,32,add,2097152,45.5098,21973306,2109.4,2,0.1909
device,host,1,fp256,32,sub,2097152,45.3035,22073350,2119.0,2,0.1900
device,host,1,fp256,32,mul,2097152,45.3661,22042882,2116.1,2,0.1903
device,host,1,fp256,32,fma,2097152,45.3536,22048978,2822.3,2,0.1902
device,resident,1,fp256,32,abs,2097152,9.3069,107447502,6876.6,7,0.1366
device,resident,1,fp256,32,neg,2097152,9.3148,107355463,6870.7,7,0.1367
device,resident,1,fp256,32,copysign,2097152,9.3123,107384435,10308.9,7,0.1367
device,resident,1,fp256,32,min,2097152,9.3165,107336646,10304.3,7,0.1368
device,resident,1,fp256,32,max,2097152,9.3132,107374042,10307.9,7,0.1367
device,resident,1,fp256,32,minnum,2097152,9.3130,107376440,10308.1,7,0.1367
device,resident,1,fp256,32,maxnum,2097152,9.3143,107361561,10306.7,7,0.1367
device,resident,1,fp256,32,cmplt,2097152,9.3131,107375822,10308.1,7,0.1367
device,resident,1,fp256,32,cmple,2097152,9.3152,107351458,10305.7,7,0.1367
device,resident,1,fp256,32,cmpeq,2097152,9.3127,107380721,10308.5,7,0.1367
device,resident,1,fp256,32,select,2097152,9.3134,107371759,13743.6,7,0.1367
device,resident,1,fp256,32,iand,2097152,9.3130,107377189,10308.2,7,0.1367
device,resident,1,fp256,32,ior,2097152,9.3137,107368257,10307.4,7,0.1367
device,resident,1,fp256,32,ixor,2097152,9.3123,107385252,10309.0,7,0.1367
device,resident,1,fp256,32,iadd,2097152,9.3132,107374448,10307.9,7,0.1367
device,resident,1,fp256,32,isub,2097152,9.3134,107371982,10307.7,7,0.1367
device,resident,1,fp256,32,ishl,2097152,9.3188,107309634,10301.7,7,0.1368
device,resident,1,fp256,32,ishr,2097152,9.3133,107372795,10307.8,7,0.1367
device,resident,1,fp256,32,icmplt,2097152,9.3149,107355359,10306.1,7,0.1367
device,resident,1,fp256,32,add,2097152,9.3156,107346996,10305.3,7,0.1368
device,resident,1,fp256,32,sub,2097152,9.3126,107381872,10308.7,7,0.1367
device,resident,1,fp256,32,mul,2097152,9.3153,107350152,10305.6,7,0.1367
device,resident,1,fp256,32,fma,2097152,9.3183,107315864,13736.4,7,0.1368
device,host,4,fp256,32,abs,2097152,32.0172,31233249,1998.9,3,0.2014
device,host,4,fp256,32,neg,2097152,38.4715,25993282,1663.6,2,0.1614
device,host,4,fp256,32,copysign,2097152,38.8462,25742558,2471.3,2,0.1629
device,host,4,fp256,32,min,2097152,39.0544,25605285,2458.1,2,0.1638
device,host,4,fp256,32,max,2097152,38.7612,25798993,2476.7,2,0.1626
device,host,4,fp256,32,minnum,2097152,38.9193,25694184,2466.6,2,0.1632
device,host,4,fp256,32,maxnum,2097152,38.9049,25703724,2467.6,2,0.1632
device,host,4,fp256,32,cmplt,2097152,38.7211,25825692,2479.3,2,0.1624
device,host,4,fp256,32,cmple,2097152,38.7438,25810611,2477.8,2,0.1625
device,host,4,fp256,32,cmpeq,2097152,38.6822,25851659,2481.8,2,0.1622
device,host,4,fp256,32,select,2097152,39.1739,25527197,3267.5,2,0.1643
device,host,4,fp256,32,iand,2097152,38.7225,25824781,2479.2,2,0.1624
device,host,4,fp256,32,ior,2097152,37.8526,26418252,2536.2,2,0.1588
device,host,4,fp256,32,ixor,2097152,38.7255,25822754,2479.0,2,0.1624
device,host,4,fp256,32,iadd,2097152,38.5588,25934446,2489.7,2,0.1617
device,host,4,fp256,32,isub,2097152,38.7612,25798987,2476.7,2,0.1626
device,host,4,fp256,32,ishl,2097152,38.7139,25830498,2479.7,2,0.1624
device,host,4,fp256,32,ishr,2097152,38.7301,25819712,2478.7,2,0.1624
device,host,4,fp256,32,icmplt,2097152,38.6939,25843840,2481.0,2,0.1623
device,host,4,fp256,32,add,2097152,39.0858,25584709,2456.1,2,0.1639
device,host,4,fp256,32,sub,2097152,38.6692,25860402,2482.6,2,0.1622
device,host,4,fp256,32,mul,2097152,38.9164,25696120,2466.8,2,0.1632
device,host,4,fp256,32,fma,2097152,38.7177,25827993,3306.0,2,0.1624
device,resident,4,fp256,32,abs,2097152,2.3717,421633731,26984.6,26,0.1293
device,resident,4,fp256,32,neg,2097152,2.3832,419610552,26855.1,26,0.1299
device,resident,4,fp256,32,copysign,2097152,2.3795,420248109,40343.8,26,0.1297
device,resident,4,fp256,32,min,2097152,2.3765,420788823,40395.7,26,0.1296
device,resident,4,fp256,32,max,2097152,2.3766,420769541,40393.9,26,0.1296
device,resident,4,fp256,32,minnum,2097152,2.3771,420675476,40384.8,26,0.1296
device,resident,4,fp256,32,maxnum,2097152,2.3785,420434926,40361.8,26,0.1297
device,resident,4,fp256,32,cmplt,2097152,2.3766,420771333,40394.0,26,0.1296
device,resident,4,fp256,32,cmple,2097152,2.3768,420737599,40390.8,26,0.1296
device,resident,4,fp256,32,cmpeq,2097152,2.3811,419981917,40318.3,26,0.1298
device,resident,4,fp256,32,select,2097152,2.3772,420656299,53844.0,26,0.1296
device,resident,4,fp256,32,iand,2097152,2.3772,420661316,40383.5,26,0.1296
device,resident,4,fp256,32,ior,2097152,2.3777,420577519,40375.4,26,0.1296
device,resident,4,fp256,32,ixor,2097152,2.3770,420692854,40386.5,26,0.1296
device,resident,4,fp256,32,iadd,2097152,2.3768,420727915,40389.9,26,0.1296
device,resident,4,fp256,32,isub,2097152,2.3781,420500723,40368.1,26,0.1297
device,resident,4,fp256,32,ishl,2097152,2.3768,420730360,40390.1,26,0.1296
device,resident,4,fp256,32,ishr,2097152,2.3770,420691598,40386.4,26,0.1296
device,resident,4,fp256,32,icmplt,2097152,2.3776,420586580,40376.3,26,0.1296
device,resident,4,fp256,32,add,2097152,2.3780,420517418,40369.7,26,0.1297
device,resident,4,fp256,32,sub,2097152,2.3767,420746190,40391.6,26,0.1296
device,resident,4,fp256,32,mul,2097152,2.3802,420137294,40333.2,26,0.1298
device,resident,4,fp256,32,fma,2097152,2.3777,420582669,53834.6,25,0.1247
software,host,0,fp256,32,abs,4194304,149.1554,6704417,429.1,1,0.6256
software,host,0,fp256,32,neg,4194304,154.7231,6463159,413.6,1,0.6490
software,host,0,fp256,32,copysign,4194304,155.5129,6430334,617.3,1,0.6523
software,host,0,fp256,32,min,4194304,193.9084,5157075,495.1,1,0.8133
software,host,0,fp256,32,max,4194304,200.7099,4982316,478.3,1,0.8418
software,host,0,fp256,32,minnum,4194304,194.5967,5138834,493.3,1,0.8162
software,host,0,fp256,32,maxnum,4194304,193.7791,5160516,495.4,1,0.8128
software,host,0,fp256,32,cmplt,4194304,237.0454,4218601,405.0,1,0.9942
software,host,0,fp256,32,cmple,4194304,230.6502,4335570,416.2,1,0.9674
software,host,0,fp256,32,cmpeq,4194304,196.7184,5083409,488.0,1,0.8251
software,host,0,fp256,32,select,4194304,153.3076,6522836,834.9,1,0.6430
software,host,0,fp256,32,iand,4194304,149.6792,6680953,641.4,1,0.6278
software,host,0,fp256,32,ior,4194304,152.3548,6563629,630.1,1,0.6390
software,host,0,fp256,32,ixor,4194304,151.9230,6582280,631.9,1,0.6372
software,host,0,fp256,32,iadd,4194304,158.2423,6319423,606.7,1,0.6637
software,host,0,fp256,32,isub,4194304,169.1988,5910208,567.4,1,0.7097
software,host,0,fp256,32,ishl,4194304,194.8204,5132932,492.8,1,0.8171
software,host,0,fp256,32,ishr,4194304,154.7861,6460530,620.2,1,0.6492
software,host,0,fp256,32,icmplt,4194304,169.7421,5891289,565.6,1,0.7120
software,host,0,fp256,32,add,4194304,649.1210,1540545,147.9,1,2.7226
software,host,0,fp256,32,sub,4194304,670.6570,1491075,143.1,1,2.8129
software,host,0,fp256,32,mul,4194304,462.2943,2163124,207.7,1,1.9390
software,host,0,fp256,32,fma,4194304,566.8607,1764102,225.8,1,2.3776
device,host,1,fp256,32,abs,4194304,36.2192,27609657,1767.0,1,0.1519
device,host,1,fp256,32,neg,4194304,43.7589,22852498,1462.6,1,0.1835
device,host,1,fp256,32,copysign,4194304,43.8252,22817936,2190.5,1,0.1838
device,host,1,fp256,32,min,4194304,43.9625,22746652,2183.7,1,0.1844
device,host,1,fp256,32,max,4194304,43.9406,22758001,2184.8,1,0.1843
device,host,1,fp256,32,minnum,4194304,43.9177,22769862,2185.9,1,0.1842
device,host,1,fp256,32,maxnum,4194304,43.9620,22746908,2183.7,1,0.1844
device,host,1,fp256,32,cmplt,4194304,43.9651,22745335,2183.6,1,0.1844
device,host,1,fp256,32,cmple,4194304,43.9474,22754485,2184.4,1,0.1843
device,host,1,fp256,32,cmpeq,4194304,43.9834,22735840,2182.6,1,0.1845
device,host,1,fp256,32,select,4194304,43.9962,22729246,2909.3,1,0.1845
device,host,1,fp256,32,iand,4194304,43.9591,22748401,2183.8,1,0.1844
device,host,1,fp256,32,ior,4194304,44.2372,22605413,2170.1,1,0.1855
device,host,1,fp256,32,ixor,4194304,43.9454,22755491,2184.5,1,0.1843
device,host,1,fp256,32,iadd,4194304,44.1584,22645767,2174.0,1,0.1852
device,host,1,fp256,32,isub,4194304,43.9354,22760671,2185.0,1,0.1843
device,host,1,fp256,32,ishl,4194304,43.9799,22737675,2182.8,1,0.1845
device,host,1,fp256,32,ishr,4194304,43.9713,22742117,2183.2,1,0.1844
device,host,1,fp256,32,icmplt,4194304,43.9370,22759859,2184.9,1,0.1843
device,host,1,fp256,32,add,4194304,43.9370,22759873,2184.9,1,0.1843
device,host,1,fp256,32,sub,4194304,43.9943,22730237,2182.1,1,0.1845
device,host,1,fp256,32,mul,4194304,43.8513,22804330,2189.2,1,0.1839
device,host,1,fp256,32,fma,4194304,44.1456,22652295,2899.5,1,0.1852
