backend,path,tiles,format,bytes_per_elem,op,n,ns_per_elem,elems_per_s,mb_per_s,reps,seconds
software-arm64,host,0,fp32,4,abs,1,23.1538,43189489,345.5,4194304,0.0971
software-arm64,host,0,fp32,4,neg,1,23.4365,42668403,341.3,4194304,0.0983
software-arm64,host,0,fp32,4,copysign,1,24.3263,41107731,493.3,1048576,0.0255
software-arm64,host,0,fp32,4,min,1,38.8180,25761256,309.1,3263745,0.1267
software-arm64,host,0,fp32,4,max,1,38.2452,26147071,313.8,1048576,0.0401
software-arm64,host,0,fp32,4,minnum,1,38.6539,25870598,310.4,3283367,0.1269
software-arm64,host,0,fp32,4,maxnum,1,39.0854,25585009,307.0,1048576,0.0410
software-arm64,host,0,fp32,4,cmplt,1,57.4584,17403908,208.8,2240701,0.1287
software-arm64,host,0,fp32,4,cmple,1,56.1658,17804440,213.7,2268624,0.1274
software-arm64,host,0,fp32,4,cmpeq,1,40.3291,24795999,297.6,3116014,0.1257
software-arm64,host,0,fp32,4,select,1,25.0790,39873943,638.0,5210368,0.1307
software-arm64,host,0,fp32,4,iand,1,24.2920,41165829,494.0,1048576,0.0255
software-arm64,host,0,fp32,4,ior,1,25.3792,39402375,472.8,1048576,0.0266
software-arm64,host,0,fp32,4,ixor,1,24.3645,41043369,492.5,1048576,0.0255
software-arm64,host,0,fp32,4,iadd,1,26.1955,38174458,458.1,1048576,0.0275
software-arm64,host,0,fp32,4,isub,1,32.0463,31204833,374.5,1048576,0.0336
software-arm64,host,0,fp32,4,ishl,1,28.5223,35060344,420.7,4194304,0.1196
software-arm64,host,0,fp32,4,ishr,1,25.6004,39061839,468.7,4194304,0.1074
software-arm64,host,0,fp32,4,icmplt,1,24.0133,41643622,499.7,4194304,0.1007
software-arm64,host,0,fp32,4,add,1,122.8483,8140124,97.7,991288,0.1218
software-arm64,host,0,fp32,4,sub,1,125.7219,7954063,95.4,990599,0.1245
software-arm64,host,0,fp32,4,mul,1,94.7553,10553496,126.6,1228923,0.1164
software-arm64,host,0,fp32,4,fma,1,101.3512,9866681,157.9,1234154,0.1251
software-arm64,host,0,fp32,4,abs,2,18.9988,52634912,421.1,3274181,0.1244
software-arm64,host,0,fp32,4,neg,2,19.7247,50697870,405.6,2946763,0.1162
software-arm64,host,0,fp32,4,copysign,2,19.6175,50974893,611.7,3198751,0.1255
software-arm64,host,0,fp32,4,min,2,35.6076,28083913,337.0,1801232,0.1283
software-arm64,host,0,fp32,4,max,2,34.7881,28745486,344.9,1845877,0.1284
software-arm64,host,0,fp32,4,minnum,2,35.0903,28497896,342.0,1790993,0.1257
software-arm64,host,0,fp32,4,maxnum,2,34.5330,28957811,347.5,1805201,0.1247
software-arm64,host,0,fp32,4,cmplt,2,45.4948,21980540,263.8,1356573,0.1234
software-arm64,host,0,fp32,4,cmple,2,46.0429,21718893,260.6,1378661,0.1270
software-arm64,host,0,fp32,4,cmpeq,2,37.1688,26904283,322.9,1756056,0.1305
software-arm64,host,0,fp32,4,select,2,20.4453,48910885,782.6,1048576,0.0429
software-arm64,host,0,fp32,4,iand,2,19.2711,51891233,622.7,3107740,0.1198
software-arm64,host,0,fp32,4,ior,2,19.9551,50112450,601.3,3070465,0.1225
software-arm64,host,0,fp32,4,ixor,2,19.8277,50434620,605.2,3132696,0.1242
software-arm64,host,0,fp32,4,iadd,2,21.6282,46236031,554.8,2976745,0.1288
software-arm64,host,0,fp32,4,isub,2,26.8829,37198311,446.4,2417946,0.1300
software-arm64,host,0,fp32,4,ishl,2,23.4349,42671339,512.1,2691196,0.1261
software-arm64,host,0,fp32,4,ishr,2,20.9100,47824061,573.9,2480921,0.1038
software-arm64,host,0,fp32,4,icmplt,2,18.7872,53227797,638.7,2634084,0.0990
software-arm64,host,0,fp32,4,add,2,123.8560,8073889,96.9,490077,0.1214
software-arm64,host,0,fp32,4,sub,2,124.8807,8007642,96.1,499817,0.1248
software-arm64,host,0,fp32,4,mul,2,91.5624,10921509,131.1,685423,0.1255
software-arm64,host,0,fp32,4,fma,2,101.4104,9860921,157.8,604933,0.1227
software-arm64,host,0,fp32,4,abs,4,17.8277,56092453,448.7,1806794,0.1288
software-arm64,host,0,fp32,4,neg,4,17.4782,57214076,457.7,1769331,0.1237
software-arm64,host,0,fp32,4,copysign,4,18.2135,54904383,658.9,1695365,0.1235
software-arm64,host,0,fp32,4,min,4,33.3202,30011796,360.1,940097,0.1253
software-arm64,host,0,fp32,4,max,4,33.1272,30186686,362.2,958465,0.1270
software-arm64,host,0,fp32,4,minnum,4,33.0646,30243851,362.9,964673,0.1276
software-arm64,host,0,fp32,4,maxnum,4,32.6233,30652949,367.8,963085,0.1257
software-arm64,host,0,fp32,4,cmplt,4,54.2006,18449997,221.4,588887,0.1277
software-arm64,host,0,fp32,4,cmple,4,53.0738,18841688,226.1,588506,0.1249
software-arm64,host,0,fp32,4,cmpeq,4,38.6388,25880739,310.6,838743,0.1296
software-arm64,host,0,fp32,4,select,4,19.1426,52239498,835.8,1642671,0.1258
software-arm64,host,0,fp32,4,iand,4,18.1446,55112666,661.4,1772010,0.1286
software-arm64,host,0,fp32,4,ior,4,18.8613,53018616,636.2,1666057,0.1257
software-arm64,host,0,fp32,4,ixor,4,19.1260,52284906,627.4,1756433,0.1344
software-arm64,host,0,fp32,4,iadd,4,20.2368,49414848,593.0,1584833,0.1283
software-arm64,host,0,fp32,4,isub,4,25.2760,39563223,474.8,1179894,0.1193
software-arm64,host,0,fp32,4,ishl,4,21.3304,46881409,562.6,1447862,0.1235
software-arm64,host,0,fp32,4,ishr,4,18.9228,52846288,634.2,1718482,0.1301
software-arm64,host,0,fp32,4,icmplt,4,25.8397,38700071,464.4,1259339,0.1302
software-arm64,host,0,fp32,4,add,4,123.5504,8093863,97.1,257053,0.1270
software-arm64,host,0,fp32,4,sub,4,127.0205,7872742,94.5,244984,0.1245
software-arm64,host,0,fp32,4,mul,4,94.2327,10612027,127.3,335738,0.1265
software-arm64,host,0,fp32,4,fma,4,104.8286,9539385,152.6,297221,0.1246
software-arm64,host,0,fp32,4,abs,8,16.3420,61191858,489.5,953002,0.1246
software-arm64,host,0,fp32,4,neg,8,16.7909,59555941,476.4,909717,0.1222
software-arm64,host,0,fp32,4,copysign,8,18.3458,54508462,654.1,880482,0.1292
software-arm64,host,0,fp32,4,min,8,32.7133,30568651,366.8,461002,0.1206
software-arm64,host,0,fp32,4,max,8,32.0730,31178916,374.1,461522,0.1184
software-arm64,host,0,fp32,4,minnum,8,32.4764,30791625,369.5,473937,0.1231
software-arm64,host,0,fp32,4,maxnum,8,32.4731,30794740,369.5,493197,0.1281
software-arm64,host,0,fp32,4,cmplt,8,37.6833,26536937,318.4,415522,0.1253
software-arm64,host,0,fp32,4,cmple,8,37.8405,26426697,317.1,409703,0.1240
software-arm64,host,0,fp32,4,cmpeq,8,34.2015,29238461,350.9,457041,0.1251
software-arm64,host,0,fp32,4,select,8,17.4256,57386725,918.2,913776,0.1274
software-arm64,host,0,fp32,4,iand,8,15.9608,62653600,751.8,969353,0.1238
software-arm64,host,0,fp32,4,ior,8,16.7796,59596260,715.2,965668,0.1296
software-arm64,host,0,fp32,4,ixor,8,17.0471,58660890,703.9,944323,0.1288
software-arm64,host,0,fp32,4,iadd,8,18.5014,54049946,648.6,871954,0.1291
software-arm64,host,0,fp32,4,isub,8,25.2513,39601900,475.2,627403,0.1267
software-arm64,host,0,fp32,4,ishl,8,20.0072,49982105,599.8,818382,0.1310
software-arm64,host,0,fp32,4,ishr,8,17.7407,56367701,676.4,895105,0.1270
software-arm64,host,0,fp32,4,icmplt,8,27.4214,36467815,437.6,585509,0.1284
software-arm64,host,0,fp32,4,add,8,128.4283,7786447,93.4,125245,0.1287
software-arm64,host,0,fp32,4,sub,8,129.7332,7708126,92.5,122459,0.1271
software-arm64,host,0,fp32,4,mul,8,98.6569,10136137,121.6,164156,0.1296
software-arm64,host,0,fp32,4,fma,8,107.7095,9284231,148.5,138942,0.1197
software-arm64,host,0,fp32,4,abs,16,15.4475,64735212,517.9,512978,0.1268
software-arm64,host,0,fp32,4,neg,16,16.7553,59682444,477.5,427759,0.1147
software-arm64,host,0,fp32,4,copysign,16,18.6571,53598929,643.2,417874,0.1247
software-arm64,host,0,fp32,4,min,16,32.3532,30908836,370.9,228368,0.1182
software-arm64,host,0,fp32,4,max,16,31.8132,31433498,377.2,248138,0.1263
software-arm64,host,0,fp32,4,minnum,16,31.6905,31555208,378.7,257029,0.1303
software-arm64,host,0,fp32,4,maxnum,16,31.2373,32013031,384.2,255490,0.1277
software-arm64,host,0,fp32,4,cmplt,16,42.9098,23304686,279.7,194900,0.1338
software-arm64,host,0,fp32,4,cmple,16,41.9683,23827506,285.9,190903,0.1282
software-arm64,host,0,fp32,4,cmpeq,16,33.6981,29675291,356.1,227322,0.1226
software-arm64,host,0,fp32,4,select,16,16.7024,59871650,957.9,478715,0.1279
software-arm64,host,0,fp32,4,iand,16,14.9869,66724924,800.7,506242,0.1214
software-arm64,host,0,fp32,4,ior,16,15.5878,64152712,769.8,496125,0.1237
software-arm64,host,0,fp32,4,ixor,16,15.5431,64337090,772.0,478869,0.1191
software-arm64,host,0,fp32,4,iadd,16,18.5458,53920531,647.0,413466,0.1227
software-arm64,host,0,fp32,4,isub,16,25.9108,38593909,463.1,252093,0.1045
software-arm64,host,0,fp32,4,ishl,16,20.2778,49315023,591.8,374150,0.1214
software-arm64,host,0,fp32,4,ishr,16,17.4949,57159533,685.9,455390,0.1275
software-arm64,host,0,fp32,4,icmplt,16,27.1223,36870085,442.4,262144,0.1138
software-arm64,host,0,fp32,4,add,16,128.7040,7769768,93.2,60678,0.1250
software-arm64,host,0,fp32,4,sub,16,129.5657,7718094,92.6,59315,0.1230
software-arm64,host,0,fp32,4,mul,16,96.8214,10328296,123.9,80440,0.1246
software-arm64,host,0,fp32,4,fma,16,107.8237,9274395,148.4,72935,0.1258
software-arm64,host,0,fp32,4,abs,32,14.7184,67942357,543.5,235295,0.1108
software-arm64,host,0,fp32,4,neg,32,17.6294,56723401,453.8,222416,0.1255
software-arm64,host,0,fp32,4,copysign,32,18.0932,55269443,663.2,212625,0.1231
software-arm64,host,0,fp32,4,min,32,31.7257,31520170,378.2,125337,0.1272
software-arm64,host,0,fp32,4,max,32,31.2113,32039667,384.5,127618,0.1275
software-arm64,host,0,fp32,4,minnum,32,31.5250,31720889,380.7,125583,0.1267
software-arm64,host,0,fp32,4,maxnum,32,30.9461,32314278,387.8,127395,0.1262
software-arm64,host,0,fp32,4,cmplt,32,42.9068,23306331,279.7,89028,0.1222
software-arm64,host,0,fp32,4,cmple,32,42.4672,23547601,282.6,94693,0.1287
software-arm64,host,0,fp32,4,cmpeq,32,33.0844,30225697,362.7,115005,0.1218
software-arm64,host,0,fp32,4,select,32,16.4731,60705150,971.3,247493,0.1305
software-arm64,host,0,fp32,4,iand,32,14.5353,68798193,825.6,268371,0.1248
software-arm64,host,0,fp32,4,ior,32,15.3889,64981979,779.8,255235,0.1257
software-arm64,host,0,fp32,4,ixor,32,15.4762,64615295,775.4,249726,0.1237
software-arm64,host,0,fp32,4,iadd,32,19.4197,51494221,617.9,169313,0.1052
software-arm64,host,0,fp32,4,isub,32,25.9082,38597798,463.2,150412,0.1247
software-arm64,host,0,fp32,4,ishl,32,19.0639,52455185,629.5,209606,0.1279
software-arm64,host,0,fp32,4,ishr,32,16.7771,59605143,715.3,247583,0.1329
software-arm64,host,0,fp32,4,icmplt,32,25.4986,39217852,470.6,160151,0.1307
software-arm64,host,0,fp32,4,add,32,130.7389,7648832,91.8,29949,0.1253
software-arm64,host,0,fp32,4,sub,32,136.3169,7335849,88.0,28975,0.1264
software-arm64,host,0,fp32,4,mul,32,101.0965,9891536,118.7,38747,0.1253
software-arm64,host,0,fp32,4,fma,32,108.3151,9232323,147.7,35071,0.1216
software-arm64,host,0,fp32,4,abs,64,14.4390,69256833,554.1,127649,0.1180
software-arm64,host,0,fp32,4,neg,64,17.7288,56405390,451.2,111450,0.1265
software-arm64,host,0,fp32,4,copysign,64,17.6341,56708158,680.5,112330,0.1268
software-arm64,host,0,fp32,4,min,64,31.7592,31486966,377.8,60300,0.1226
software-arm64,host,0,fp32,4,max,64,30.9580,32301817,387.6,62877,0.1246
software-arm64,host,0,fp32,4,minnum,64,31.2247,32025944,384.3,59870,0.1196
software-arm64,host,0,fp32,4,maxnum,64,30.8422,32423114,389.1,61687,0.1218
software-arm64,host,0,fp32,4,cmplt,64,43.6667,22900736,274.8,44728,0.1250
software-arm64,host,0,fp32,4,cmple,64,43.8600,22799828,273.6,44838,0.1259
software-arm64,host,0,fp32,4,cmpeq,64,33.6404,29726199,356.7,61399,0.1322
software-arm64,host,0,fp32,4,select,64,16.0054,62479100,999.7,120160,0.1231
software-arm64,host,0,fp32,4,iand,64,14.2441,70204350,842.5,124333,0.1133
software-arm64,host,0,fp32,4,ior,64,15.3429,65176896,782.1,128870,0.1265
software-arm64,host,0,fp32,4,ixor,64,15.0996,66226965,794.7,131891,0.1275
software-arm64,host,0,fp32,4,iadd,64,19.2016,52078948,624.9,96805,0.1190
software-arm64,host,0,fp32,4,isub,64,25.3468,39452789,473.4,72873,0.1182
software-arm64,host,0,fp32,4,ishl,64,18.7604,53303862,639.6,104299,0.1252
software-arm64,host,0,fp32,4,ishr,64,16.4798,60680272,728.2,118519,0.1250
software-arm64,host,0,fp32,4,icmplt,64,24.6457,40575032,486.9,80440,0.1269
software-arm64,host,0,fp32,4,add,64,131.4811,7605657,91.3,14998,0.1262
software-arm64,host,0,fp32,4,sub,64,135.3916,7385982,88.6,14552,0.1261
software-arm64,host,0,fp32,4,mul,64,104.2577,9591616,115.1,18763,0.1252
software-arm64,host,0,fp32,4,fma,64,111.8892,8937411,143.0,17662,0.1265
software-arm64,host,0,fp32,4,abs,128,14.8306,67428196,539.4,68929,0.1308
software-arm64,host,0,fp32,4,neg,128,17.8384,56058778,448.5,52277,0.1194
software-arm64,host,0,fp32,4,copysign,128,18.8943,52925992,635.1,52546,0.1271
software-arm64,host,0,fp32,4,min,128,31.6934,31552290,378.6,30498,0.1237
software-arm64,host,0,fp32,4,max,128,31.3049,31943898,383.3,31174,0.1249
software-arm64,host,0,fp32,4,minnum,128,31.8467,31400412,376.8,31566,0.1287
software-arm64,host,0,fp32,4,maxnum,128,30.6508,32625604,391.5,31512,0.1236
software-arm64,host,0,fp32,4,cmplt,128,43.2165,23139324,277.7,23022,0.1274
software-arm64,host,0,fp32,4,cmple,128,42.7266,23404612,280.9,22812,0.1248
software-arm64,host,0,fp32,4,cmpeq,128,33.0127,30291347,363.5,29841,0.1261
software-arm64,host,0,fp32,4,select,128,15.8851,62952101,1007.2,63619,0.1294
software-arm64,host,0,fp32,4,iand,128,14.0759,71043396,852.5,74257,0.1338
software-arm64,host,0,fp32,4,ior,128,15.3266,65246027,783.0,63281,0.1241
software-arm64,host,0,fp32,4,ixor,128,15.3690,65066060,780.8,63445,0.1248
software-arm64,host,0,fp32,4,iadd,128,19.2016,52079031,624.9,50679,0.1246
software-arm64,host,0,fp32,4,isub,128,26.0069,38451300,461.4,36952,0.1230
software-arm64,host,0,fp32,4,ishl,128,19.4293,51468549,617.6,49830,0.1239
software-arm64,host,0,fp32,4,ishr,128,16.4961,60620310,727.4,57756,0.1220
software-arm64,host,0,fp32,4,icmplt,128,26.6138,37574463,450.9,35561,0.1211
software-arm64,host,0,fp32,4,add,128,132.6936,7536159,90.4,7359,0.1250
software-arm64,host,0,fp32,4,sub,128,139.0070,7193880,86.3,7016,0.1248
software-arm64,host,0,fp32,4,mul,128,105.1141,9513470,114.2,8823,0.1187
software-arm64,host,0,fp32,4,fma,128,113.5924,8803409,140.9,8651,0.1258
software-arm64,host,0,fp32,4,abs,256,14.4859,69032821,552.3,34113,0.1265
software-arm64,host,0,fp32,4,neg,256,17.6293,56723841,453.8,27609,0.1246
software-arm64,host,0,fp32,4,copysign,256,18.6729,53553441,642.6,26419,0.1263
software-arm64,host,0,fp32,4,min,256,31.5772,31668456,380.0,15462,0.1250
software-arm64,host,0,fp32,4,max,256,30.9451,32315298,387.8,15963,0.1265
software-arm64,host,0,fp32,4,minnum,256,31.1099,32144160,385.7,15887,0.1265
software-arm64,host,0,fp32,4,maxnum,256,30.3003,33002949,396.0,15910,0.1234
software-arm64,host,0,fp32,4,cmplt,256,43.3675,23058734,276.7,11324,0.1257
software-arm64,host,0,fp32,4,cmple,256,43.7657,22848919,274.2,11361,0.1273
software-arm64,host,0,fp32,4,cmpeq,256,32.9446,30353997,364.2,14739,0.1243
software-arm64,host,0,fp32,4,select,256,15.9331,62762589,1004.2,31485,0.1284
software-arm64,host,0,fp32,4,iand,256,14.2064,70390756,844.7,34266,0.1246
software-arm64,host,0,fp32,4,ior,256,15.3193,65276999,783.3,34581,0.1356
software-arm64,host,0,fp32,4,ixor,256,14.9940,66693205,800.3,33796,0.1297
software-arm64,host,0,fp32,4,iadd,256,18.8940,52926763,635.1,26231,0.1269
software-arm64,host,0,fp32,4,isub,256,26.6567,37513987,450.2,18581,0.1268
software-arm64,host,0,fp32,4,ishl,256,18.9261,52837093,634.0,26459,0.1282
software-arm64,host,0,fp32,4,ishr,256,16.2240,61637086,739.6,31074,0.1291
software-arm64,host,0,fp32,4,icmplt,256,26.1700,38211623,458.5,18175,0.1218
software-arm64,host,0,fp32,4,add,256,135.6761,7370496,88.4,3634,0.1262
software-arm64,host,0,fp32,4,sub,256,141.7295,7055694,84.7,3519,0.1277
software-arm64,host,0,fp32,4,mul,256,106.4253,9396263,112.8,4096,0.1116
software-arm64,host,0,fp32,4,fma,256,113.6971,8795303,140.7,4096,0.1192
software-arm64,host,0,fp32,4,abs,512,14.5082,68926542,551.4,16831,0.1250
software-arm64,host,0,fp32,4,neg,512,17.6470,56666715,453.3,13688,0.1237
software-arm64,host,0,fp32,4,copysign,512,18.3925,54369940,652.4,13260,0.1249
software-arm64,host,0,fp32,4,min,512,31.6089,31636668,379.6,7755,0.1255
software-arm64,host,0,fp32,4,max,512,31.1382,32114843,385.4,7795,0.1243
software-arm64,host,0,fp32,4,minnum,512,31.2894,31959680,383.5,7877,0.1262
software-arm64,host,0,fp32,4,maxnum,512,30.7500,32520273,390.2,7950,0.1252
software-arm64,host,0,fp32,4,cmplt,512,43.6720,22897974,274.8,5613,0.1255
software-arm64,host,0,fp32,4,cmple,512,44.0695,22691448,272.3,5506,0.1242
software-arm64,host,0,fp32,4,cmpeq,512,33.3668,29969898,359.6,7362,0.1258
software-arm64,host,0,fp32,4,select,512,15.6413,63933324,1022.9,15222,0.1219
software-arm64,host,0,fp32,4,iand,512,14.2924,69967120,839.6,18129,0.1327
software-arm64,host,0,fp32,4,ior,512,15.1299,66094130,793.1,16199,0.1255
software-arm64,host,0,fp32,4,ixor,512,14.9201,67023642,804.3,16672,0.1274
software-arm64,host,0,fp32,4,iadd,512,19.1998,52083975,625.0,12768,0.1255
software-arm64,host,0,fp32,4,isub,512,26.5287,37695089,452.3,9187,0.1248
software-arm64,host,0,fp32,4,ishl,512,19.4286,51470384,617.6,13211,0.1314
software-arm64,host,0,fp32,4,ishr,512,16.0817,62182519,746.2,15178,0.1250
software-arm64,host,0,fp32,4,icmplt,512,26.1219,38282027,459.4,9305,0.1244
software-arm64,host,0,fp32,4,add,512,138.0024,7246248,87.0,1806,0.1276
software-arm64,host,0,fp32,4,sub,512,144.2313,6933308,83.2,1706,0.1260
software-arm64,host,0,fp32,4,mul,512,106.6984,9372214,112.5,2327,0.1271
software-arm64,host,0,fp32,4,fma,512,113.8619,8782570,140.5,2210,0.1288
software-arm64,host,0,fp32,4,abs,1024,14.6240,68380881,547.0,8342,0.1249
software-arm64,host,0,fp32,4,neg,1024,18.2760,54716563,437.7,6721,0.1258
software-arm64,host,0,fp32,4,copysign,1024,18.7249,53404927,640.9,6628,0.1271
software-arm64,host,0,fp32,4,min,1024,32.2072,31048917,372.6,3892,0.1284
software-arm64,host,0,fp32,4,max,1024,31.3654,31882305,382.6,4021,0.1291
software-arm64,host,0,fp32,4,minnum,1024,31.3664,31881230,382.6,3909,0.1256
software-arm64,host,0,fp32,4,maxnum,1024,31.2263,32024299,384.3,3995,0.1277
software-arm64,host,0,fp32,4,cmplt,1024,44.1624,22643676,271.7,2856,0.1292
software-arm64,host,0,fp32,4,cmple,1024,44.3462,22549861,270.6,2882,0.1309
software-arm64,host,0,fp32,4,cmpeq,1024,33.3642,29972222,359.7,3728,0.1274
software-arm64,host,0,fp32,4,select,1024,15.9184,62820421,1005.1,7639,0.1245
software-arm64,host,0,fp32,4,iand,1024,13.9465,71702407,860.4,8832,0.1261
software-arm64,host,0,fp32,4,ior,1024,14.9388,66939728,803.3,8243,0.1261
software-arm64,host,0,fp32,4,ixor,1024,14.8183,67484312,809.8,8137,0.1235
software-arm64,host,0,fp32,4,iadd,1024,19.1382,52251628,627.0,6417,0.1258
software-arm64,host,0,fp32,4,isub,1024,26.4640,37787203,453.4,4096,0.1110
software-arm64,host,0,fp32,4,ishl,1024,18.6883,53509292,642.1,6459,0.1236
software-arm64,host,0,fp32,4,ishr,1024,15.9911,62534598,750.4,7724,0.1265
software-arm64,host,0,fp32,4,icmplt,1024,25.4889,39232836,470.8,4096,0.1069
software-arm64,host,0,fp32,4,add,1024,136.9660,7301082,87.6,865,0.1213
software-arm64,host,0,fp32,4,sub,1024,142.2522,7029767,84.4,863,0.1257
software-arm64,host,0,fp32,4,mul,1024,107.2386,9325004,111.9,1156,0.1269
software-arm64,host,0,fp32,4,fma,1024,119.0643,8398825,134.4,1036,0.1263
software-arm64,host,0,fp32,4,abs,2048,14.7611,67745673,542.0,4096,0.1238
software-arm64,host,0,fp32,4,neg,2048,18.4718,54136602,433.1,3328,0.1259
software-arm64,host,0,fp32,4,copysign,2048,19.0716,52434118,629.2,3092,0.1208
software-arm64,host,0,fp32,4,min,2048,32.1413,31112572,373.4,1719,0.1132
software-arm64,host,0,fp32,4,max,2048,31.1159,32137921,385.7,1977,0.1260
software-arm64,host,0,fp32,4,minnum,2048,31.4995,31746528,381.0,1865,0.1203
software-arm64,host,0,fp32,4,maxnum,2048,31.2090,32042006,384.5,2050,0.1310
software-arm64,host,0,fp32,4,cmplt,2048,44.8832,22280038,267.4,1415,0.1301
software-arm64,host,0,fp32,4,cmple,2048,45.3771,22037552,264.5,1270,0.1180
software-arm64,host,0,fp32,4,cmpeq,2048,34.1296,29300049,351.6,1795,0.1255
software-arm64,host,0,fp32,4,select,2048,15.8387,63136540,1010.2,3720,0.1207
software-arm64,host,0,fp32,4,iand,2048,13.9867,71496459,858.0,4096,0.1173
software-arm64,host,0,fp32,4,ior,2048,15.0388,66494455,797.9,4096,0.1262
software-arm64,host,0,fp32,4,ixor,2048,15.0510,66440853,797.3,3679,0.1134
software-arm64,host,0,fp32,4,iadd,2048,19.4262,51476752,617.7,2711,0.1079
software-arm64,host,0,fp32,4,isub,2048,26.5941,37602267,451.2,2358,0.1284
software-arm64,host,0,fp32,4,ishl,2048,18.9852,52672562,632.1,3179,0.1236
software-arm64,host,0,fp32,4,ishr,2048,16.0860,62165855,746.0,4063,0.1339
software-arm64,host,0,fp32,4,icmplt,2048,26.3760,37913220,455.0,2376,0.1283
software-arm64,host,0,fp32,4,add,2048,138.0615,7243148,86.9,452,0.1278
software-arm64,host,0,fp32,4,sub,2048,142.5258,7016275,84.2,429,0.1252
software-arm64,host,0,fp32,4,mul,2048,109.0010,9174228,110.1,564,0.1259
software-arm64,host,0,fp32,4,fma,2048,117.4536,8514002,136.2,523,0.1258
software-arm64,host,0,fp32,4,abs,4096,14.4277,69310970,554.5,2042,0.1207
software-arm64,host,0,fp32,4,neg,4096,17.9808,55614912,444.9,1671,0.1231
software-arm64,host,0,fp32,4,copysign,4096,18.9898,52659943,631.9,1652,0.1285
software-arm64,host,0,fp32,4,min,4096,31.9044,31343670,376.1,954,0.1247
software-arm64,host,0,fp32,4,max,4096,31.2755,31973943,383.7,997,0.1277
software-arm64,host,0,fp32,4,minnum,4096,31.0021,32255925,387.1,963,0.1223
software-arm64,host,0,fp32,4,maxnum,4096,30.7493,32521111,390.3,960,0.1209
software-arm64,host,0,fp32,4,cmplt,4096,43.9643,22745709,272.9,693,0.1248
software-arm64,host,0,fp32,4,cmple,4096,44.8837,22279784,267.4,685,0.1259
software-arm64,host,0,fp32,4,cmpeq,4096,33.2267,30096256,361.2,869,0.1183
software-arm64,host,0,fp32,4,select,4096,15.6587,63862312,1021.8,1935,0.1241
software-arm64,host,0,fp32,4,iand,4096,13.9012,71936345,863.2,2205,0.1256
software-arm64,host,0,fp32,4,ior,4096,14.7566,67766345,813.2,2052,0.1240
software-arm64,host,0,fp32,4,ixor,4096,14.8022,67557539,810.7,2188,0.1327
software-arm64,host,0,fp32,4,iadd,4096,19.2084,52060435,624.7,1648,0.1297
software-arm64,host,0,fp32,4,isub,4096,26.3713,37919955,455.0,1176,0.1270
software-arm64,host,0,fp32,4,ishl,4096,19.0160,52587198,631.0,1686,0.1313
software-arm64,host,0,fp32,4,ishr,4096,15.9901,62538675,750.5,1877,0.1229
software-arm64,host,0,fp32,4,icmplt,4096,26.2388,38111503,457.3,1101,0.1183
software-arm64,host,0,fp32,4,add,4096,139.7089,7157739,85.9,218,0.1247
software-arm64,host,0,fp32,4,sub,4096,142.7059,7007419,84.1,214,0.1251
software-arm64,host,0,fp32,4,mul,4096,110.5730,9043796,108.5,280,0.1268
software-arm64,host,0,fp32,4,fma,4096,116.3908,8591746,137.5,262,0.1249
software-arm64,host,0,fp32,4,abs,8192,14.6096,68448282,547.6,1049,0.1255
software-arm64,host,0,fp32,4,neg,8192,17.8741,55946811,447.6,831,0.1217
software-arm64,host,0,fp32,4,copysign,8192,18.6058,53746539,645.0,816,0.1244
software-arm64,host,0,fp32,4,min,8192,31.8581,31389205,376.7,485,0.1266
software-arm64,host,0,fp32,4,max,8192,31.6148,31630786,379.6,508,0.1316
software-arm64,host,0,fp32,4,minnum,8192,31.7443,31501721,378.0,487,0.1266
software-arm64,host,0,fp32,4,maxnum,8192,30.9564,32303446,387.6,504,0.1278
software-arm64,host,0,fp32,4,cmplt,8192,44.9455,22249168,267.0,341,0.1256
software-arm64,host,0,fp32,4,cmple,8192,45.2208,22113724,265.4,341,0.1263
software-arm64,host,0,fp32,4,cmpeq,8192,33.7403,29638112,355.7,459,0.1269
software-arm64,host,0,fp32,4,select,8192,15.7357,63549656,1016.8,990,0.1276
software-arm64,host,0,fp32,4,iand,8192,13.9721,71571177,858.9,1086,0.1243
software-arm64,host,0,fp32,4,ior,8192,14.8615,67287745,807.5,1070,0.1303
software-arm64,host,0,fp32,4,ixor,8192,14.6407,68302731,819.6,1089,0.1306
software-arm64,host,0,fp32,4,iadd,8192,19.2550,51934451,623.2,807,0.1273
software-arm64,host,0,fp32,4,isub,8192,26.3148,38001411,456.0,585,0.1261
software-arm64,host,0,fp32,4,ishl,8192,19.2343,51990373,623.9,828,0.1305
software-arm64,host,0,fp32,4,ishr,8192,16.0387,62349036,748.2,940,0.1235
software-arm64,host,0,fp32,4,icmplt,8192,25.7927,38770729,465.2,593,0.1253
software-arm64,host,0,fp32,4,add,8192,138.4488,7222886,86.7,110,0.1248
software-arm64,host,0,fp32,4,sub,8192,142.8531,7000200,84.0,107,0.1252
software-arm64,host,0,fp32,4,mul,8192,109.5386,9129200,109.6,141,0.1265
software-arm64,host,0,fp32,4,fma,8192,117.7997,8488984,135.8,130,0.1255
software-arm64,host,0,fp32,4,abs,16384,14.5214,68863739,550.9,544,0.1294
software-arm64,host,0,fp32,4,neg,16384,18.2423,54817686,438.5,414,0.1237
software-arm64,host,0,fp32,4,copysign,16384,18.7271,53398496,640.8,406,0.1246
software-arm64,host,0,fp32,4,min,16384,31.7348,31511184,378.1,243,0.1263
software-arm64,host,0,fp32,4,max,16384,30.7396,32531361,390.4,248,0.1249
software-arm64,host,0,fp32,4,minnum,16384,31.3222,31926191,383.1,245,0.1257
software-arm64,host,0,fp32,4,maxnum,16384,30.7167,32555613,390.7,252,0.1268
software-arm64,host,0,fp32,4,cmplt,16384,45.2373,22105661,265.3,173,0.1282
software-arm64,host,0,fp32,4,cmple,16384,44.6014,22420801,269.0,172,0.1257
software-arm64,host,0,fp32,4,cmpeq,16384,33.9350,29468097,353.6,225,0.1251
software-arm64,host,0,fp32,4,select,16384,15.7665,63425472,1014.8,486,0.1255
software-arm64,host,0,fp32,4,iand,16384,13.9941,71458570,857.5,547,0.1254
software-arm64,host,0,fp32,4,ior,16384,14.9140,67051280,804.6,511,0.1249
software-arm64,host,0,fp32,4,ixor,16384,14.8163,67493437,809.9,531,0.1289
software-arm64,host,0,fp32,4,iadd,16384,19.3089,51789627,621.5,398,0.1259
software-arm64,host,0,fp32,4,isub,16384,26.4754,37770959,453.3,290,0.1258
software-arm64,host,0,fp32,4,ishl,16384,19.1201,52300941,627.6,394,0.1234
software-arm64,host,0,fp32,4,ishr,16384,15.8163,63225826,758.7,468,0.1213
software-arm64,host,0,fp32,4,icmplt,16384,25.7997,38760200,465.1,305,0.1289
software-arm64,host,0,fp32,4,add,16384,137.0838,7294810,87.5,51,0.1145
software-arm64,host,0,fp32,4,sub,16384,142.7533,7005091,84.1,54,0.1263
software-arm64,host,0,fp32,4,mul,16384,108.4633,9219709,110.6,64,0.1137
software-arm64,host,0,fp32,4,fma,16384,116.1334,8610785,137.8,63,0.1199
software-arm64,host,0,fp32,4,abs,32768,14.4010,69439572,555.5,260,0.1227
software-arm64,host,0,fp32,4,neg,32768,17.7713,56270631,450.2,213,0.1240
software-arm64,host,0,fp32,4,copysign,32768,18.4792,54115024,649.4,200,0.1211
software-arm64,host,0,fp32,4,min,32768,31.6288,31616733,379.4,121,0.1254
software-arm64,host,0,fp32,4,max,32768,30.9470,32313287,387.8,125,0.1268
software-arm64,host,0,fp32,4,minnum,32768,31.0822,32172803,386.1,124,0.1263
software-arm64,host,0,fp32,4,maxnum,32768,30.7946,32473204,389.7,128,0.1292
software-arm64,host,0,fp32,4,cmplt,32768,44.4455,22499455,270.0,87,0.1267
software-arm64,host,0,fp32,4,cmple,32768,44.2161,22616190,271.4,87,0.1261
software-arm64,host,0,fp32,4,cmpeq,32768,33.3398,29994190,359.9,115,0.1256
software-arm64,host,0,fp32,4,select,32768,15.3914,64971211,1039.5,254,0.1281
software-arm64,host,0,fp32,4,iand,32768,13.8124,72398569,868.8,284,0.1285
software-arm64,host,0,fp32,4,ior,32768,14.8535,67324302,807.9,256,0.1246
software-arm64,host,0,fp32,4,ixor,32768,15.1655,65939043,791.3,267,0.1327
software-arm64,host,0,fp32,4,iadd,32768,19.2427,51967705,623.6,198,0.1248
software-arm64,host,0,fp32,4,isub,32768,26.7420,37394405,448.7,146,0.1279
software-arm64,host,0,fp32,4,ishl,32768,18.9644,52730470,632.8,205,0.1274
software-arm64,host,0,fp32,4,ishr,32768,15.9901,62538845,750.5,239,0.1252
software-arm64,host,0,fp32,4,icmplt,32768,25.7342,38858864,466.3,148,0.1248
software-arm64,host,0,fp32,4,add,32768,140.7218,7106219,85.3,29,0.1337
software-arm64,host,0,fp32,4,sub,32768,146.3377,6833511,82.0,26,0.1247
software-arm64,host,0,fp32,4,mul,32768,109.1652,9160429,109.9,32,0.1145
software-arm64,host,0,fp32,4,fma,32768,118.6398,8428876,134.9,34,0.1322
software-arm64,host,0,fp32,4,abs,65536,14.8406,67382904,539.1,132,0.1284
software-arm64,host,0,fp32,4,neg,65536,18.2805,54703203,437.6,105,0.1258
software-arm64,host,0,fp32,4,copysign,65536,18.6535,53609244,643.3,103,0.1259
software-arm64,host,0,fp32,4,min,65536,31.4306,31816124,381.8,61,0.1256
software-arm64,host,0,fp32,4,max,65536,30.8204,32446074,389.4,64,0.1293
software-arm64,host,0,fp32,4,minnum,65536,31.0061,32251712,387.0,62,0.1260
software-arm64,host,0,fp32,4,maxnum,65536,30.5509,32732237,392.8,54,0.1081
software-arm64,host,0,fp32,4,cmplt,65536,44.7011,22370799,268.4,45,0.1318
software-arm64,host,0,fp32,4,cmple,65536,44.6283,22407294,268.9,42,0.1228
software-arm64,host,0,fp32,4,cmpeq,65536,33.4904,29859334,358.3,57,0.1251
software-arm64,host,0,fp32,4,select,65536,15.7030,63682031,1018.9,124,0.1276
software-arm64,host,0,fp32,4,iand,65536,13.8886,72001424,864.0,142,0.1292
software-arm64,host,0,fp32,4,ior,65536,14.7403,67841029,814.1,130,0.1256
software-arm64,host,0,fp32,4,ixor,65536,14.8750,67227100,806.7,129,0.1258
software-arm64,host,0,fp32,4,iadd,65536,19.2511,51945087,623.3,100,0.1262
software-arm64,host,0,fp32,4,isub,65536,26.2315,38122065,457.5,64,0.1100
software-arm64,host,0,fp32,4,ishl,65536,18.9228,52846181,634.2,102,0.1265
software-arm64,host,0,fp32,4,ishr,65536,15.6286,63985268,767.8,123,0.1260
software-arm64,host,0,fp32,4,icmplt,65536,25.3432,39458348,473.5,64,0.1063
software-arm64,host,0,fp32,4,add,65536,137.7035,7261982,87.1,15,0.1354
software-arm64,host,0,fp32,4,sub,65536,143.5183,6967752,83.6,13,0.1223
software-arm64,host,0,fp32,4,mul,65536,110.1608,9077637,108.9,18,0.1300
software-arm64,host,0,fp32,4,fma,65536,118.7143,8423587,134.8,17,0.1323
software-arm64,host,0,fp32,4,abs,131072,14.8920,67150229,537.2,64,0.1249
software-arm64,host,0,fp32,4,neg,131072,18.0469,55411105,443.3,56,0.1325
software-arm64,host,0,fp32,4,copysign,131072,18.5133,54015184,648.2,52,0.1262
software-arm64,host,0,fp32,4,min,131072,31.8789,31368695,376.4,30,0.1254
software-arm64,host,0,fp32,4,max,131072,31.4500,31796520,381.6,33,0.1360
software-arm64,host,0,fp32,4,minnum,131072,31.4164,31830493,382.0,32,0.1318
software-arm64,host,0,fp32,4,maxnum,131072,30.8359,32429768,389.2,32,0.1293
software-arm64,host,0,fp32,4,cmplt,131072,44.9684,22237849,266.9,21,0.1238
software-arm64,host,0,fp32,4,cmple,131072,44.8026,22320144,267.8,22,0.1292
software-arm64,host,0,fp32,4,cmpeq,131072,33.7067,29667723,356.0,30,0.1325
software-arm64,host,0,fp32,4,select,131072,16.0014,62494596,999.9,63,0.1321
software-arm64,host,0,fp32,4,iand,131072,13.9616,71625267,859.5,64,0.1171
software-arm64,host,0,fp32,4,ior,131072,15.0086,66628605,799.5,64,0.1259
software-arm64,host,0,fp32,4,ixor,131072,14.7789,67664200,812.0,63,0.1220
software-arm64,host,0,fp32,4,iadd,131072,19.1750,52151228,625.8,49,0.1232
software-arm64,host,0,fp32,4,isub,131072,26.4662,37784094,453.4,37,0.1284
software-arm64,host,0,fp32,4,ishl,131072,18.8770,52974437,635.7,52,0.1287
software-arm64,host,0,fp32,4,ishr,131072,15.8375,63141364,757.7,60,0.1246
software-arm64,host,0,fp32,4,icmplt,131072,25.9687,38507967,462.1,38,0.1293
software-arm64,host,0,fp32,4,add,131072,137.9667,7248126,87.0,7,0.1266
software-arm64,host,0,fp32,4,sub,131072,142.9127,6997277,84.0,7,0.1311
software-arm64,host,0,fp32,4,mul,131072,109.4861,9133584,109.6,9,0.1292
software-arm64,host,0,fp32,4,fma,131072,118.3616,8448688,135.2,9,0.1396
software-arm64,host,0,fp32,4,abs,262144,14.6453,68281382,546.3,29,0.1113
software-arm64,host,0,fp32,4,neg,262144,18.0625,55363474,442.9,27,0.1278
software-arm64,host,0,fp32,4,copysign,262144,18.5535,53898146,646.8,26,0.1265
software-arm64,host,0,fp32,4,min,262144,31.5902,31655363,379.9,16,0.1325
software-arm64,host,0,fp32,4,max,262144,31.0698,32185641,386.2,16,0.1303
software-arm64,host,0,fp32,4,minnum,262144,31.1440,32108964,385.3,15,0.1225
software-arm64,host,0,fp32,4,maxnum,262144,30.5324,32752136,393.0,16,0.1281
software-arm64,host,0,fp32,4,cmplt,262144,44.4437,22500402,270.0,11,0.1282
software-arm64,host,0,fp32,4,cmple,262144,44.3691,22538213,270.5,11,0.1279
software-arm64,host,0,fp32,4,cmpeq,262144,33.4493,29895992,358.8,15,0.1315
software-arm64,host,0,fp32,4,select,262144,15.7846,63352880,1013.6,31,0.1283
software-arm64,host,0,fp32,4,iand,262144,14.1089,70877337,850.5,34,0.1258
software-arm64,host,0,fp32,4,ior,262144,15.2791,65449075,785.4,32,0.1282
software-arm64,host,0,fp32,4,ixor,262144,14.9500,66889499,802.7,33,0.1293
software-arm64,host,0,fp32,4,iadd,262144,19.3074,51793729,621.5,26,0.1316
software-arm64,host,0,fp32,4,isub,262144,26.8390,37259205,447.1,19,0.1337
software-arm64,host,0,fp32,4,ishl,262144,19.1530,52211184,626.5,25,0.1255
software-arm64,host,0,fp32,4,ishr,262144,15.9967,62512915,750.2,32,0.1342
software-arm64,host,0,fp32,4,icmplt,262144,25.6906,38924772,467.1,19,0.1280
software-arm64,host,0,fp32,4,add,262144,138.3867,7226127,86.7,4,0.1451
software-arm64,host,0,fp32,4,sub,262144,144.3691,6926689,83.1,4,0.1514
software-arm64,host,0,fp32,4,mul,262144,109.5970,9124336,109.5,5,0.1437
software-arm64,host,0,fp32,4,fma,262144,117.8337,8486536,135.8,5,0.1544
software-arm64,host,0,fp32,4,abs,524288,14.3893,69496265,556.0,17,0.1282
software-arm64,host,0,fp32,4,neg,524288,17.8603,55990175,447.9,14,0.1311
software-arm64,host,0,fp32,4,copysign,524288,18.7145,53434604,641.2,13,0.1276
software-arm64,host,0,fp32,4,min,524288,31.7695,31476717,377.7,8,0.1333
software-arm64,host,0,fp32,4,max,524288,30.9205,32340998,388.1,8,0.1297
software-arm64,host,0,fp32,4,minnum,524288,31.3487,31899244,382.8,8,0.1315
software-arm64,host,0,fp32,4,maxnum,524288,30.6652,32610299,391.3,8,0.1286
software-arm64,host,0,fp32,4,cmplt,524288,44.6685,22387133,268.6,6,0.1405
software-arm64,host,0,fp32,4,cmple,524288,44.5251,22459219,269.5,6,0.1401
software-arm64,host,0,fp32,4,cmpeq,524288,33.4118,29929507,359.2,7,0.1226
software-arm64,host,0,fp32,4,select,524288,15.6910,63730631,1019.7,16,0.1316
software-arm64,host,0,fp32,4,iand,524288,14.1559,70641835,847.7,18,0.1336
software-arm64,host,0,fp32,4,ior,524288,15.0274,66545094,798.5,16,0.1261
software-arm64,host,0,fp32,4,ixor,524288,15.2806,65442438,785.3,16,0.1282
software-arm64,host,0,fp32,4,iadd,524288,19.3110,51783891,621.4,13,0.1316
software-arm64,host,0,fp32,4,isub,524288,26.6618,37506892,450.1,9,0.1258
software-arm64,host,0,fp32,4,ishl,524288,19.1168,52310096,627.7,13,0.1303
software-arm64,host,0,fp32,4,ishr,524288,16.2081,61697394,740.4,15,0.1275
software-arm64,host,0,fp32,4,icmplt,524288,26.1002,38313943,459.8,9,0.1232
software-arm64,host,0,fp32,4,add,524288,139.2488,7181388,86.2,2,0.1460
software-arm64,host,0,fp32,4,sub,524288,144.4950,6920654,83.0,2,0.1515
software-arm64,host,0,fp32,4,mul,524288,108.8384,9187934,110.3,3,0.1712
software-arm64,host,0,fp32,4,fma,524288,117.2949,8525516,136.4,3,0.1845
software-arm64,host,0,fp32,4,abs,1048576,14.4408,69248361,554.0,8,0.1211
software-arm64,host,0,fp32,4,neg,1048576,18.1924,54967926,439.7,7,0.1335
software-arm64,host,0,fp32,4,copysign,1048576,18.5923,53785737,645.4,7,0.1365
software-arm64,host,0,fp32,4,min,1048576,31.9846,31265078,375.2,4,0.1342
software-arm64,host,0,fp32,4,max,1048576,31.3857,31861684,382.3,4,0.1316
software-arm64,host,0,fp32,4,minnum,1048576,31.0946,32159975,385.9,4,0.1304
software-arm64,host,0,fp32,4,maxnum,1048576,31.7016,31544184,378.5,4,0.1330
software-arm64,host,0,fp32,4,cmplt,1048576,43.9472,22754568,273.1,3,0.1382
software-arm64,host,0,fp32,4,cmple,1048576,44.8039,22319467,267.8,3,0.1409
software-arm64,host,0,fp32,4,cmpeq,1048576,33.3755,29962096,359.5,4,0.1400
software-arm64,host,0,fp32,4,select,1048576,15.5543,64290867,1028.7,8,0.1305
software-arm64,host,0,fp32,4,iand,1048576,13.9181,71848707,862.2,9,0.1313
software-arm64,host,0,fp32,4,ior,1048576,14.9339,66961549,803.5,8,0.1253
software-arm64,host,0,fp32,4,ixor,1048576,14.9831,66742050,800.9,8,0.1257
software-arm64,host,0,fp32,4,iadd,1048576,19.2304,52000907,624.0,7,0.1412
software-arm64,host,0,fp32,4,isub,1048576,26.5394,37679797,452.2,5,0.1391
software-arm64,host,0,fp32,4,ishl,1048576,18.8870,52946542,635.4,7,0.1386
software-arm64,host,0,fp32,4,ishr,1048576,15.9067,62866624,754.4,8,0.1334
software-arm64,host,0,fp32,4,icmplt,1048576,25.8541,38678569,464.1,5,0.1356
software-arm64,host,0,fp32,4,add,1048576,138.8512,7201956,86.4,1,0.1456
software-arm64,host,0,fp32,4,sub,1048576,145.2999,6882317,82.6,1,0.1524
software-arm64,host,0,fp32,4,mul,1048576,110.2514,9070177,108.8,1,0.1156
software-arm64,host,0,fp32,4,fma,1048576,118.1993,8460284,135.4,1,0.1239
software-arm64,host,0,fp32,4,abs,2097152,14.9860,66728777,533.8,5,0.1571
software-arm64,host,0,fp32,4,neg,2097152,18.2344,54841482,438.7,4,0.1530
software-arm64,host,0,fp32,4,copysign,2097152,18.7103,53446624,641.4,4,0.1570
software-arm64,host,0,fp32,4,min,2097152,32.6526,30625417,367.5,2,0.1370
software-arm64,host,0,fp32,4,max,2097152,31.8584,31388852,376.7,2,0.1336
software-arm64,host,0,fp32,4,minnum,2097152,32.1345,31119170,373.4,2,0.1348
software-arm64,host,0,fp32,4,maxnum,2097152,31.5375,31708251,380.5,2,0.1323
software-arm64,host,0,fp32,4,cmplt,2097152,44.0910,22680373,272.2,2,0.1849
software-arm64,host,0,fp32,4,cmple,2097152,44.6370,22402957,268.8,2,0.1872
software-arm64,host,0,fp32,4,cmpeq,2097152,33.5405,29814713,357.8,2,0.1407
software-arm64,host,0,fp32,4,select,2097152,15.8525,63081727,1009.3,4,0.1330
software-arm64,host,0,fp32,4,iand,2097152,14.0824,71010463,852.1,5,0.1477
software-arm64,host,0,fp32,4,ior,2097152,15.0753,66333557,796.0,4,0.1265
software-arm64,host,0,fp32,4,ixor,2097152,15.2261,65676589,788.1,4,0.1277
software-arm64,host,0,fp32,4,iadd,2097152,19.2529,51940237,623.3,4,0.1615
software-arm64,host,0,fp32,4,isub,2097152,26.8768,37206855,446.5,3,0.1691
software-arm64,host,0,fp32,4,ishl,2097152,18.9519,52765178,633.2,4,0.1590
software-arm64,host,0,fp32,4,ishr,2097152,16.1971,61739503,740.9,4,0.1359
software-arm64,host,0,fp32,4,icmplt,2097152,26.2419,38106941,457.3,3,0.1651
software-arm64,host,0,fp32,4,add,2097152,137.6925,7262562,87.2,1,0.2888
software-arm64,host,0,fp32,4,sub,2097152,145.1254,6890593,82.7,1,0.3043
software-arm64,host,0,fp32,4,mul,2097152,108.4647,9219588,110.6,1,0.2275
software-arm64,host,0,fp32,4,fma,2097152,118.7735,8419389,134.7,1,0.2491
software-arm64,host,0,fp32,4,abs,4194304,14.7676,67715596,541.7,3,0.1858
software-arm64,host,0,fp32,4,neg,4194304,18.1233,55177683,441.4,2,0.1520
software-arm64,host,0,fp32,4,copysign,4194304,18.6845,53520279,642.2,2,0.1567
software-arm64,host,0,fp32,4,min,4194304,31.7752,31471049,377.7,1,0.1333
software-arm64,host,0,fp32,4,max,4194304,31.3494,31898516,382.8,1,0.1315
software-arm64,host,0,fp32,4,minnum,4194304,31.7702,31476008,377.7,1,0.1333
software-arm64,host,0,fp32,4,maxnum,4194304,31.6639,31581712,379.0,1,0.1328
software-arm64,host,0,fp32,4,cmplt,4194304,44.6053,22418883,269.0,1,0.1871
software-arm64,host,0,fp32,4,cmple,4194304,44.9247,22259452,267.1,1,0.1884
software-arm64,host,0,fp32,4,cmpeq,4194304,33.6754,29695239,356.3,1,0.1412
software-arm64,host,0,fp32,4,select,4194304,15.9707,62614636,1001.8,2,0.1340
software-arm64,host,0,fp32,4,iand,4194304,13.9045,71919204,863.0,3,0.1750
software-arm64,host,0,fp32,4,ior,4194304,14.9488,66894801,802.7,2,0.1254
software-arm64,host,0,fp32,4,ixor,4194304,15.0235,66562519,798.8,2,0.1260
software-arm64,host,0,fp32,4,iadd,4194304,19.3161,51770346,621.2,2,0.1620
software-arm64,host,0,fp32,4,isub,4194304,26.4697,37779035,453.3,1,0.1110
software-arm64,host,0,fp32,4,ishl,4194304,18.7479,53339234,640.1,2,0.1573
software-arm64,host,0,fp32,4,ishr,4194304,15.8008,63287800,759.5,2,0.1325
software-arm64,host,0,fp32,4,icmplt,4194304,25.9786,38493273,461.9,1,0.1090
software-arm64,host,0,fp32,4,add,4194304,138.2446,7233554,86.8,1,0.5798
software-arm64,host,0,fp32,4,sub,4194304,144.5529,6917880,83.0,1,0.6063
software-arm64,host,0,fp32,4,mul,4194304,110.0683,9085266,109.0,1,0.4617
software-arm64,host,0,fp32,4,fma,4194304,117.3534,8521267,136.3,1,0.4922
software-arm64,host,0,fp32,4,abs,8388608,14.8717,67241734,537.9,1,0.1248
software-arm64,host,0,fp32,4,neg,8388608,17.8953,55880467,447.0,1,0.1501
software-arm64,host,0,fp32,4,copysign,8388608,18.4020,54341977,652.1,1,0.1544
software-arm64,host,0,fp32,4,min,8388608,31.6947,31551066,378.6,1,0.2659
software-arm64,host,0,fp32,4,max,8388608,31.3826,31864831,382.4,1,0.2633
software-arm64,host,0,fp32,4,minnum,8388608,31.7620,31484160,377.8,1,0.2664
software-arm64,host,0,fp32,4,maxnum,8388608,30.7755,32493330,389.9,1,0.2582
software-arm64,host,0,fp32,4,cmplt,8388608,44.6665,22388129,268.7,1,0.3747
software-arm64,host,0,fp32,4,cmple,8388608,45.0491,22198016,266.4,1,0.3779
software-arm64,host,0,fp32,4,cmpeq,8388608,33.6618,29707227,356.5,1,0.2824
software-arm64,host,0,fp32,4,select,8388608,15.6791,63779085,1020.5,1,0.1315
software-arm64,host,0,fp32,4,iand,8388608,14.1435,70704022,848.4,1,0.1186
software-arm64,host,0,fp32,4,ior,8388608,14.7609,67746768,813.0,1,0.1238
software-arm64,host,0,fp32,4,ixor,8388608,14.6753,68141895,817.7,1,0.1231
software-arm64,host,0,fp32,4,iadd,8388608,19.2107,52054334,624.7,1,0.1612
software-arm64,host,0,fp32,4,isub,8388608,26.5057,37727722,452.7,1,0.2223
software-arm64,host,0,fp32,4,ishl,8388608,19.1594,52193603,626.3,1,0.1607
software-arm64,host,0,fp32,4,ishr,8388608,16.0334,62369760,748.4,1,0.1345
software-arm64,host,0,fp32,4,icmplt,8388608,26.1133,38294704,459.5,1,0.2191
software-arm64,host,0,fp32,4,add,8388608,137.7616,7258917,87.1,1,1.1556
software-arm64,host,0,fp32,4,sub,8388608,144.2976,6930122,83.2,1,1.2105
software-arm64,host,0,fp32,4,mul,8388608,109.5957,9124449,109.5,1,0.9194
software-arm64,host,0,fp32,4,fma,8388608,116.6563,8572190,137.2,1,0.9786
software-arm64,host,0,fp32,4,abs,16777216,14.9938,66694292,533.6,1,0.2516
software-arm64,host,0,fp32,4,neg,16777216,18.5401,53937014,431.5,1,0.3111
software-arm64,host,0,fp32,4,copysign,16777216,19.3453,51692186,620.3,1,0.3246
software-arm64,host,0,fp32,4,min,16777216,32.3851,30878387,370.5,1,0.5433
software-arm64,host,0,fp32,4,max,16777216,31.5503,31695372,380.3,1,0.5293
software-arm64,host,0,fp32,4,minnum,16777216,32.1962,31059601,372.7,1,0.5402
software-arm64,host,0,fp32,4,maxnum,16777216,31.7176,31528238,378.3,1,0.5321
software-arm64,host,0,fp32,4,cmplt,16777216,46.0021,21738143,260.9,1,0.7718
software-arm64,host,0,fp32,4,cmple,16777216,45.9362,21769339,261.2,1,0.7707
software-arm64,host,0,fp32,4,cmpeq,16777216,35.1664,28436249,341.2,1,0.5900
software-arm64,host,0,fp32,4,select,16777216,15.7903,63329845,1013.3,1,0.2649
software-arm64,host,0,fp32,4,iand,16777216,13.8288,72312781,867.8,1,0.2320
software-arm64,host,0,fp32,4,ior,16777216,14.9747,66779507,801.4,1,0.2512
software-arm64,host,0,fp32,4,ixor,16777216,14.8652,67271122,807.3,1,0.2494
software-arm64,host,0,fp32,4,iadd,16777216,19.0657,52450108,629.4,1,0.3199
software-arm64,host,0,fp32,4,isub,16777216,26.3500,37950633,455.4,1,0.4421
software-arm64,host,0,fp32,4,ishl,16777216,19.0198,52576837,630.9,1,0.3191
software-arm64,host,0,fp32,4,ishr,16777216,15.9575,62666557,752.0,1,0.2677
software-arm64,host,0,fp32,4,icmplt,16777216,26.0816,38341174,460.1,1,0.4376
software-arm64,host,0,fp32,4,add,16777216,137.8630,7253576,87.0,1,2.3130
software-arm64,host,0,fp32,4,sub,16777216,143.3998,6973512,83.7,1,2.4058
software-arm64,host,0,fp32,4,mul,16777216,108.9904,9175122,110.1,1,1.8286
software-arm64,host,0,fp32,4,fma,16777216,117.5363,8508009,136.1,1,1.9719
software-arm64,host,0,fp32,4,abs,33554432,14.7878,67623206,541.0,1,0.4962
software-arm64,host,0,fp32,4,neg,33554432,18.4365,54240167,433.9,1,0.6186
software-arm64,host,0,fp32,4,copysign,33554432,19.4913,51304980,615.7,1,0.6540
software-arm64,host,0,fp32,4,min,33554432,32.4188,30846339,370.2,1,1.0878
software-arm64,host,0,fp32,4,max,33554432,31.7968,31449693,377.4,1,1.0669
software-arm64,host,0,fp32,4,minnum,33554432,32.3016,30958243,371.5,1,1.0839
software-arm64,host,0,fp32,4,maxnum,33554432,31.6877,31558009,378.7,1,1.0633
software-arm64,host,0,fp32,4,cmplt,33554432,45.8865,21792880,261.5,1,1.5397
software-arm64,host,0,fp32,4,cmple,33554432,46.2351,21628611,259.5,1,1.5514
software-arm64,host,0,fp32,4,cmpeq,33554432,34.9790,28588545,343.1,1,1.1737
software-arm64,host,0,fp32,4,select,33554432,16.0774,62199115,995.2,1,0.5395
software-arm64,host,0,fp32,4,iand,33554432,14.2009,70418240,845.0,1,0.4765
software-arm64,host,0,fp32,4,ior,33554432,15.0423,66479173,797.8,1,0.5047
software-arm64,host,0,fp32,4,ixor,33554432,15.0550,66423112,797.1,1,0.5052
software-arm64,host,0,fp32,4,iadd,33554432,19.2022,52077359,624.9,1,0.6443
software-arm64,host,0,fp32,4,isub,33554432,26.6526,37519828,450.2,1,0.8943
software-arm64,host,0,fp32,4,ishl,33554432,18.8622,53016119,636.2,1,0.6329
software-arm64,host,0,fp32,4,ishr,33554432,16.0156,62439280,749.3,1,0.5374
software-arm64,host,0,fp32,4,icmplt,33554432,26.1758,38203187,458.4,1,0.8783
software-arm64,host,0,fp32,4,add,33554432,138.3356,7228800,86.7,1,4.6418
software-arm64,host,0,fp32,4,sub,33554432,143.9310,6947774,83.4,1,4.8295
software-arm64,host,0,fp32,4,mul,33554432,109.8372,9104386,109.3,1,3.6855
software-arm64,host,0,fp32,4,fma,33554432,117.6221,8501801,136.0,1,3.9467
software-arm64,host,0,fp64,8,abs,1,28.9607,34529546,552.5,4194304,0.1215
software-arm64,host,0,fp64,8,neg,1,29.3479,34073992,545.2,4194304,0.1231
software-arm64,host,0,fp64,8,copysign,1,29.8681,33480507,803.5,1048576,0.0313
software-arm64,host,0,fp64,8,min,1,45.6409,21910171,525.8,2765699,0.1262
software-arm64,host,0,fp64,8,max,1,45.7659,21850341,524.4,1048576,0.0480
software-arm64,host,0,fp64,8,minnum,1,45.4738,21990685,527.8,2830685,0.1287
software-arm64,host,0,fp64,8,maxnum,1,44.4690,22487596,539.7,2891635,0.1286
software-arm64,host,0,fp64,8,cmplt,1,66.6540,15002847,360.1,1881057,0.1254
software-arm64,host,0,fp64,8,cmple,1,66.8883,14950303,358.8,1696067,0.1134
software-arm64,host,0,fp64,8,cmpeq,1,46.3547,21572783,517.7,2628169,0.1218
software-arm64,host,0,fp64,8,select,1,31.0075,32250254,1032.0,3433362,0.1065
software-arm64,host,0,fp64,8,iand,1,29.6021,33781443,810.8,1048576,0.0310
software-arm64,host,0,fp64,8,ior,1,31.4579,31788516,762.9,1048576,0.0330
software-arm64,host,0,fp64,8,ixor,1,31.6987,31547069,757.1,4033482,0.1279
software-arm64,host,0,fp64,8,iadd,1,32.6767,30602848,734.5,1048576,0.0343
software-arm64,host,0,fp64,8,isub,1,38.5433,25944857,622.7,3267651,0.1259
software-arm64,host,0,fp64,8,ishl,1,34.9960,28574668,685.8,1048576,0.0367
software-arm64,host,0,fp64,8,ishr,1,31.1974,32053978,769.3,3994150,0.1246
software-arm64,host,0,fp64,8,icmplt,1,29.1042,34359263,824.6,1048576,0.0305
software-arm64,host,0,fp64,8,add,1,144.8602,6903206,165.7,864523,0.1252
software-arm64,host,0,fp64,8,sub,1,150.8699,6628229,159.1,831001,0.1254
software-arm64,host,0,fp64,8,mul,1,108.4659,9219488,221.3,1148868,0.1246
software-arm64,host,0,fp64,8,fma,1,119.2914,8382834,268.3,1079600,0.1288
software-arm64,host,0,fp64,8,abs,2,24.7617,40384992,646.2,2380877,0.1179
software-arm64,host,0,fp64,8,neg,2,25.9099,38595285,617.5,1048576,0.0543
software-arm64,host,0,fp64,8,copysign,2,25.2919,39538426,948.9,2544100,0.1287
software-arm64,host,0,fp64,8,min,2,41.3486,24184610,580.4,1497898,0.1239
software-arm64,host,0,fp64,8,max,2,40.9515,24419150,586.1,1542460,0.1263
software-arm64,host,0,fp64,8,minnum,2,40.7055,24566698,589.6,1187763,0.0967
software-arm64,host,0,fp64,8,maxnum,2,40.4392,24728463,593.5,1586368,0.1283
software-arm64,host,0,fp64,8,cmplt,2,53.0322,18856476,452.6,1182961,0.1255
software-arm64,host,0,fp64,8,cmple,2,53.6767,18630072,447.1,1176843,0.1263
software-arm64,host,0,fp64,8,cmpeq,2,42.4073,23580818,565.9,1506437,0.1278
software-arm64,host,0,fp64,8,select,2,26.3597,37936663,1214.0,2425822,0.1279
software-arm64,host,0,fp64,8,iand,2,24.7565,40393447,969.4,2617253,0.1296
software-arm64,host,0,fp64,8,ior,2,26.6450,37530489,900.7,2400938,0.1279
software-arm64,host,0,fp64,8,ixor,2,26.5510,37663301,903.9,2161478,0.1148
software-arm64,host,0,fp64,8,iadd,2,28.5242,35057925,841.4,2271140,0.1296
software-arm64,host,0,fp64,8,isub,2,33.4641,29882782,717.2,1905117,0.1275
software-arm64,host,0,fp64,8,ishl,2,31.7542,31491850,755.8,2012282,0.1278
software-arm64,host,0,fp64,8,ishr,2,27.6992,36102087,866.5,2321996,0.1286
software-arm64,host,0,fp64,8,icmplt,2,24.4090,40968576,983.2,2598985,0.1269
software-arm64,host,0,fp64,8,add,2,149.5850,6685160,160.4,418120,0.1251
software-arm64,host,0,fp64,8,sub,2,152.2352,6568783,157.7,416451,0.1268
software-arm64,host,0,fp64,8,mul,2,114.5938,8726476,209.4,552879,0.1267
software-arm64,host,0,fp64,8,fma,2,124.3977,8038735,257.2,497662,0.1238
software-arm64,host,0,fp64,8,abs,4,23.7812,42049998,672.8,1346483,0.1281
software-arm64,host,0,fp64,8,neg,4,24.6940,40495721,647.9,1239898,0.1225
software-arm64,host,0,fp64,8,copysign,4,23.7921,42030762,1008.7,1315773,0.1252
software-arm64,host,0,fp64,8,min,4,40.9332,24430061,586.3,783924,0.1284
software-arm64,host,0,fp64,8,max,4,40.2979,24815216,595.6,773999,0.1248
software-arm64,host,0,fp64,8,minnum,4,40.2372,24852615,596.5,789667,0.1271
software-arm64,host,0,fp64,8,maxnum,4,39.6119,25244928,605.9,797664,0.1264
software-arm64,host,0,fp64,8,cmplt,4,59.8571,16706447,401.0,523484,0.1253
software-arm64,host,0,fp64,8,cmple,4,58.9379,16966999,407.2,522100,0.1231
software-arm64,host,0,fp64,8,cmpeq,4,42.9553,23279995,558.7,718345,0.1234
software-arm64,host,0,fp64,8,select,4,25.6634,38966048,1246.9,1208795,0.1241
software-arm64,host,0,fp64,8,iand,4,23.5626,42440098,1018.6,1310720,0.1235
software-arm64,host,0,fp64,8,ior,4,25.5942,39071318,937.7,1158699,0.1186
software-arm64,host,0,fp64,8,ixor,4,25.5498,39139209,939.3,1165458,0.1191
software-arm64,host,0,fp64,8,iadd,4,26.8446,37251383,894.0,1186559,0.1274
software-arm64,host,0,fp64,8,isub,4,33.6320,29733556,713.6,951563,0.1280
software-arm64,host,0,fp64,8,ishl,4,29.7503,33613075,806.7,1034997,0.1232
software-arm64,host,0,fp64,8,ishr,4,25.5123,39196773,940.7,1207192,0.1232
software-arm64,host,0,fp64,8,icmplt,4,33.6777,29693260,712.6,935694,0.1260
software-arm64,host,0,fp64,8,add,4,153.2244,6526375,156.6,208131,0.1276
software-arm64,host,0,fp64,8,sub,4,152.5638,6554635,157.3,203995,0.1245
software-arm64,host,0,fp64,8,mul,4,111.8259,8942469,214.6,262144,0.1173
software-arm64,host,0,fp64,8,fma,4,126.7108,7891985,252.5,246956,0.1252
software-arm64,host,0,fp64,8,abs,8,22.0763,45297415,724.8,713791,0.1261
software-arm64,host,0,fp64,8,neg,8,22.6110,44226323,707.6,708467,0.1282
software-arm64,host,0,fp64,8,copysign,8,24.8890,40178456,964.3,633333,0.1261
software-arm64,host,0,fp64,8,min,8,39.3093,25439277,610.5,393199,0.1237
software-arm64,host,0,fp64,8,max,8,38.7842,25783713,618.8,394378,0.1224
software-arm64,host,0,fp64,8,minnum,8,39.1239,25559853,613.4,394986,0.1236
software-arm64,host,0,fp64,8,maxnum,8,39.0343,25618487,614.8,401589,0.1254
software-arm64,host,0,fp64,8,cmplt,8,42.7950,23367230,560.8,369617,0.1265
software-arm64,host,0,fp64,8,cmple,8,42.8950,23312745,559.5,363944,0.1249
software-arm64,host,0,fp64,8,cmpeq,8,40.4760,24705979,592.9,389743,0.1262
software-arm64,host,0,fp64,8,select,8,23.6726,42242976,1351.8,657570,0.1245
software-arm64,host,0,fp64,8,iand,8,21.5571,46388425,1113.3,723787,0.1248
software-arm64,host,0,fp64,8,ior,8,23.6254,42327353,1015.9,663804,0.1255
software-arm64,host,0,fp64,8,ixor,8,23.6601,42265203,1014.4,685008,0.1297
software-arm64,host,0,fp64,8,iadd,8,25.6550,38978725,935.5,602309,0.1236
software-arm64,host,0,fp64,8,isub,8,33.7121,29662907,711.9,461210,0.1244
software-arm64,host,0,fp64,8,ishl,8,29.9556,33382761,801.2,520045,0.1246
software-arm64,host,0,fp64,8,ishr,8,25.8976,38613612,926.7,573750,0.1189
software-arm64,host,0,fp64,8,icmplt,8,32.4601,30807080,739.4,467767,0.1215
software-arm64,host,0,fp64,8,add,8,150.1783,6658753,159.8,102936,0.1237
software-arm64,host,0,fp64,8,sub,8,154.3571,6478486,155.5,95701,0.1182
software-arm64,host,0,fp64,8,mul,8,115.9169,8626868,207.0,132334,0.1227
software-arm64,host,0,fp64,8,fma,8,128.1895,7800949,249.6,114006,0.1169
software-arm64,host,0,fp64,8,abs,16,21.0236,47565546,761.0,358011,0.1204
software-arm64,host,0,fp64,8,neg,16,22.6288,44191477,707.1,342669,0.1241
software-arm64,host,0,fp64,8,copysign,16,24.4983,40819182,979.7,321747,0.1261
software-arm64,host,0,fp64,8,min,16,38.7596,25800076,619.2,204801,0.1270
software-arm64,host,0,fp64,8,max,16,38.0789,26261291,630.3,202532,0.1234
software-arm64,host,0,fp64,8,minnum,16,38.6724,25858205,620.6,204178,0.1263
software-arm64,host,0,fp64,8,maxnum,16,38.2776,26124966,627.0,212009,0.1298
software-arm64,host,0,fp64,8,cmplt,16,51.1946,19533309,468.8,153754,0.1259
software-arm64,host,0,fp64,8,cmple,16,50.8412,19669078,472.1,159901,0.1301
software-arm64,host,0,fp64,8,cmpeq,16,39.5834,25263096,606.3,194469,0.1232
software-arm64,host,0,fp64,8,select,16,22.5315,44382272,1420.2,347491,0.1253
software-arm64,host,0,fp64,8,iand,16,20.6070,48527180,1164.7,370411,0.1221
software-arm64,host,0,fp64,8,ior,16,22.5669,44312627,1063.5,345392,0.1247
software-arm64,host,0,fp64,8,ixor,16,22.7493,43957394,1055.0,344593,0.1254
software-arm64,host,0,fp64,8,iadd,16,25.1997,39682964,952.4,311732,0.1257
software-arm64,host,0,fp64,8,isub,16,31.9822,31267356,750.4,250858,0.1284
software-arm64,host,0,fp64,8,ishl,16,28.6865,34859574,836.6,262144,0.1203
software-arm64,host,0,fp64,8,ishr,16,25.3563,39437941,946.5,312839,0.1269
software-arm64,host,0,fp64,8,icmplt,16,34.6404,28868007,692.8,219967,0.1219
software-arm64,host,0,fp64,8,add,16,153.7496,6504080,156.1,51355,0.1263
software-arm64,host,0,fp64,8,sub,16,156.5254,6388741,153.3,50729,0.1270
software-arm64,host,0,fp64,8,mul,16,115.0561,8691414,208.6,67095,0.1235
software-arm64,host,0,fp64,8,fma,16,130.2003,7680475,245.8,60165,0.1253
software-arm64,host,0,fp64,8,abs,32,20.6099,48520427,776.3,192990,0.1273
software-arm64,host,0,fp64,8,neg,32,23.6511,42281264,676.5,170667,0.1292
software-arm64,host,0,fp64,8,copysign,32,23.7339,42133885,1011.2,160301,0.1217
software-arm64,host,0,fp64,8,min,32,38.6410,25879253,621.1,102033,0.1262
software-arm64,host,0,fp64,8,max,32,37.8678,26407631,633.8,103560,0.1255
software-arm64,host,0,fp64,8,minnum,32,38.3713,26061136,625.5,99670,0.1224
software-arm64,host,0,fp64,8,maxnum,32,37.6138,26585953,638.1,103372,0.1244
software-arm64,host,0,fp64,8,cmplt,32,50.2876,19885631,477.3,80264,0.1292
software-arm64,host,0,fp64,8,cmple,32,50.7310,19711801,473.1,75920,0.1232
software-arm64,host,0,fp64,8,cmpeq,32,39.6134,25243959,605.9,100000,0.1268
software-arm64,host,0,fp64,8,select,32,21.9092,45642883,1460.6,182272,0.1278
software-arm64,host,0,fp64,8,iand,32,20.1999,49505217,1188.1,194243,0.1256
software-arm64,host,0,fp64,8,ior,32,21.8090,45852574,1100.5,178196,0.1244
software-arm64,host,0,fp64,8,ixor,32,21.9143,45632343,1095.2,179713,0.1260
software-arm64,host,0,fp64,8,iadd,32,26.0233,38427162,922.3,155624,0.1296
software-arm64,host,0,fp64,8,isub,32,32.2075,31048653,745.2,124182,0.1280
software-arm64,host,0,fp64,8,ishl,32,28.3844,35230592,845.5,129326,0.1175
software-arm64,host,0,fp64,8,ishr,32,24.5946,40659387,975.8,167321,0.1317
software-arm64,host,0,fp64,8,icmplt,32,32.0830,31169157,748.1,120386,0.1236
software-arm64,host,0,fp64,8,add,32,152.7584,6546284,157.1,25472,0.1245
software-arm64,host,0,fp64,8,sub,32,157.6935,6341414,152.2,24679,0.1245
software-arm64,host,0,fp64,8,mul,32,118.9532,8406668,201.8,31897,0.1214
software-arm64,host,0,fp64,8,fma,32,128.7685,7765872,248.5,30549,0.1259
software-arm64,host,0,fp64,8,abs,64,20.4167,48979546,783.7,98367,0.1285
software-arm64,host,0,fp64,8,neg,64,23.4990,42554984,680.9,84336,0.1268
software-arm64,host,0,fp64,8,copysign,64,23.4177,42702743,1024.9,80885,0.1212
software-arm64,host,0,fp64,8,min,64,38.5665,25929242,622.3,51017,0.1259
software-arm64,host,0,fp64,8,max,64,37.6584,26554484,637.3,50261,0.1211
software-arm64,host,0,fp64,8,minnum,64,37.8983,26386402,633.3,50840,0.1233
software-arm64,host,0,fp64,8,maxnum,64,37.7948,26458686,635.0,52795,0.1277
software-arm64,host,0,fp64,8,cmplt,64,52.1573,19172769,460.1,38161,0.1274
software-arm64,host,0,fp64,8,cmple,64,52.8413,18924598,454.2,37416,0.1265
software-arm64,host,0,fp64,8,cmpeq,64,39.7679,25145899,603.5,48121,0.1225
software-arm64,host,0,fp64,8,select,64,22.1712,45103460,1443.3,90412,0.1283
software-arm64,host,0,fp64,8,iand,64,19.8545,50366372,1208.8,100669,0.1279
software-arm64,host,0,fp64,8,ior,64,22.0188,45415832,1090.0,90237,0.1272
software-arm64,host,0,fp64,8,ixor,64,22.2003,45044356,1081.1,91856,0.1305
software-arm64,host,0,fp64,8,iadd,64,26.1735,38206606,917.0,74756,0.1252
software-arm64,host,0,fp64,8,isub,64,31.9048,31343285,752.2,63024,0.1287
software-arm64,host,0,fp64,8,ishl,64,29.1710,34280604,822.7,68994,0.1288
software-arm64,host,0,fp64,8,ishr,64,25.4232,39334149,944.0,79380,0.1292
software-arm64,host,0,fp64,8,icmplt,64,31.7219,31523941,756.6,61517,0.1249
software-arm64,host,0,fp64,8,add,64,155.3125,6438634,154.5,12666,0.1259
software-arm64,host,0,fp64,8,sub,64,160.0970,6246215,149.9,12189,0.1249
software-arm64,host,0,fp64,8,mul,64,118.5262,8436955,202.5,16405,0.1244
software-arm64,host,0,fp64,8,fma,64,130.2238,7679089,245.7,15165,0.1264
software-arm64,host,0,fp64,8,abs,128,20.2430,49399890,790.4,46466,0.1204
software-arm64,host,0,fp64,8,neg,128,23.2182,43069648,689.1,43321,0.1287
software-arm64,host,0,fp64,8,copysign,128,24.0309,41613127,998.7,41052,0.1263
software-arm64,host,0,fp64,8,min,128,37.9575,26345232,632.3,25630,0.1245
software-arm64,host,0,fp64,8,max,128,37.8116,26446876,634.7,26076,0.1262
software-arm64,host,0,fp64,8,minnum,128,37.9263,26366912,632.8,26088,0.1266
software-arm64,host,0,fp64,8,maxnum,128,37.1343,26929249,646.3,26361,0.1253
software-arm64,host,0,fp64,8,cmplt,128,50.9632,19622007,470.9,19538,0.1275
software-arm64,host,0,fp64,8,cmple,128,50.8119,19680433,472.3,19378,0.1260
software-arm64,host,0,fp64,8,cmpeq,128,39.1809,25522631,612.5,25269,0.1267
software-arm64,host,0,fp64,8,select,128,21.6485,46192683,1478.2,46044,0.1276
software-arm64,host,0,fp64,8,iand,128,19.5811,51069726,1225.7,48375,0.1212
software-arm64,host,0,fp64,8,ior,128,21.5243,46459149,1115.0,43505,0.1199
software-arm64,host,0,fp64,8,ixor,128,21.8029,45865445,1100.8,45362,0.1266
software-arm64,host,0,fp64,8,iadd,128,25.6548,38979121,935.5,38695,0.1271
software-arm64,host,0,fp64,8,isub,128,31.8384,31408641,753.8,30646,0.1249
software-arm64,host,0,fp64,8,ishl,128,29.2456,34193152,820.6,33306,0.1247
software-arm64,host,0,fp64,8,ishr,128,25.6579,38974391,935.4,38880,0.1277
software-arm64,host,0,fp64,8,icmplt,128,33.7035,29670524,712.1,28706,0.1238
software-arm64,host,0,fp64,8,add,128,154.5298,6471244,155.3,6272,0.1241
software-arm64,host,0,fp64,8,sub,128,161.8861,6177183,148.3,6009,0.1245
software-arm64,host,0,fp64,8,mul,128,123.6092,8090011,194.2,7752,0.1227
software-arm64,host,0,fp64,8,fma,128,135.1576,7398768,236.8,7359,0.1273
software-arm64,host,0,fp64,8,abs,256,20.3988,49022398,784.4,24187,0.1263
software-arm64,host,0,fp64,8,neg,256,23.8218,41978407,671.7,20595,0.1256
software-arm64,host,0,fp64,8,copysign,256,24.7443,40413315,969.9,20066,0.1271
software-arm64,host,0,fp64,8,min,256,38.4169,26030215,624.7,12936,0.1272
software-arm64,host,0,fp64,8,max,256,37.7137,26515542,636.4,12662,0.1222
software-arm64,host,0,fp64,8,minnum,256,38.0208,26301398,631.2,12847,0.1250
software-arm64,host,0,fp64,8,maxnum,256,37.1721,26901867,645.6,13256,0.1261
software-arm64,host,0,fp64,8,cmplt,256,51.7282,19331798,464.0,9413,0.1247
software-arm64,host,0,fp64,8,cmple,256,52.0649,19206816,461.0,9440,0.1258
software-arm64,host,0,fp64,8,cmpeq,256,39.0333,25619179,614.9,12289,0.1228
software-arm64,host,0,fp64,8,select,256,21.6267,46239044,1479.6,22334,0.1237
software-arm64,host,0,fp64,8,iand,256,19.8501,50377535,1209.1,24660,0.1253
software-arm64,host,0,fp64,8,ior,256,21.5643,46372942,1113.0,21187,0.1170
software-arm64,host,0,fp64,8,ixor,256,21.6710,46144605,1107.5,22699,0.1259
software-arm64,host,0,fp64,8,iadd,256,25.9424,38546864,925.1,19265,0.1279
software-arm64,host,0,fp64,8,isub,256,32.8901,30404307,729.7,14824,0.1248
software-arm64,host,0,fp64,8,ishl,256,28.7001,34843135,836.2,17145,0.1260
software-arm64,host,0,fp64,8,ishr,256,25.1644,39738606,953.7,19084,0.1229
software-arm64,host,0,fp64,8,icmplt,256,32.9809,30320548,727.7,14337,0.1210
software-arm64,host,0,fp64,8,add,256,157.8886,6333580,152.0,3080,0.1245
software-arm64,host,0,fp64,8,sub,256,163.4017,6119886,146.9,3015,0.1261
software-arm64,host,0,fp64,8,mul,256,123.0358,8127716,195.1,3878,0.1221
software-arm64,host,0,fp64,8,fma,256,133.4127,7495536,239.9,3755,0.1282
software-arm64,host,0,fp64,8,abs,512,20.2401,49406780,790.5,12189,0.1263
software-arm64,host,0,fp64,8,neg,512,23.4857,42579165,681.3,10381,0.1248
software-arm64,host,0,fp64,8,copysign,512,24.0859,41518047,996.4,10148,0.1251
software-arm64,host,0,fp64,8,min,512,38.2027,26176194,628.2,6426,0.1257
software-arm64,host,0,fp64,8,max,512,38.5694,25927306,622.3,6452,0.1274
software-arm64,host,0,fp64,8,minnum,512,37.8459,26422908,634.1,6470,0.1254
software-arm64,host,0,fp64,8,maxnum,512,37.4881,26675162,640.2,6509,0.1249
software-arm64,host,0,fp64,8,cmplt,512,52.1679,19168879,460.1,4096,0.1094
software-arm64,host,0,fp64,8,cmple,512,52.0077,19227913,461.5,3892,0.1036
software-arm64,host,0,fp64,8,cmpeq,512,39.3471,25414837,610.0,6204,0.1250
software-arm64,host,0,fp64,8,select,512,21.6565,46175488,1477.6,11040,0.1224
software-arm64,host,0,fp64,8,iand,512,19.6850,50800105,1219.2,12462,0.1256
software-arm64,host,0,fp64,8,ior,512,21.8355,45797038,1099.1,11276,0.1261
software-arm64,host,0,fp64,8,ixor,512,21.7238,46032459,1104.8,11135,0.1238
software-arm64,host,0,fp64,8,iadd,512,26.3072,38012438,912.3,9276,0.1249
software-arm64,host,0,fp64,8,isub,512,32.7318,30551338,733.2,7376,0.1236
software-arm64,host,0,fp64,8,ishl,512,29.0056,34476078,827.4,8436,0.1253
software-arm64,host,0,fp64,8,ishr,512,25.4088,39356503,944.6,9692,0.1261
software-arm64,host,0,fp64,8,icmplt,512,32.4697,30797952,739.2,7483,0.1244
software-arm64,host,0,fp64,8,add,512,160.0438,6248289,150.0,1494,0.1224
software-arm64,host,0,fp64,8,sub,512,164.4039,6082581,146.0,1476,0.1242
software-arm64,host,0,fp64,8,mul,512,124.6054,8025337,192.6,1945,0.1241
software-arm64,host,0,fp64,8,fma,512,134.5942,7429739,237.8,1641,0.1131
software-arm64,host,0,fp64,8,abs,1024,20.0751,49812924,797.0,6053,0.1244
software-arm64,host,0,fp64,8,neg,1024,23.5881,42394331,678.3,5176,0.1250
software-arm64,host,0,fp64,8,copysign,1024,23.9918,41680867,1000.3,4096,0.1006
software-arm64,host,0,fp64,8,min,1024,38.0975,26248428,630.0,3204,0.1250
software-arm64,host,0,fp64,8,max,1024,37.5982,26597037,638.3,2831,0.1090
software-arm64,host,0,fp64,8,minnum,1024,38.2597,26137187,627.3,3176,0.1244
software-arm64,host,0,fp64,8,maxnum,1024,37.0604,26982984,647.6,3170,0.1203
software-arm64,host,0,fp64,8,cmplt,1024,53.3045,18760137,450.2,2386,0.1302
software-arm64,host,0,fp64,8,cmple,1024,52.9078,18900809,453.6,2399,0.1300
software-arm64,host,0,fp64,8,cmpeq,1024,39.4082,25375413,609.0,3206,0.1294
software-arm64,host,0,fp64,8,select,1024,21.5370,46431753,1485.8,5680,0.1253
software-arm64,host,0,fp64,8,iand,1024,19.5441,51166413,1228.0,6246,0.1250
software-arm64,host,0,fp64,8,ior,1024,21.9182,45624124,1095.0,5616,0.1260
software-arm64,host,0,fp64,8,ixor,1024,21.8501,45766400,1098.4,5669,0.1268
software-arm64,host,0,fp64,8,iadd,1024,26.0274,38420988,922.1,4096,0.1092
software-arm64,host,0,fp64,8,isub,1024,33.0382,30268015,726.4,3718,0.1258
software-arm64,host,0,fp64,8,ishl,1024,29.3963,34017892,816.4,4096,0.1233
software-arm64,host,0,fp64,8,ishr,1024,25.4791,39247888,941.9,4096,0.1069
software-arm64,host,0,fp64,8,icmplt,1024,33.2018,30118828,722.9,3751,0.1275
software-arm64,host,0,fp64,8,add,1024,160.1652,6243553,149.8,763,0.1251
software-arm64,host,0,fp64,8,sub,1024,163.3011,6123659,147.0,749,0.1252
software-arm64,host,0,fp64,8,mul,1024,123.5337,8094959,194.3,991,0.1254
software-arm64,host,0,fp64,8,fma,1024,135.5480,7377463,236.1,900,0.1249
software-arm64,host,0,fp64,8,abs,2048,20.4935,48796064,780.7,3027,0.1270
software-arm64,host,0,fp64,8,neg,2048,23.6608,42263915,676.2,2536,0.1229
software-arm64,host,0,fp64,8,copysign,2048,24.4045,40976091,983.4,2190,0.1095
software-arm64,host,0,fp64,8,min,2048,38.4912,25979937,623.5,1630,0.1285
software-arm64,host,0,fp64,8,max,2048,37.7149,26514698,636.4,1578,0.1219
software-arm64,host,0,fp64,8,minnum,2048,37.9265,26366810,632.8,1632,0.1268
software-arm64,host,0,fp64,8,maxnum,2048,37.5463,26633748,639.2,1694,0.1303
software-arm64,host,0,fp64,8,cmplt,2048,52.4490,19066156,457.6,1177,0.1264
software-arm64,host,0,fp64,8,cmple,2048,52.5191,19040678,457.0,1191,0.1281
software-arm64,host,0,fp64,8,cmpeq,2048,39.1144,25566059,613.6,1450,0.1162
software-arm64,host,0,fp64,8,select,2048,21.7158,46049443,1473.6,2916,0.1297
software-arm64,host,0,fp64,8,iand,2048,19.5132,51247451,1229.9,3213,0.1284
software-arm64,host,0,fp64,8,ior,2048,21.5181,46472577,1115.3,2971,0.1309
software-arm64,host,0,fp64,8,ixor,2048,21.5824,46334054,1112.0,2929,0.1295
software-arm64,host,0,fp64,8,iadd,2048,25.7739,38799002,931.2,2431,0.1283
software-arm64,host,0,fp64,8,isub,2048,32.1849,31070478,745.7,1828,0.1205
software-arm64,host,0,fp64,8,ishl,2048,29.0797,34388281,825.3,2030,0.1209
software-arm64,host,0,fp64,8,ishr,2048,25.4258,39330199,943.9,2349,0.1223
software-arm64,host,0,fp64,8,icmplt,2048,32.3755,30887554,741.3,1931,0.1280
software-arm64,host,0,fp64,8,add,2048,159.6592,6263339,150.3,392,0.1282
software-arm64,host,0,fp64,8,sub,2048,164.8372,6066594,145.6,370,0.1249
software-arm64,host,0,fp64,8,mul,2048,125.7739,7950778,190.8,489,0.1260
software-arm64,host,0,fp64,8,fma,2048,134.8663,7414748,237.3,446,0.1232
software-arm64,host,0,fp64,8,abs,4096,19.9887,50028255,800.5,1481,0.1213
software-arm64,host,0,fp64,8,neg,4096,23.7852,42042873,672.7,1289,0.1256
software-arm64,host,0,fp64,8,copysign,4096,24.2518,41234036,989.6,1282,0.1273
software-arm64,host,0,fp64,8,min,4096,38.4904,25980529,623.5,789,0.1244
software-arm64,host,0,fp64,8,max,4096,37.9914,26321725,631.7,806,0.1254
software-arm64,host,0,fp64,8,minnum,4096,38.2313,26156597,627.8,808,0.1265
software-arm64,host,0,fp64,8,maxnum,4096,37.7563,26485633,635.7,834,0.1290
software-arm64,host,0,fp64,8,cmplt,4096,53.1341,18820315,451.7,565,0.1230
software-arm64,host,0,fp64,8,cmple,4096,53.0536,18848861,452.4,569,0.1236
software-arm64,host,0,fp64,8,cmpeq,4096,39.2932,25449670,610.8,747,0.1202
software-arm64,host,0,fp64,8,select,4096,21.6301,46231974,1479.4,1391,0.1232
software-arm64,host,0,fp64,8,iand,4096,19.7251,50696772,1216.7,1593,0.1287
software-arm64,host,0,fp64,8,ior,4096,21.7580,45960194,1103.0,1335,0.1190
software-arm64,host,0,fp64,8,ixor,4096,21.9501,45557808,1093.4,1355,0.1218
software-arm64,host,0,fp64,8,iadd,4096,26.1938,38176990,916.2,1201,0.1289
software-arm64,host,0,fp64,8,isub,4096,32.9497,30349287,728.4,947,0.1278
software-arm64,host,0,fp64,8,ishl,4096,29.3627,34056798,817.4,1042,0.1253
software-arm64,host,0,fp64,8,ishr,4096,25.5976,39066184,937.6,1136,0.1191
software-arm64,host,0,fp64,8,icmplt,4096,32.9606,30339257,728.1,909,0.1227
software-arm64,host,0,fp64,8,add,4096,160.3480,6236436,149.7,191,0.1254
software-arm64,host,0,fp64,8,sub,4096,166.1762,6017710,144.4,184,0.1252
software-arm64,host,0,fp64,8,mul,4096,123.9414,8068330,193.6,244,0.1239
software-arm64,host,0,fp64,8,fma,4096,135.1167,7401009,236.8,226,0.1251
software-arm64,host,0,fp64,8,abs,8192,20.0268,49933024,798.9,753,0.1235
software-arm64,host,0,fp64,8,neg,8192,23.5761,42415842,678.7,650,0.1255
software-arm64,host,0,fp64,8,copysign,8192,24.1288,41444282,994.7,632,0.1249
software-arm64,host,0,fp64,8,min,8192,38.4869,25982900,623.6,401,0.1264
software-arm64,host,0,fp64,8,max,8192,37.6051,26592138,638.2,410,0.1263
software-arm64,host,0,fp64,8,minnum,8192,37.9674,26338357,632.1,410,0.1275
software-arm64,host,0,fp64,8,maxnum,8192,37.0824,26966959,647.2,403,0.1224
software-arm64,host,0,fp64,8,cmplt,8192,52.8539,18920085,454.1,286,0.1238
software-arm64,host,0,fp64,8,cmple,8192,52.2490,19139115,459.3,292,0.1250
software-arm64,host,0,fp64,8,cmpeq,8192,39.0097,25634636,615.2,377,0.1205
software-arm64,host,0,fp64,8,select,8192,21.3351,46871031,1499.9,710,0.1241
software-arm64,host,0,fp64,8,iand,8192,19.3485,51683469,1240.4,759,0.1203
software-arm64,host,0,fp64,8,ior,8192,21.6068,46281753,1110.8,714,0.1264
software-arm64,host,0,fp64,8,ixor,8192,21.6629,46161972,1107.9,699,0.1240
software-arm64,host,0,fp64,8,iadd,8192,25.8128,38740506,929.8,587,0.1241
software-arm64,host,0,fp64,8,isub,8192,32.4205,30844661,740.3,433,0.1150
software-arm64,host,0,fp64,8,ishl,8192,29.2481,34190208,820.6,521,0.1248
software-arm64,host,0,fp64,8,ishr,8192,25.6464,38991810,935.8,587,0.1233
software-arm64,host,0,fp64,8,icmplt,8192,32.6274,30649092,735.6,476,0.1272
software-arm64,host,0,fp64,8,add,8192,162.3869,6158131,147.8,95,0.1264
software-arm64,host,0,fp64,8,sub,8192,166.3978,6009696,144.2,92,0.1254
software-arm64,host,0,fp64,8,mul,8192,125.9201,7941546,190.6,121,0.1248
software-arm64,host,0,fp64,8,fma,8192,138.0670,7242859,231.8,111,0.1255
software-arm64,host,0,fp64,8,abs,16384,20.2112,49477482,791.6,370,0.1225
software-arm64,host,0,fp64,8,neg,16384,23.8066,42005208,672.1,320,0.1248
software-arm64,host,0,fp64,8,copysign,16384,24.4722,40862647,980.7,319,0.1279
software-arm64,host,0,fp64,8,min,16384,38.2693,26130574,627.1,201,0.1260
software-arm64,host,0,fp64,8,max,16384,38.2291,26158108,627.8,200,0.1253
software-arm64,host,0,fp64,8,minnum,16384,37.4452,26705679,640.9,203,0.1245
software-arm64,host,0,fp64,8,maxnum,16384,37.4326,26714688,641.2,203,0.1245
software-arm64,host,0,fp64,8,cmplt,16384,52.0061,19228512,461.5,147,0.1253
software-arm64,host,0,fp64,8,cmple,16384,51.9957,19232350,461.6,147,0.1252
software-arm64,host,0,fp64,8,cmpeq,16384,39.4660,25338293,608.1,195,0.1261
software-arm64,host,0,fp64,8,select,16384,21.5389,46427597,1485.7,357,0.1260
software-arm64,host,0,fp64,8,iand,16384,19.5099,51255960,1230.1,395,0.1263
software-arm64,host,0,fp64,8,ior,16384,21.7383,46001724,1104.0,355,0.1264
software-arm64,host,0,fp64,8,ixor,16384,21.6011,46293970,1111.1,353,0.1249
software-arm64,host,0,fp64,8,iadd,16384,25.9084,38597542,926.3,294,0.1248
software-arm64,host,0,fp64,8,isub,16384,32.5856,30688438,736.5,237,0.1265
software-arm64,host,0,fp64,8,ishl,16384,29.3119,34115838,818.8,260,0.1249
software-arm64,host,0,fp64,8,ishr,16384,25.4924,39227351,941.5,304,0.1270
software-arm64,host,0,fp64,8,icmplt,16384,32.6402,30637025,735.3,234,0.1251
software-arm64,host,0,fp64,8,add,16384,160.8488,6217018,149.2,49,0.1291
software-arm64,host,0,fp64,8,sub,16384,166.2636,6014546,144.3,48,0.1308
software-arm64,host,0,fp64,8,mul,16384,126.5751,7900448,189.6,62,0.1286
software-arm64,host,0,fp64,8,fma,16384,136.0267,7351500,235.2,56,0.1248
software-arm64,host,0,fp64,8,abs,32768,20.2926,49279130,788.5,188,0.1250
software-arm64,host,0,fp64,8,neg,32768,23.6743,42239828,675.8,163,0.1264
software-arm64,host,0,fp64,8,copysign,32768,24.1134,41470791,995.3,157,0.1241
software-arm64,host,0,fp64,8,min,32768,38.4418,26013369,624.3,100,0.1260
software-arm64,host,0,fp64,8,max,32768,38.0814,26259535,630.2,101,0.1260
software-arm64,host,0,fp64,8,minnum,32768,37.9501,26350368,632.4,100,0.1244
software-arm64,host,0,fp64,8,maxnum,32768,37.7075,26519951,636.5,102,0.1260
software-arm64,host,0,fp64,8,cmplt,32768,53.5116,18687530,448.5,64,0.1122
software-arm64,host,0,fp64,8,cmple,32768,53.1912,18800108,451.2,64,0.1116
software-arm64,host,0,fp64,8,cmpeq,32768,39.0974,25577134,613.9,97,0.1243
software-arm64,host,0,fp64,8,select,32768,21.7534,45969877,1471.0,178,0.1269
software-arm64,host,0,fp64,8,iand,32768,19.6347,50930161,1222.3,197,0.1267
software-arm64,host,0,fp64,8,ior,32768,21.9733,45509706,1092.2,180,0.1296
software-arm64,host,0,fp64,8,ixor,32768,21.6376,46215743,1109.2,178,0.1262
software-arm64,host,0,fp64,8,iadd,32768,25.9261,38571131,925.7,148,0.1257
software-arm64,host,0,fp64,8,isub,32768,32.5527,30719431,737.3,118,0.1259
software-arm64,host,0,fp64,8,ishl,32768,29.0681,34401964,825.6,133,0.1267
software-arm64,host,0,fp64,8,ishr,32768,25.5137,39194609,940.7,150,0.1254
software-arm64,host,0,fp64,8,icmplt,32768,32.4402,30825964,739.8,119,0.1265
software-arm64,host,0,fp64,8,add,32768,160.7424,6221132,149.3,24,0.1264
software-arm64,host,0,fp64,8,sub,32768,165.3671,6047151,145.1,24,0.1300
software-arm64,host,0,fp64,8,mul,32768,125.1183,7992439,191.8,32,0.1312
software-arm64,host,0,fp64,8,fma,32768,135.9064,7358008,235.5,29,0.1291
software-arm64,host,0,fp64,8,abs,65536,20.1456,49638589,794.2,95,0.1254
software-arm64,host,0,fp64,8,neg,65536,23.6624,42261094,676.2,81,0.1256
software-arm64,host,0,fp64,8,copysign,65536,24.2665,41209106,989.0,64,0.1018
software-arm64,host,0,fp64,8,min,65536,38.2579,26138398,627.3,52,0.1304
software-arm64,host,0,fp64,8,max,65536,37.6111,26587882,638.1,51,0.1257
software-arm64,host,0,fp64,8,minnum,65536,38.3110,26102161,626.5,52,0.1306
software-arm64,host,0,fp64,8,maxnum,65536,36.9480,27065076,649.6,52,0.1259
software-arm64,host,0,fp64,8,cmplt,65536,53.1929,18799487,451.2,38,0.1325
software-arm64,host,0,fp64,8,cmple,65536,52.8967,18904781,453.7,33,0.1144
software-arm64,host,0,fp64,8,cmpeq,65536,39.3725,25398462,609.6,51,0.1316
software-arm64,host,0,fp64,8,select,65536,22.0340,45384327,1452.3,88,0.1271
software-arm64,host,0,fp64,8,iand,65536,19.8427,50396322,1209.5,97,0.1261
software-arm64,host,0,fp64,8,ior,65536,21.6337,46224246,1109.4,88,0.1248
software-arm64,host,0,fp64,8,ixor,65536,21.8734,45717658,1097.2,87,0.1247
software-arm64,host,0,fp64,8,iadd,65536,26.1393,38256631,918.2,64,0.1096
software-arm64,host,0,fp64,8,isub,65536,32.6190,30656943,735.8,61,0.1304
software-arm64,host,0,fp64,8,ishl,65536,29.4170,33993905,815.9,64,0.1234
software-arm64,host,0,fp64,8,ishr,65536,25.9693,38507055,924.2,64,0.1089
software-arm64,host,0,fp64,8,icmplt,65536,33.0079,30295761,727.1,58,0.1255
software-arm64,host,0,fp64,8,add,65536,159.8167,6257167,150.2,12,0.1257
software-arm64,host,0,fp64,8,sub,65536,166.3297,6012155,144.3,12,0.1308
software-arm64,host,0,fp64,8,mul,65536,125.0173,7998893,192.0,15,0.1229
software-arm64,host,0,fp64,8,fma,65536,137.0565,7296262,233.5,15,0.1347
software-arm64,host,0,fp64,8,abs,131072,20.1961,49514461,792.2,48,0.1271
software-arm64,host,0,fp64,8,neg,131072,23.7231,42153083,674.4,42,0.1306
software-arm64,host,0,fp64,8,copysign,131072,24.1824,41352317,992.5,39,0.1236
software-arm64,host,0,fp64,8,min,131072,38.3051,26106216,626.5,25,0.1255
software-arm64,host,0,fp64,8,max,131072,37.2648,26834958,644.0,24,0.1172
software-arm64,host,0,fp64,8,minnum,131072,37.7056,26521230,636.5,26,0.1285
software-arm64,host,0,fp64,8,maxnum,131072,37.3883,26746355,641.9,27,0.1323
software-arm64,host,0,fp64,8,cmplt,131072,52.2987,19120935,458.9,19,0.1302
software-arm64,host,0,fp64,8,cmple,131072,52.3627,19097581,458.3,18,0.1235
software-arm64,host,0,fp64,8,cmpeq,131072,38.9917,25646484,615.5,25,0.1278
software-arm64,host,0,fp64,8,select,131072,21.6066,46282131,1481.0,46,0.1303
software-arm64,host,0,fp64,8,iand,131072,19.5583,51129298,1227.1,50,0.1282
software-arm64,host,0,fp64,8,ior,131072,21.4698,46577065,1117.8,45,0.1266
software-arm64,host,0,fp64,8,ixor,131072,21.3698,46795079,1123.1,46,0.1288
software-arm64,host,0,fp64,8,iadd,131072,25.6989,38912181,933.9,37,0.1246
software-arm64,host,0,fp64,8,isub,131072,33.2718,30055492,721.3,30,0.1308
software-arm64,host,0,fp64,8,ishl,131072,29.2839,34148424,819.6,33,0.1267
software-arm64,host,0,fp64,8,ishr,131072,25.5952,39069750,937.7,39,0.1308
software-arm64,host,0,fp64,8,icmplt,131072,32.6744,30604966,734.5,27,0.1156
software-arm64,host,0,fp64,8,add,131072,161.3973,6195891,148.7,6,0.1269
software-arm64,host,0,fp64,8,sub,131072,167.1206,5983702,143.6,6,0.1314
software-arm64,host,0,fp64,8,mul,131072,126.7109,7891981,189.4,8,0.1329
software-arm64,host,0,fp64,8,fma,131072,138.3656,7227229,231.3,7,0.1270
software-arm64,host,0,fp64,8,abs,262144,20.1701,49578452,793.3,24,0.1269
software-arm64,host,0,fp64,8,neg,262144,23.9654,41726855,667.6,21,0.1319
software-arm64,host,0,fp64,8,copysign,262144,24.4444,40909168,981.8,21,0.1346
software-arm64,host,0,fp64,8,min,262144,38.4906,25980377,623.5,13,0.1312
software-arm64,host,0,fp64,8,max,262144,38.1323,26224515,629.4,14,0.1399
software-arm64,host,0,fp64,8,minnum,262144,37.8453,26423348,634.2,13,0.1290
software-arm64,host,0,fp64,8,maxnum,262144,37.7004,26524946,636.6,13,0.1285
software-arm64,host,0,fp64,8,cmplt,262144,52.6791,18982874,455.6,10,0.1381
software-arm64,host,0,fp64,8,cmple,262144,52.3262,19110884,458.7,9,0.1235
software-arm64,host,0,fp64,8,cmpeq,262144,39.0138,25631963,615.2,13,0.1330
software-arm64,host,0,fp64,8,select,262144,21.9265,45606814,1459.4,23,0.1322
software-arm64,host,0,fp64,8,iand,262144,19.6875,50793636,1219.0,26,0.1342
software-arm64,host,0,fp64,8,ior,262144,21.7360,46006702,1104.2,21,0.1197
software-arm64,host,0,fp64,8,ixor,262144,21.4288,46666192,1120.0,21,0.1180
software-arm64,host,0,fp64,8,iadd,262144,25.8773,38643908,927.5,19,0.1289
software-arm64,host,0,fp64,8,isub,262144,32.6294,30647213,735.5,15,0.1283
software-arm64,host,0,fp64,8,ishl,262144,29.3305,34094163,818.3,17,0.1307
software-arm64,host,0,fp64,8,ishr,262144,25.7691,38806125,931.3,18,0.1216
software-arm64,host,0,fp64,8,icmplt,262144,32.6827,30597235,734.3,14,0.1199
software-arm64,host,0,fp64,8,add,262144,161.1150,6206746,149.0,3,0.1267
software-arm64,host,0,fp64,8,sub,262144,165.3201,6048872,145.2,3,0.1300
software-arm64,host,0,fp64,8,mul,262144,124.7663,8014982,192.4,4,0.1308
software-arm64,host,0,fp64,8,fma,262144,138.6051,7214741,230.9,4,0.1453
software-arm64,host,0,fp64,8,abs,524288,20.0255,49936215,799.0,13,0.1365
software-arm64,host,0,fp64,8,neg,524288,23.6418,42298036,676.8,11,0.1363
software-arm64,host,0,fp64,8,copysign,524288,24.3925,40996192,983.9,10,0.1279
software-arm64,host,0,fp64,8,min,524288,38.5633,25931378,622.4,7,0.1415
software-arm64,host,0,fp64,8,max,524288,38.0805,26260168,630.2,7,0.1398
software-arm64,host,0,fp64,8,minnum,524288,38.5066,25969544,623.3,7,0.1413
software-arm64,host,0,fp64,8,maxnum,524288,37.8254,26437228,634.5,7,0.1388
software-arm64,host,0,fp64,8,cmplt,524288,53.2516,18778762,450.7,5,0.1396
software-arm64,host,0,fp64,8,cmple,524288,52.2961,19121897,458.9,5,0.1371
software-arm64,host,0,fp64,8,cmpeq,524288,39.3333,25423722,610.2,6,0.1237
software-arm64,host,0,fp64,8,select,524288,21.4676,46581922,1490.6,11,0.1238
software-arm64,host,0,fp64,8,iand,524288,19.6740,50828548,1219.9,12,0.1238
software-arm64,host,0,fp64,8,ior,524288,21.7285,46022472,1104.5,11,0.1253
software-arm64,host,0,fp64,8,ixor,524288,21.6926,46098683,1106.4,12,0.1365
software-arm64,host,0,fp64,8,iadd,524288,26.0290,38418665,922.0,10,0.1365
software-arm64,host,0,fp64,8,isub,524288,32.8372,30453310,730.9,8,0.1377
software-arm64,host,0,fp64,8,ishl,524288,29.2151,34228909,821.5,9,0.1379
software-arm64,host,0,fp64,8,ishr,524288,25.4671,39266333,942.4,10,0.1335
software-arm64,host,0,fp64,8,icmplt,524288,32.4101,30854537,740.5,8,0.1359
software-arm64,host,0,fp64,8,add,524288,160.3136,6237774,149.7,2,0.1681
software-arm64,host,0,fp64,8,sub,524288,165.6981,6035074,144.8,2,0.1737
software-arm64,host,0,fp64,8,mul,524288,125.1211,7992256,191.8,2,0.1312
software-arm64,host,0,fp64,8,fma,524288,136.1952,7342404,235.0,2,0.1428
software-arm64,host,0,fp64,8,abs,1048576,20.4466,48907843,782.5,6,0.1286
software-arm64,host,0,fp64,8,neg,1048576,23.9185,41808695,668.9,6,0.1505
software-arm64,host,0,fp64,8,copysign,1048576,24.5125,40795543,979.1,5,0.1285
software-arm64,host,0,fp64,8,min,1048576,38.0545,26278124,630.7,4,0.1596
software-arm64,host,0,fp64,8,max,1048576,37.5159,26655380,639.7,4,0.1574
software-arm64,host,0,fp64,8,minnum,1048576,37.9205,26370978,632.9,4,0.1591
software-arm64,host,0,fp64,8,maxnum,1048576,38.0185,26303008,631.3,4,0.1595
software-arm64,host,0,fp64,8,cmplt,1048576,52.4324,19072185,457.7,3,0.1649
software-arm64,host,0,fp64,8,cmple,1048576,53.1708,18807301,451.4,3,0.1673
software-arm64,host,0,fp64,8,cmpeq,1048576,39.0916,25580952,613.9,4,0.1640
software-arm64,host,0,fp64,8,select,1048576,22.0577,45335658,1450.7,6,0.1388
software-arm64,host,0,fp64,8,iand,1048576,19.8924,50270519,1206.5,6,0.1252
software-arm64,host,0,fp64,8,ior,1048576,21.8355,45797011,1099.1,6,0.1374
software-arm64,host,0,fp64,8,ixor,1048576,21.7827,45907957,1101.8,6,0.1370
software-arm64,host,0,fp64,8,iadd,1048576,25.8457,38691128,928.6,5,0.1355
software-arm64,host,0,fp64,8,isub,1048576,32.4261,30839337,740.1,4,0.1360
software-arm64,host,0,fp64,8,ishl,1048576,29.2801,34152900,819.7,5,0.1535
software-arm64,host,0,fp64,8,ishr,1048576,25.5735,39102917,938.5,5,0.1341
software-arm64,host,0,fp64,8,icmplt,1048576,32.3589,30903414,741.7,4,0.1357
software-arm64,host,0,fp64,8,add,1048576,160.4548,6232287,149.6,1,0.1682
software-arm64,host,0,fp64,8,sub,1048576,165.9212,6026957,144.6,1,0.1740
software-arm64,host,0,fp64,8,mul,1048576,125.1211,7992256,191.8,1,0.1312
software-arm64,host,0,fp64,8,fma,1048576,137.0544,7296371,233.5,1,0.1437
software-arm64,host,0,fp64,8,abs,2097152,20.2025,49498782,792.0,4,0.1695
software-arm64,host,0,fp64,8,neg,2097152,23.8034,42010817,672.2,3,0.1498
software-arm64,host,0,fp64,8,copysign,2097152,24.4567,40888658,981.3,3,0.1539
software-arm64,host,0,fp64,8,min,2097152,38.5313,25952924,622.9,2,0.1616
software-arm64,host,0,fp64,8,max,2097152,37.9131,26376119,633.0,2,0.1590
software-arm64,host,0,fp64,8,minnum,2097152,38.4860,25983472,623.6,2,0.1614
software-arm64,host,0,fp64,8,maxnum,2097152,37.8339,26431302,634.4,2,0.1587
software-arm64,host,0,fp64,8,cmplt,2097152,52.8936,18905865,453.7,1,0.1109
software-arm64,host,0,fp64,8,cmple,2097152,53.3643,18739128,449.7,1,0.1119
software-arm64,host,0,fp64,8,cmpeq,2097152,39.5062,25312485,607.5,2,0.1657
software-arm64,host,0,fp64,8,select,2097152,21.7015,46079775,1474.6,3,0.1365
software-arm64,host,0,fp64,8,iand,2097152,19.7009,50759141,1218.2,4,0.1653
software-arm64,host,0,fp64,8,ior,2097152,21.6249,46243025,1109.8,3,0.1361
software-arm64,host,0,fp64,8,ixor,2097152,21.6958,46091928,1106.2,3,0.1365
software-arm64,host,0,fp64,8,iadd,2097152,25.9156,38586763,926.1,3,0.1630
software-arm64,host,0,fp64,8,isub,2097152,32.5813,30692425,736.6,2,0.1367
software-arm64,host,0,fp64,8,ishl,2097152,29.3357,34088208,818.1,3,0.1846
software-arm64,host,0,fp64,8,ishr,2097152,25.4148,39347176,944.3,3,0.1599
software-arm64,host,0,fp64,8,icmplt,2097152,32.3312,30929849,742.3,2,0.1356
software-arm64,host,0,fp64,8,add,2097152,160.8343,6217579,149.2,1,0.3373
software-arm64,host,0,fp64,8,sub,2097152,166.6980,5998873,144.0,1,0.3496
software-arm64,host,0,fp64,8,mul,2097152,126.0772,7931650,190.4,1,0.2644
software-arm64,host,0,fp64,8,fma,2097152,137.4264,7276624,232.9,1,0.2882
software-arm64,host,0,fp64,8,abs,4194304,20.2529,49375540,790.0,2,0.1699
software-arm64,host,0,fp64,8,neg,4194304,23.5198,42517451,680.3,2,0.1973
software-arm64,host,0,fp64,8,copysign,4194304,24.4794,40850692,980.4,1,0.1027
software-arm64,host,0,fp64,8,min,4194304,38.3809,26054652,625.3,1,0.1610
software-arm64,host,0,fp64,8,max,4194304,38.1846,26188539,628.5,1,0.1602
software-arm64,host,0,fp64,8,minnum,4194304,37.7955,26458146,635.0,1,0.1585
software-arm64,host,0,fp64,8,maxnum,4194304,37.5469,26633376,639.2,1,0.1575
software-arm64,host,0,fp64,8,cmplt,4194304,52.7599,18953794,454.9,1,0.2213
software-arm64,host,0,fp64,8,cmple,4194304,53.0436,18852414,452.5,1,0.2225
software-arm64,host,0,fp64,8,cmpeq,4194304,39.2003,25510005,612.2,1,0.1644
software-arm64,host,0,fp64,8,select,4194304,21.6899,46104425,1475.3,2,0.1819
software-arm64,host,0,fp64,8,iand,4194304,19.8711,50324301,1207.8,2,0.1667
software-arm64,host,0,fp64,8,ior,4194304,21.7825,45908376,1101.8,2,0.1827
software-arm64,host,0,fp64,8,ixor,4194304,21.8673,45730435,1097.5,2,0.1834
software-arm64,host,0,fp64,8,iadd,4194304,26.1307,38269197,918.5,1,0.1096
software-arm64,host,0,fp64,8,isub,4194304,32.5837,30690179,736.6,1,0.1367
software-arm64,host,0,fp64,8,ishl,4194304,29.2974,34132778,819.2,1,0.1229
software-arm64,host,0,fp64,8,ishr,4194304,25.5787,39094971,938.3,1,0.1073
software-arm64,host,0,fp64,8,icmplt,4194304,32.4168,30848183,740.4,1,0.1360
software-arm64,host,0,fp64,8,add,4194304,160.3122,6237829,149.7,1,0.6724
software-arm64,host,0,fp64,8,sub,4194304,167.0909,5984767,143.6,1,0.7008
software-arm64,host,0,fp64,8,mul,4194304,125.3281,7979059,191.5,1,0.5257
software-arm64,host,0,fp64,8,fma,4194304,136.3709,7332943,234.7,1,0.5720
software-arm64,host,0,fp64,8,abs,8388608,20.4202,48971132,783.5,1,0.1713
software-arm64,host,0,fp64,8,neg,8388608,23.7527,42100496,673.6,1,0.1993
software-arm64,host,0,fp64,8,copysign,8388608,24.2968,41157750,987.8,1,0.2038
software-arm64,host,0,fp64,8,min,8388608,38.4812,25986692,623.7,1,0.3228
software-arm64,host,0,fp64,8,max,8388608,38.0328,26293115,631.0,1,0.3190
software-arm64,host,0,fp64,8,minnum,8388608,38.3145,26099806,626.4,1,0.3214
software-arm64,host,0,fp64,8,maxnum,8388608,37.9918,26321496,631.7,1,0.3187
software-arm64,host,0,fp64,8,cmplt,8388608,52.4949,19049476,457.2,1,0.4404
software-arm64,host,0,fp64,8,cmple,8388608,52.6787,18983003,455.6,1,0.4419
software-arm64,host,0,fp64,8,cmpeq,8388608,39.1271,25557726,613.4,1,0.3282
software-arm64,host,0,fp64,8,select,8388608,21.6252,46242430,1479.8,1,0.1814
software-arm64,host,0,fp64,8,iand,8388608,19.7576,50613362,1214.7,1,0.1657
software-arm64,host,0,fp64,8,ior,8388608,21.6777,46130286,1107.1,1,0.1818
software-arm64,host,0,fp64,8,ixor,8388608,21.9401,45578619,1093.9,1,0.1840
software-arm64,host,0,fp64,8,iadd,8388608,25.9048,38602922,926.5,1,0.2173
software-arm64,host,0,fp64,8,isub,8388608,32.7830,30503585,732.1,1,0.2750
software-arm64,host,0,fp64,8,ishl,8388608,29.2407,34198876,820.8,1,0.2453
software-arm64,host,0,fp64,8,ishr,8388608,25.3389,39465031,947.2,1,0.2126
software-arm64,host,0,fp64,8,icmplt,8388608,32.3211,30939545,742.5,1,0.2711
software-arm64,host,0,fp64,8,add,8388608,162.2629,6162838,147.9,1,1.3612
software-arm64,host,0,fp64,8,sub,8388608,166.2530,6014930,144.4,1,1.3946
software-arm64,host,0,fp64,8,mul,8388608,126.1535,7926853,190.2,1,1.0583
software-arm64,host,0,fp64,8,fma,8388608,136.8207,7308837,233.9,1,1.1477
software-arm64,host,0,fp64,8,abs,16777216,20.6380,48454193,775.3,1,0.3462
software-arm64,host,0,fp64,8,neg,16777216,23.9666,41724715,667.6,1,0.4021
software-arm64,host,0,fp64,8,copysign,16777216,24.6136,40628013,975.1,1,0.4129
software-arm64,host,0,fp64,8,min,16777216,38.2713,26129235,627.1,1,0.6421
software-arm64,host,0,fp64,8,max,16777216,37.8368,26429303,634.3,1,0.6348
software-arm64,host,0,fp64,8,minnum,16777216,38.0714,26266440,630.4,1,0.6387
software-arm64,host,0,fp64,8,maxnum,16777216,37.5554,26627332,639.1,1,0.6301
software-arm64,host,0,fp64,8,cmplt,16777216,52.6962,18976690,455.4,1,0.8841
software-arm64,host,0,fp64,8,cmple,16777216,52.8176,18933068,454.4,1,0.8861
software-arm64,host,0,fp64,8,cmpeq,16777216,39.4048,25377613,609.1,1,0.6611
software-arm64,host,0,fp64,8,select,16777216,21.7623,45951001,1470.4,1,0.3651
software-arm64,host,0,fp64,8,iand,16777216,19.6194,50969945,1223.3,1,0.3292
software-arm64,host,0,fp64,8,ior,16777216,21.7413,45995345,1103.9,1,0.3648
software-arm64,host,0,fp64,8,ixor,16777216,21.7768,45920439,1102.1,1,0.3654
software-arm64,host,0,fp64,8,iadd,16777216,26.1391,38256893,918.2,1,0.4385
software-arm64,host,0,fp64,8,isub,16777216,32.6203,30655803,735.7,1,0.5473
software-arm64,host,0,fp64,8,ishl,16777216,29.6847,33687362,808.5,1,0.4980
software-arm64,host,0,fp64,8,ishr,16777216,25.7930,38770275,930.5,1,0.4327
software-arm64,host,0,fp64,8,icmplt,16777216,32.5269,30743831,737.9,1,0.5457
software-arm64,host,0,fp64,8,add,16777216,161.2378,6202021,148.8,1,2.7051
software-arm64,host,0,fp64,8,sub,16777216,166.3554,6011228,144.3,1,2.7910
software-arm64,host,0,fp64,8,mul,16777216,125.6762,7956959,191.0,1,2.1085
software-arm64,host,0,fp64,8,fma,16777216,137.3798,7279089,232.9,1,2.3049
software-arm64,host,0,fp128,16,abs,1,40.4039,24750057,792.0,2815121,0.1137
software-arm64,host,0,fp128,16,neg,1,41.3289,24196160,774.3,3164156,0.1308
software-arm64,host,0,fp128,16,copysign,1,41.5427,24071611,1155.4,3139901,0.1304
software-arm64,host,0,fp128,16,min,1,65.5627,15252577,732.1,1942614,0.1274
software-arm64,host,0,fp128,16,max,1,64.4892,15506465,744.3,2000489,0.1290
software-arm64,host,0,fp128,16,minnum,1,63.9445,15638562,750.7,1968285,0.1259
software-arm64,host,0,fp128,16,maxnum,1,63.7772,15679596,752.6,1998537,0.1275
software-arm64,host,0,fp128,16,cmplt,1,63.9737,15631419,750.3,2005386,0.1283
software-arm64,host,0,fp128,16,cmple,1,63.9132,15646224,751.0,1992218,0.1273
software-arm64,host,0,fp128,16,cmpeq,1,63.7702,15681297,752.7,1993673,0.1271
software-arm64,host,0,fp128,16,select,1,45.1126,22166751,1418.7,1048576,0.0473
software-arm64,host,0,fp128,16,iand,1,39.9462,25033687,1201.6,3274181,0.1308
software-arm64,host,0,fp128,16,ior,1,42.1774,23709378,1138.1,3032951,0.1279
software-arm64,host,0,fp128,16,ixor,1,42.1396,23730639,1139.1,3013981,0.1270
software-arm64,host,0,fp128,16,iadd,1,44.3587,22543471,1082.1,2844445,0.1262
software-arm64,host,0,fp128,16,isub,1,50.7824,19691862,945.2,2530739,0.1285
software-arm64,host,0,fp128,16,ishl,1,49.3931,20245731,971.8,2598985,0.1284
software-arm64,host,0,fp128,16,ishr,1,41.7053,23977787,1150.9,3005136,0.1253
software-arm64,host,0,fp128,16,icmplt,1,39.9742,25016128,1200.8,1048576,0.0419
software-arm64,host,0,fp128,16,add,1,214.2289,4667905,224.1,580664,0.1244
software-arm64,host,0,fp128,16,sub,1,214.1034,4670640,224.2,575605,0.1232
software-arm64,host,0,fp128,16,mul,1,159.2267,6280352,301.5,782557,0.1246
software-arm64,host,0,fp128,16,fma,1,179.0493,5585053,357.4,693591,0.1242
software-arm64,host,0,fp128,16,abs,2,35.2042,28405719,909.0,1816006,0.1279
software-arm64,host,0,fp128,16,neg,2,35.9559,27811857,890.0,1709873,0.1230
software-arm64,host,0,fp128,16,copysign,2,36.8922,27105975,1301.1,1672520,0.1234
software-arm64,host,0,fp128,16,min,2,61.1219,16360750,785.3,1008992,0.1233
software-arm64,host,0,fp128,16,max,2,61.0473,16380745,786.3,1030570,0.1258
software-arm64,host,0,fp128,16,minnum,2,61.2253,16333124,784.0,1038803,0.1272
software-arm64,host,0,fp128,16,maxnum,2,58.5346,17083910,820.0,1105235,0.1294
software-arm64,host,0,fp128,16,cmplt,2,58.9331,16968400,814.5,1063206,0.1253
software-arm64,host,0,fp128,16,cmple,2,59.3440,16850914,808.8,1070151,0.1270
software-arm64,host,0,fp128,16,cmpeq,2,59.0550,16933357,812.8,1065142,0.1258
software-arm64,host,0,fp128,16,select,2,39.0437,25612339,1639.2,1604152,0.1253
software-arm64,host,0,fp128,16,iand,2,34.2955,29158351,1399.6,1861819,0.1277
software-arm64,host,0,fp128,16,ior,2,36.7652,27199642,1305.6,1747441,0.1285
software-arm64,host,0,fp128,16,ixor,2,36.7356,27221543,1306.6,1717761,0.1262
software-arm64,host,0,fp128,16,iadd,2,38.9552,25670534,1232.2,1598440,0.1245
software-arm64,host,0,fp128,16,isub,2,45.2551,22096978,1060.7,1413389,0.1279
software-arm64,host,0,fp128,16,ishl,2,42.5629,23494650,1127.7,1426184,0.1214
software-arm64,host,0,fp128,16,ishr,2,36.5696,27345084,1312.6,1681791,0.1230
software-arm64,host,0,fp128,16,icmplt,2,47.3323,21127202,1014.1,1325996,0.1255
software-arm64,host,0,fp128,16,add,2,205.7517,4860226,233.3,316600,0.1303
software-arm64,host,0,fp128,16,sub,2,205.9135,4856407,233.1,262144,0.1080
software-arm64,host,0,fp128,16,mul,2,153.9055,6497492,311.9,413926,0.1274
software-arm64,host,0,fp128,16,fma,2,168.8200,5923470,379.1,371908,0.1256
software-arm64,host,0,fp128,16,abs,4,34.3544,29108389,931.5,930275,0.1278
software-arm64,host,0,fp128,16,neg,4,35.2124,28399083,908.8,913776,0.1287
software-arm64,host,0,fp128,16,copysign,4,35.9002,27854974,1337.0,896575,0.1287
software-arm64,host,0,fp128,16,min,4,59.8568,16706530,801.9,521983,0.1250
software-arm64,host,0,fp128,16,max,4,59.6754,16757326,804.4,525095,0.1253
software-arm64,host,0,fp128,16,minnum,4,60.7253,16467607,790.4,514024,0.1249
software-arm64,host,0,fp128,16,maxnum,4,58.7474,17022022,817.1,541262,0.1272
software-arm64,host,0,fp128,16,cmplt,4,79.8378,12525397,601.2,393620,0.1257
software-arm64,host,0,fp128,16,cmple,4,79.9756,12503821,600.2,390635,0.1250
software-arm64,host,0,fp128,16,cmpeq,4,59.3378,16852653,808.9,526005,0.1248
software-arm64,host,0,fp128,16,select,4,37.5689,26617740,1703.5,822222,0.1236
software-arm64,host,0,fp128,16,iand,4,33.0598,30248244,1451.9,935374,0.1237
software-arm64,host,0,fp128,16,ior,4,35.4105,28240242,1355.5,871861,0.1235
software-arm64,host,0,fp128,16,ixor,4,35.4816,28183592,1352.8,827893,0.1175
software-arm64,host,0,fp128,16,iadd,4,38.0774,26262305,1260.6,804874,0.1226
software-arm64,host,0,fp128,16,isub,4,44.0277,22712964,1090.2,708406,0.1248
software-arm64,host,0,fp128,16,ishl,4,41.0444,24363878,1169.5,769058,0.1263
software-arm64,host,0,fp128,16,ishr,4,35.8348,27905797,1339.5,871212,0.1249
software-arm64,host,0,fp128,16,icmplt,4,52.3279,19110248,917.3,614877,0.1287
software-arm64,host,0,fp128,16,add,4,205.4920,4866370,233.6,156146,0.1283
software-arm64,host,0,fp128,16,sub,4,214.3326,4665646,224.0,143983,0.1234
software-arm64,host,0,fp128,16,mul,4,152.6439,6551195,314.5,196924,0.1202
software-arm64,host,0,fp128,16,fma,4,174.8959,5717688,365.9,182207,0.1275
software-arm64,host,0,fp128,16,abs,8,32.7024,30578802,978.5,461652,0.1208
software-arm64,host,0,fp128,16,neg,8,34.5258,28963881,926.8,461496,0.1275
software-arm64,host,0,fp128,16,copysign,8,35.8744,27875027,1338.0,449666,0.1291
software-arm64,host,0,fp128,16,min,8,57.2389,17470641,838.6,276486,0.1266
software-arm64,host,0,fp128,16,max,8,56.7725,17614160,845.5,279878,0.1271
software-arm64,host,0,fp128,16,minnum,8,56.7104,17633436,846.4,274762,0.1247
software-arm64,host,0,fp128,16,maxnum,8,56.0555,17839448,856.3,262144,0.1176
software-arm64,host,0,fp128,16,cmplt,8,59.7896,16725307,802.8,243694,0.1166
software-arm64,host,0,fp128,16,cmple,8,59.1737,16899393,811.2,262775,0.1244
software-arm64,host,0,fp128,16,cmpeq,8,56.1333,17814747,855.1,262144,0.1177
software-arm64,host,0,fp128,16,select,8,35.9002,27855022,1782.7,453048,0.1301
software-arm64,host,0,fp128,16,iand,8,30.7403,32530634,1561.5,510979,0.1257
software-arm64,host,0,fp128,16,ior,8,33.2265,30096477,1444.6,475340,0.1264
software-arm64,host,0,fp128,16,ixor,8,33.8083,29578530,1419.8,449394,0.1215
software-arm64,host,0,fp128,16,iadd,8,38.2617,26135801,1254.5,405987,0.1243
software-arm64,host,0,fp128,16,isub,8,44.6302,22406372,1075.5,350206,0.1250
software-arm64,host,0,fp128,16,ishl,8,41.3082,24208259,1162.0,383247,0.1266
software-arm64,host,0,fp128,16,ishr,8,36.2497,27586420,1324.1,429424,0.1245
software-arm64,host,0,fp128,16,icmplt,8,42.6892,23425121,1124.4,362779,0.1239
software-arm64,host,0,fp128,16,add,8,208.7839,4789642,229.9,76578,0.1279
software-arm64,host,0,fp128,16,sub,8,210.4994,4750608,228.0,74964,0.1262
software-arm64,host,0,fp128,16,mul,8,151.2698,6610704,317.3,107790,0.1304
software-arm64,host,0,fp128,16,fma,8,174.1524,5742096,367.5,92737,0.1292
software-arm64,host,0,fp128,16,abs,16,31.7992,31447300,1006.3,240108,0.1222
software-arm64,host,0,fp128,16,neg,16,34.5601,28935109,925.9,220500,0.1219
software-arm64,host,0,fp128,16,copysign,16,35.4389,28217566,1354.4,207288,0.1175
software-arm64,host,0,fp128,16,min,16,57.5558,17374436,834.0,138155,0.1272
software-arm64,host,0,fp128,16,max,16,56.1324,17815009,855.1,142539,0.1280
software-arm64,host,0,fp128,16,minnum,16,55.7256,17945083,861.4,134384,0.1198
software-arm64,host,0,fp128,16,maxnum,16,55.4943,18019853,865.0,138192,0.1227
software-arm64,host,0,fp128,16,cmplt,16,70.0227,14281090,685.5,112726,0.1263
software-arm64,host,0,fp128,16,cmple,16,69.2511,14440205,693.1,112454,0.1246
software-arm64,host,0,fp128,16,cmpeq,16,56.4242,17722881,850.7,143017,0.1291
software-arm64,host,0,fp128,16,select,16,34.6553,28855649,1846.8,226286,0.1255
software-arm64,host,0,fp128,16,iand,16,30.0095,33322772,1599.5,262144,0.1259
software-arm64,host,0,fp128,16,ior,16,32.4290,30836568,1480.2,246866,0.1281
software-arm64,host,0,fp128,16,ixor,16,32.1448,31109210,1493.2,243694,0.1253
software-arm64,host,0,fp128,16,iadd,16,36.9035,27097683,1300.7,212163,0.1253
software-arm64,host,0,fp128,16,isub,16,42.8669,23327998,1119.7,184905,0.1268
software-arm64,host,0,fp128,16,ishl,16,40.8454,24482551,1175.2,190335,0.1244
software-arm64,host,0,fp128,16,ishr,16,35.8362,27904710,1339.4,224169,0.1285
software-arm64,host,0,fp128,16,icmplt,16,49.1830,20332223,975.9,157928,0.1243
software-arm64,host,0,fp128,16,add,16,201.7022,4957805,238.0,39479,0.1274
software-arm64,host,0,fp128,16,sub,16,204.8267,4882176,234.3,39437,0.1292
software-arm64,host,0,fp128,16,mul,16,154.4820,6473244,310.7,51525,0.1274
software-arm64,host,0,fp128,16,fma,16,168.7444,5926121,379.3,47216,0.1275
software-arm64,host,0,fp128,16,abs,32,30.8250,32441162,1038.1,127364,0.1256
software-arm64,host,0,fp128,16,neg,32,34.4149,29057167,929.8,110775,0.1220
software-arm64,host,0,fp128,16,copysign,32,35.3568,28283092,1357.6,114619,0.1297
software-arm64,host,0,fp128,16,min,32,55.1745,18124304,870.0,70051,0.1237
software-arm64,host,0,fp128,16,max,32,55.5062,18015996,864.8,72225,0.1283
software-arm64,host,0,fp128,16,minnum,32,55.4219,18043405,866.1,72358,0.1283
software-arm64,host,0,fp128,16,maxnum,32,55.1375,18136473,870.6,72012,0.1271
software-arm64,host,0,fp128,16,cmplt,32,71.2842,14028345,673.4,56141,0.1281
software-arm64,host,0,fp128,16,cmple,32,70.7643,14131427,678.3,54924,0.1244
software-arm64,host,0,fp128,16,cmpeq,32,55.1138,18144285,870.9,70689,0.1247
software-arm64,host,0,fp128,16,select,32,33.9741,29434214,1883.8,115785,0.1259
software-arm64,host,0,fp128,16,iand,32,29.9778,33358063,1601.2,119376,0.1145
software-arm64,host,0,fp128,16,ior,32,32.0816,31170543,1496.2,111160,0.1141
software-arm64,host,0,fp128,16,ixor,32,31.8077,31438949,1509.1,125184,0.1274
software-arm64,host,0,fp128,16,iadd,32,37.1588,26911531,1291.8,108292,0.1288
software-arm64,host,0,fp128,16,isub,32,42.3660,23603825,1133.0,87239,0.1183
software-arm64,host,0,fp128,16,ishl,32,40.7020,24568797,1179.3,98861,0.1288
software-arm64,host,0,fp128,16,ishr,32,35.2593,28361282,1361.3,113602,0.1282
software-arm64,host,0,fp128,16,icmplt,32,47.1010,21230992,1019.1,84364,0.1272
software-arm64,host,0,fp128,16,add,32,208.1276,4804745,230.6,18834,0.1254
software-arm64,host,0,fp128,16,sub,32,212.9583,4695754,225.4,18491,0.1260
software-arm64,host,0,fp128,16,mul,32,154.8769,6456741,309.9,25535,0.1266
software-arm64,host,0,fp128,16,fma,32,170.7601,5856168,374.8,23139,0.1264
software-arm64,host,0,fp128,16,abs,64,30.3359,32964247,1054.9,60664,0.1178
software-arm64,host,0,fp128,16,neg,64,33.9947,29416311,941.3,57593,0.1253
software-arm64,host,0,fp128,16,copysign,64,34.6011,28900827,1387.2,58288,0.1291
software-arm64,host,0,fp128,16,min,64,55.2696,18093125,868.5,36156,0.1279
software-arm64,host,0,fp128,16,max,64,55.6688,17963369,862.2,34726,0.1237
software-arm64,host,0,fp128,16,minnum,64,55.6570,17967206,862.4,36006,0.1283
software-arm64,host,0,fp128,16,maxnum,64,55.3199,18076693,867.7,35915,0.1272
software-arm64,host,0,fp128,16,cmplt,64,71.6079,13964941,670.3,27646,0.1267
software-arm64,host,0,fp128,16,cmple,64,71.3494,14015541,672.7,27675,0.1264
software-arm64,host,0,fp128,16,cmpeq,64,55.2116,18112148,869.4,35465,0.1253
software-arm64,host,0,fp128,16,select,64,33.5813,29778482,1905.8,57834,0.1243
software-arm64,host,0,fp128,16,iand,64,29.1096,34352934,1648.9,68883,0.1283
software-arm64,host,0,fp128,16,ior,64,31.7094,31536342,1513.7,62167,0.1262
software-arm64,host,0,fp128,16,ixor,64,31.7677,31478469,1511.0,63587,0.1293
software-arm64,host,0,fp128,16,iadd,64,37.6712,26545473,1274.2,49830,0.1201
software-arm64,host,0,fp128,16,isub,64,44.5074,22468189,1078.5,45833,0.1306
software-arm64,host,0,fp128,16,ishl,64,40.4782,24704637,1185.8,48716,0.1262
software-arm64,host,0,fp128,16,ishr,64,36.2582,27580005,1323.8,55054,0.1278
software-arm64,host,0,fp128,16,icmplt,64,44.7163,22363191,1073.4,43379,0.1241
software-arm64,host,0,fp128,16,add,64,210.7406,4745169,227.8,9247,0.1247
software-arm64,host,0,fp128,16,sub,64,213.1084,4692448,225.2,9112,0.1243
software-arm64,host,0,fp128,16,mul,64,157.9947,6329328,303.8,12395,0.1253
software-arm64,host,0,fp128,16,fma,64,178.5434,5600880,358.5,10823,0.1237
software-arm64,host,0,fp128,16,abs,128,30.6960,32577485,1042.5,32395,0.1273
software-arm64,host,0,fp128,16,neg,128,34.2016,29238374,935.6,28308,0.1239
software-arm64,host,0,fp128,16,copysign,128,34.5542,28940015,1389.1,29030,0.1284
software-arm64,host,0,fp128,16,min,128,55.6669,17963984,862.3,16982,0.1210
software-arm64,host,0,fp128,16,max,128,55.2830,18088745,868.3,17921,0.1268
software-arm64,host,0,fp128,16,minnum,128,55.2635,18095126,868.6,17334,0.1226
software-arm64,host,0,fp128,16,maxnum,128,54.6418,18301005,878.4,17953,0.1256
software-arm64,host,0,fp128,16,cmplt,128,71.0776,14069126,675.3,13999,0.1274
software-arm64,host,0,fp128,16,cmple,128,70.6844,14147391,679.1,13171,0.1192
software-arm64,host,0,fp128,16,cmpeq,128,54.6669,18292616,878.0,17796,0.1245
software-arm64,host,0,fp128,16,select,128,33.8490,29543003,1890.8,30021,0.1301
software-arm64,host,0,fp128,16,iand,128,29.3043,34124665,1638.0,34118,0.1280
software-arm64,host,0,fp128,16,ior,128,31.7489,31497176,1511.9,31148,0.1266
software-arm64,host,0,fp128,16,ixor,128,31.6658,31579859,1515.8,30874,0.1251
software-arm64,host,0,fp128,16,iadd,128,37.1086,26947917,1293.5,25870,0.1229
software-arm64,host,0,fp128,16,isub,128,44.5271,22458246,1078.0,21891,0.1248
software-arm64,host,0,fp128,16,ishl,128,41.2192,24260523,1164.5,23560,0.1243
software-arm64,host,0,fp128,16,ishr,128,36.1992,27624915,1326.0,26652,0.1235
software-arm64,host,0,fp128,16,icmplt,128,45.0854,22180111,1064.6,21697,0.1252
software-arm64,host,0,fp128,16,add,128,210.5198,4750147,228.0,4096,0.1104
software-arm64,host,0,fp128,16,sub,128,220.1042,4543302,218.1,4096,0.1154
software-arm64,host,0,fp128,16,mul,128,161.7502,6182374,296.8,6095,0.1262
software-arm64,host,0,fp128,16,fma,128,178.7403,5594710,358.1,5493,0.1257
software-arm64,host,0,fp128,16,abs,256,30.8782,32385263,1036.3,16087,0.1272
software-arm64,host,0,fp128,16,neg,256,34.3484,29113417,931.6,14052,0.1236
software-arm64,host,0,fp128,16,copysign,256,35.1976,28411009,1363.7,13879,0.1251
software-arm64,host,0,fp128,16,min,256,56.0759,17832988,856.0,8739,0.1255
software-arm64,host,0,fp128,16,max,256,56.1308,17815546,855.1,8707,0.1251
software-arm64,host,0,fp128,16,minnum,256,55.6013,17985178,863.3,8797,0.1252
software-arm64,host,0,fp128,16,maxnum,256,54.4679,18359448,881.3,8875,0.1238
software-arm64,host,0,fp128,16,cmplt,256,70.7248,14139308,678.7,6897,0.1249
software-arm64,host,0,fp128,16,cmple,256,70.8089,14122523,677.9,6815,0.1235
software-arm64,host,0,fp128,16,cmpeq,256,55.5322,18007570,864.4,8939,0.1271
software-arm64,host,0,fp128,16,select,256,33.8014,29584558,1893.4,14465,0.1252
software-arm64,host,0,fp128,16,iand,256,29.1750,34275888,1645.2,16943,0.1265
software-arm64,host,0,fp128,16,ior,256,31.6463,31599259,1516.8,15800,0.1280
software-arm64,host,0,fp128,16,ixor,256,31.4479,31798634,1526.3,15298,0.1232
software-arm64,host,0,fp128,16,iadd,256,37.8854,26395411,1267.0,13015,0.1262
software-arm64,host,0,fp128,16,isub,256,43.9422,22757143,1092.3,11151,0.1254
software-arm64,host,0,fp128,16,ishl,256,41.1202,24318972,1167.3,11827,0.1245
software-arm64,host,0,fp128,16,ishr,256,35.9998,27777900,1333.3,13572,0.1251
software-arm64,host,0,fp128,16,icmplt,256,44.1481,22651044,1087.3,10904,0.1232
software-arm64,host,0,fp128,16,add,256,210.1543,4758409,228.4,2374,0.1277
software-arm64,host,0,fp128,16,sub,256,218.1226,4584577,220.1,2173,0.1213
software-arm64,host,0,fp128,16,mul,256,160.4334,6233117,299.2,3087,0.1268
software-arm64,host,0,fp128,16,fma,256,180.2396,5548171,355.1,2809,0.1296
software-arm64,host,0,fp128,16,abs,512,30.6861,32588037,1042.8,8098,0.1272
software-arm64,host,0,fp128,16,neg,512,33.9340,29468977,943.0,7218,0.1254
software-arm64,host,0,fp128,16,copysign,512,34.7220,28800154,1382.4,7035,0.1251
software-arm64,host,0,fp128,16,min,512,56.7360,17625496,846.0,4096,0.1190
software-arm64,host,0,fp128,16,max,512,55.9642,17868562,857.7,4080,0.1169
software-arm64,host,0,fp128,16,minnum,512,56.0317,17847039,856.7,4096,0.1175
software-arm64,host,0,fp128,16,maxnum,512,54.5082,18345860,880.6,4096,0.1143
software-arm64,host,0,fp128,16,cmplt,512,71.0644,14071748,675.4,3564,0.1297
software-arm64,host,0,fp128,16,cmple,512,71.3321,14018938,672.9,3337,0.1219
software-arm64,host,0,fp128,16,cmpeq,512,56.2625,17773830,853.1,4096,0.1180
software-arm64,host,0,fp128,16,select,512,33.5524,29804141,1907.5,7309,0.1256
software-arm64,host,0,fp128,16,iand,512,28.8496,34662532,1663.8,8384,0.1238
software-arm64,host,0,fp128,16,ior,512,31.4028,31844324,1528.5,7837,0.1260
software-arm64,host,0,fp128,16,ixor,512,31.1244,32129121,1542.2,7807,0.1244
software-arm64,host,0,fp128,16,iadd,512,36.7996,27174201,1304.4,6570,0.1238
software-arm64,host,0,fp128,16,isub,512,44.1772,22636122,1086.5,5450,0.1233
software-arm64,host,0,fp128,16,ishl,512,41.4142,24146302,1159.0,5841,0.1239
software-arm64,host,0,fp128,16,ishr,512,35.9925,27783542,1333.6,6864,0.1265
software-arm64,host,0,fp128,16,icmplt,512,45.1716,22137814,1062.6,5530,0.1279
software-arm64,host,0,fp128,16,add,512,214.6011,4659809,223.7,1175,0.1291
software-arm64,host,0,fp128,16,sub,512,218.9830,4566564,219.2,1140,0.1278
software-arm64,host,0,fp128,16,mul,512,161.1101,6206937,297.9,1546,0.1275
software-arm64,host,0,fp128,16,fma,512,179.5022,5570962,356.5,1402,0.1289
software-arm64,host,0,fp128,16,abs,1024,30.7088,32563947,1042.0,3959,0.1245
software-arm64,host,0,fp128,16,neg,1024,33.8849,29511635,944.4,3734,0.1296
software-arm64,host,0,fp128,16,copysign,1024,34.6448,28864374,1385.5,3517,0.1248
software-arm64,host,0,fp128,16,min,1024,56.2536,17776629,853.3,2203,0.1269
software-arm64,host,0,fp128,16,max,1024,55.7632,17932976,860.8,2187,0.1249
software-arm64,host,0,fp128,16,minnum,1024,56.5920,17670358,848.2,2227,0.1291
software-arm64,host,0,fp128,16,maxnum,1024,55.7107,17949889,861.6,2201,0.1256
software-arm64,host,0,fp128,16,cmplt,1024,71.4084,14003959,672.2,1727,0.1263
software-arm64,host,0,fp128,16,cmple,1024,71.7172,13943658,669.3,1656,0.1216
software-arm64,host,0,fp128,16,cmpeq,1024,55.6621,17965553,862.3,1969,0.1122
software-arm64,host,0,fp128,16,select,1024,33.5870,29773427,1905.5,3760,0.1293
software-arm64,host,0,fp128,16,iand,1024,28.6400,34916162,1676.0,4096,0.1201
software-arm64,host,0,fp128,16,ior,1024,30.9819,32276935,1549.3,4021,0.1276
software-arm64,host,0,fp128,16,ixor,1024,31.3885,31858777,1529.2,3969,0.1276
software-arm64,host,0,fp128,16,iadd,1024,36.6912,27254501,1308.2,2884,0.1084
software-arm64,host,0,fp128,16,isub,1024,44.2284,22609907,1085.3,2708,0.1226
software-arm64,host,0,fp128,16,ishl,1024,41.2216,24259114,1164.4,3053,0.1289
software-arm64,host,0,fp128,16,ishr,1024,36.1784,27640820,1326.8,3515,0.1302
software-arm64,host,0,fp128,16,icmplt,1024,44.5188,22462418,1078.2,2762,0.1259
software-arm64,host,0,fp128,16,add,1024,212.0344,4716215,226.4,576,0.1251
software-arm64,host,0,fp128,16,sub,1024,216.5256,4618391,221.7,558,0.1237
software-arm64,host,0,fp128,16,mul,1024,162.3757,6158557,295.6,759,0.1262
software-arm64,host,0,fp128,16,fma,1024,181.3569,5513990,352.9,678,0.1259
software-arm64,host,0,fp128,16,abs,2048,30.6769,32597765,1043.1,1993,0.1252
software-arm64,host,0,fp128,16,neg,2048,34.0894,29334667,938.7,1719,0.1200
software-arm64,host,0,fp128,16,copysign,2048,34.7000,28818431,1383.3,1737,0.1234
software-arm64,host,0,fp128,16,min,2048,55.9558,17871253,857.8,1098,0.1258
software-arm64,host,0,fp128,16,max,2048,55.6239,17977889,862.9,1118,0.1274
software-arm64,host,0,fp128,16,minnum,2048,55.4633,18029928,865.4,1119,0.1271
software-arm64,host,0,fp128,16,maxnum,2048,55.2335,18104969,869.0,1126,0.1274
software-arm64,host,0,fp128,16,cmplt,2048,71.1937,14046178,674.2,835,0.1217
software-arm64,host,0,fp128,16,cmple,2048,71.4781,13990300,671.5,824,0.1206
software-arm64,host,0,fp128,16,cmpeq,2048,55.1970,18116910,869.6,1102,0.1246
software-arm64,host,0,fp128,16,select,2048,33.7715,29610784,1895.1,1744,0.1206
software-arm64,host,0,fp128,16,iand,2048,28.5566,35018131,1680.9,2186,0.1278
software-arm64,host,0,fp128,16,ior,2048,31.0024,32255609,1548.3,2023,0.1284
software-arm64,host,0,fp128,16,ixor,2048,31.0033,32254629,1548.2,2005,0.1273
software-arm64,host,0,fp128,16,iadd,2048,36.6785,27263913,1308.7,1675,0.1258
software-arm64,host,0,fp128,16,isub,2048,43.8993,22779399,1093.4,1380,0.1241
software-arm64,host,0,fp128,16,ishl,2048,41.3237,24199182,1161.6,1531,0.1296
software-arm64,host,0,fp128,16,ishr,2048,36.2229,27606845,1325.1,1729,0.1283
software-arm64,host,0,fp128,16,icmplt,2048,44.3538,22545984,1082.2,1285,0.1167
software-arm64,host,0,fp128,16,add,2048,214.6634,4658456,223.6,287,0.1262
software-arm64,host,0,fp128,16,sub,2048,219.9001,4547520,218.3,273,0.1229
software-arm64,host,0,fp128,16,mul,2048,162.6883,6146725,295.0,388,0.1293
software-arm64,host,0,fp128,16,fma,2048,182.3085,5485208,351.1,329,0.1228
software-arm64,host,0,fp128,16,abs,4096,30.6913,32582478,1042.6,954,0.1199
software-arm64,host,0,fp128,16,neg,4096,33.7136,29661619,949.2,924,0.1276
software-arm64,host,0,fp128,16,copysign,4096,34.2532,29194332,1401.3,913,0.1281
software-arm64,host,0,fp128,16,min,4096,54.9370,18202666,873.7,546,0.1229
software-arm64,host,0,fp128,16,max,4096,55.3752,18058621,866.8,557,0.1263
software-arm64,host,0,fp128,16,minnum,4096,56.0616,17837530,856.2,546,0.1254
software-arm64,host,0,fp128,16,maxnum,4096,54.9565,18196201,873.4,569,0.1281
software-arm64,host,0,fp128,16,cmplt,4096,71.7214,13942832,669.3,428,0.1257
software-arm64,host,0,fp128,16,cmple,4096,71.9178,13904773,667.4,426,0.1255
software-arm64,host,0,fp128,16,cmpeq,4096,56.1140,17820879,855.4,566,0.1301
software-arm64,host,0,fp128,16,select,4096,34.1678,29267346,1873.1,922,0.1290
software-arm64,host,0,fp128,16,iand,4096,29.0696,34400149,1651.2,1083,0.1290
software-arm64,host,0,fp128,16,ior,4096,31.7328,31513168,1512.6,974,0.1266
software-arm64,host,0,fp128,16,ixor,4096,31.3563,31891519,1530.8,983,0.1263
software-arm64,host,0,fp128,16,iadd,4096,37.0415,26996716,1295.8,835,0.1267
software-arm64,host,0,fp128,16,isub,4096,44.1978,22625575,1086.0,675,0.1222
software-arm64,host,0,fp128,16,ishl,4096,41.8360,23902864,1147.3,744,0.1275
software-arm64,host,0,fp128,16,ishr,4096,37.1297,26932585,1292.8,839,0.1276
software-arm64,host,0,fp128,16,icmplt,4096,44.7757,22333518,1072.0,680,0.1247
software-arm64,host,0,fp128,16,add,4096,216.1635,4626128,222.1,143,0.1266
software-arm64,host,0,fp128,16,sub,4096,220.8008,4528969,217.4,140,0.1266
software-arm64,host,0,fp128,16,mul,4096,163.5612,6113918,293.5,188,0.1260
software-arm64,host,0,fp128,16,fma,4096,182.3394,5484278,351.0,167,0.1247
software-arm64,host,0,fp128,16,abs,8192,30.9309,32330161,1034.6,503,0.1275
software-arm64,host,0,fp128,16,neg,8192,33.7096,29665096,949.3,455,0.1256
software-arm64,host,0,fp128,16,copysign,8192,34.4197,29053103,1394.5,447,0.1260
software-arm64,host,0,fp128,16,min,8192,55.9956,17858530,857.2,275,0.1261
software-arm64,host,0,fp128,16,max,8192,55.6584,17966748,862.4,279,0.1272
software-arm64,host,0,fp128,16,minnum,8192,54.9770,18189431,873.1,280,0.1261
software-arm64,host,0,fp128,16,maxnum,8192,55.0064,18179707,872.6,276,0.1244
software-arm64,host,0,fp128,16,cmplt,8192,70.5044,14183511,680.8,215,0.1242
software-arm64,host,0,fp128,16,cmple,8192,70.9982,14084858,676.1,217,0.1262
software-arm64,host,0,fp128,16,cmpeq,8192,54.7035,18280373,877.5,275,0.1232
software-arm64,host,0,fp128,16,select,8192,33.7534,29626673,1896.1,461,0.1275
software-arm64,host,0,fp128,16,iand,8192,28.6888,34856786,1673.1,532,0.1250
software-arm64,host,0,fp128,16,ior,8192,31.5170,31728942,1523.0,492,0.1270
software-arm64,host,0,fp128,16,ixor,8192,31.1440,32108909,1541.2,486,0.1240
software-arm64,host,0,fp128,16,iadd,8192,36.8945,27104297,1301.0,421,0.1272
software-arm64,host,0,fp128,16,isub,8192,44.0975,22676997,1088.5,348,0.1257
software-arm64,host,0,fp128,16,ishl,8192,41.3662,24174344,1160.4,374,0.1267
software-arm64,host,0,fp128,16,ishr,8192,36.1162,27688431,1329.0,418,0.1237
software-arm64,host,0,fp128,16,icmplt,8192,44.6593,22391762,1074.8,344,0.1259
software-arm64,host,0,fp128,16,add,8192,212.3470,4709272,226.0,64,0.1113
software-arm64,host,0,fp128,16,sub,8192,219.8830,4547874,218.3,64,0.1153
software-arm64,host,0,fp128,16,mul,8192,162.2828,6162081,295.8,95,0.1263
software-arm64,host,0,fp128,16,fma,8192,180.4286,5542357,354.7,84,0.1242
software-arm64,host,0,fp128,16,abs,16384,30.4108,32883024,1052.3,247,0.1231
software-arm64,host,0,fp128,16,neg,16384,34.0123,29401115,940.8,225,0.1254
software-arm64,host,0,fp128,16,copysign,16384,34.4037,29066669,1395.2,221,0.1246
software-arm64,host,0,fp128,16,min,16384,56.5818,17673522,848.3,137,0.1270
software-arm64,host,0,fp128,16,max,16384,54.9851,18186744,873.0,137,0.1234
software-arm64,host,0,fp128,16,minnum,16384,55.4313,18040337,865.9,139,0.1262
software-arm64,host,0,fp128,16,maxnum,16384,54.6659,18292954,878.1,141,0.1263
software-arm64,host,0,fp128,16,cmplt,16384,70.4787,14188694,681.1,108,0.1247
software-arm64,host,0,fp128,16,cmple,16384,70.7563,14133019,678.4,107,0.1240
software-arm64,host,0,fp128,16,cmpeq,16384,54.8325,18237373,875.4,136,0.1222
software-arm64,host,0,fp128,16,select,16384,34.1100,29316905,1876.3,219,0.1224
software-arm64,host,0,fp128,16,iand,16384,28.6407,34915361,1675.9,265,0.1244
software-arm64,host,0,fp128,16,ior,16384,31.2238,32026844,1537.3,247,0.1264
software-arm64,host,0,fp128,16,ixor,16384,31.1230,32130592,1542.3,247,0.1260
software-arm64,host,0,fp128,16,iadd,16384,36.6386,27293638,1310.1,206,0.1237
software-arm64,host,0,fp128,16,isub,16384,44.0370,22708157,1090.0,175,0.1263
software-arm64,host,0,fp128,16,ishl,16384,41.5554,24064276,1155.1,185,0.1260
software-arm64,host,0,fp128,16,ishr,16384,36.4403,27442110,1317.2,207,0.1236
software-arm64,host,0,fp128,16,icmplt,16384,44.4439,22500253,1080.0,171,0.1245
software-arm64,host,0,fp128,16,add,16384,214.9031,4653260,223.4,36,0.1268
software-arm64,host,0,fp128,16,sub,16384,218.5737,4575116,219.6,36,0.1289
software-arm64,host,0,fp128,16,mul,16384,160.6789,6223594,298.7,48,0.1264
software-arm64,host,0,fp128,16,fma,16384,183.2493,5457046,349.3,42,0.1261
software-arm64,host,0,fp128,16,abs,32768,30.6352,32642170,1044.5,124,0.1245
software-arm64,host,0,fp128,16,neg,32768,33.8597,29533671,945.1,113,0.1254
software-arm64,host,0,fp128,16,copysign,32768,34.6491,28860776,1385.3,110,0.1249
software-arm64,host,0,fp128,16,min,32768,55.9831,17862544,857.4,64,0.1174
software-arm64,host,0,fp128,16,max,32768,55.7475,17938021,861.0,64,0.1169
software-arm64,host,0,fp128,16,minnum,32768,55.9969,17858133,857.2,64,0.1174
software-arm64,host,0,fp128,16,maxnum,32768,55.9878,17861023,857.3,64,0.1174
software-arm64,host,0,fp128,16,cmplt,32768,71.5598,13974319,670.8,55,0.1290
software-arm64,host,0,fp128,16,cmple,32768,71.3601,14013436,672.6,55,0.1286
software-arm64,host,0,fp128,16,cmpeq,32768,55.7828,17926674,860.5,64,0.1170
software-arm64,host,0,fp128,16,select,32768,33.6026,29759643,1904.6,113,0.1244
software-arm64,host,0,fp128,16,iand,32768,28.7914,34732612,1667.2,133,0.1255
software-arm64,host,0,fp128,16,ior,32768,31.2155,32035354,1537.7,123,0.1258
software-arm64,host,0,fp128,16,ixor,32768,31.6577,31587857,1516.2,122,0.1266
software-arm64,host,0,fp128,16,iadd,32768,37.1505,26917570,1292.0,104,0.1266
software-arm64,host,0,fp128,16,isub,32768,43.9702,22742700,1091.6,86,0.1239
software-arm64,host,0,fp128,16,ishl,32768,41.2403,24248117,1163.9,91,0.1230
software-arm64,host,0,fp128,16,ishr,32768,36.4607,27426822,1316.5,105,0.1254
software-arm64,host,0,fp128,16,icmplt,32768,44.5153,22464174,1078.3,87,0.1269
software-arm64,host,0,fp128,16,add,32768,215.8075,4633760,222.4,19,0.1344
software-arm64,host,0,fp128,16,sub,32768,221.3508,4517716,216.9,18,0.1306
software-arm64,host,0,fp128,16,mul,32768,161.4405,6194231,297.3,24,0.1270
software-arm64,host,0,fp128,16,fma,32768,182.3092,5485186,351.1,22,0.1314
software-arm64,host,0,fp128,16,abs,65536,30.7660,32503402,1040.1,64,0.1290
software-arm64,host,0,fp128,16,neg,65536,34.4091,29062059,930.0,55,0.1240
software-arm64,host,0,fp128,16,copysign,65536,35.0195,28555522,1370.7,53,0.1216
software-arm64,host,0,fp128,16,min,65536,56.5195,17693024,849.3,34,0.1259
software-arm64,host,0,fp128,16,max,65536,56.0701,17834812,856.1,36,0.1323
software-arm64,host,0,fp128,16,minnum,65536,56.2025,17792809,854.1,35,0.1289
software-arm64,host,0,fp128,16,maxnum,65536,55.5615,17998078,863.9,36,0.1311
software-arm64,host,0,fp128,16,cmplt,65536,70.9647,14091519,676.4,27,0.1256
software-arm64,host,0,fp128,16,cmple,65536,71.9452,13899470,667.2,28,0.1320
software-arm64,host,0,fp128,16,cmpeq,65536,55.5086,18015222,864.7,32,0.1164
software-arm64,host,0,fp128,16,select,65536,34.0663,29354524,1878.7,58,0.1295
software-arm64,host,0,fp128,16,iand,65536,29.0718,34397586,1651.1,64,0.1219
software-arm64,host,0,fp128,16,ior,65536,31.3430,31905021,1531.4,62,0.1274
software-arm64,host,0,fp128,16,ixor,65536,31.7022,31543559,1514.1,63,0.1309
software-arm64,host,0,fp128,16,iadd,65536,37.0542,26987488,1295.4,52,0.1263
software-arm64,host,0,fp128,16,isub,65536,44.3285,22558862,1082.8,45,0.1307
software-arm64,host,0,fp128,16,ishl,65536,41.9442,23841207,1144.4,48,0.1319
software-arm64,host,0,fp128,16,ishr,65536,36.8071,27168687,1304.1,53,0.1278
software-arm64,host,0,fp128,16,icmplt,65536,44.9123,22265618,1068.7,43,0.1266
software-arm64,host,0,fp128,16,add,65536,214.5335,4661277,223.7,9,0.1265
software-arm64,host,0,fp128,16,sub,65536,221.3779,4517163,216.8,9,0.1306
software-arm64,host,0,fp128,16,mul,65536,164.8750,6065200,291.1,12,0.1297
software-arm64,host,0,fp128,16,fma,65536,181.0511,5523303,353.5,11,0.1305
software-arm64,host,0,fp128,16,abs,131072,30.7939,32474012,1039.2,33,0.1332
software-arm64,host,0,fp128,16,neg,131072,34.2665,29183017,933.9,29,0.1302
software-arm64,host,0,fp128,16,copysign,131072,34.9652,28599830,1372.8,28,0.1283
software-arm64,host,0,fp128,16,min,131072,56.6734,17644966,847.0,17,0.1263
software-arm64,host,0,fp128,16,max,131072,55.4254,18042259,866.0,18,0.1308
software-arm64,host,0,fp128,16,minnum,131072,56.0006,17856950,857.1,18,0.1321
software-arm64,host,0,fp128,16,maxnum,131072,54.6426,18300749,878.4,18,0.1289
software-arm64,host,0,fp128,16,cmplt,131072,71.1447,14055863,674.7,13,0.1212
software-arm64,host,0,fp128,16,cmple,131072,71.4242,14000855,672.0,14,0.1311
software-arm64,host,0,fp128,16,cmpeq,131072,55.5085,18015256,864.7,18,0.1310
software-arm64,host,0,fp128,16,select,131072,33.8861,29510636,1888.7,29,0.1288
software-arm64,host,0,fp128,16,iand,131072,28.7799,34746507,1667.8,34,0.1283
software-arm64,host,0,fp128,16,ior,131072,31.5524,31693332,1521.3,30,0.1241
software-arm64,host,0,fp128,16,ixor,131072,31.1449,32107974,1541.2,31,0.1265
software-arm64,host,0,fp128,16,iadd,131072,37.1659,26906393,1291.5,27,0.1315
software-arm64,host,0,fp128,16,isub,131072,44.4069,22519028,1080.9,22,0.1281
software-arm64,host,0,fp128,16,ishl,131072,42.0109,23803322,1142.6,24,0.1322
software-arm64,host,0,fp128,16,ishr,131072,36.8068,27168863,1304.1,26,0.1254
software-arm64,host,0,fp128,16,icmplt,131072,44.7051,22368797,1073.7,22,0.1289
software-arm64,host,0,fp128,16,add,131072,214.9994,4651176,223.3,5,0.1409
software-arm64,host,0,fp128,16,sub,131072,219.9448,4546596,218.2,5,0.1441
software-arm64,host,0,fp128,16,mul,131072,163.8476,6103232,293.0,6,0.1289
software-arm64,host,0,fp128,16,fma,131072,181.9204,5496911,351.8,6,0.1431
software-arm64,host,0,fp128,16,abs,262144,30.6075,32671771,1045.5,16,0.1284
software-arm64,host,0,fp128,16,neg,262144,34.4805,29001866,928.1,15,0.1356
software-arm64,host,0,fp128,16,copysign,262144,35.3859,28259804,1356.5,14,0.1299
software-arm64,host,0,fp128,16,min,262144,56.0332,17846550,856.6,9,0.1322
software-arm64,host,0,fp128,16,max,262144,55.4394,18037707,865.8,9,0.1308
software-arm64,host,0,fp128,16,minnum,262144,55.8175,17915529,859.9,9,0.1317
software-arm64,host,0,fp128,16,maxnum,262144,55.5717,17994783,863.7,9,0.1311
software-arm64,host,0,fp128,16,cmplt,262144,71.3152,14022252,673.1,7,0.1309
software-arm64,host,0,fp128,16,cmple,262144,71.2575,14033619,673.6,7,0.1308
software-arm64,host,0,fp128,16,cmpeq,262144,55.9319,17878872,858.2,9,0.1320
software-arm64,host,0,fp128,16,select,262144,34.3884,29079568,1861.1,14,0.1262
software-arm64,host,0,fp128,16,iand,262144,29.2078,34237441,1643.4,17,0.1302
software-arm64,host,0,fp128,16,ior,262144,31.7299,31516026,1512.8,15,0.1248
software-arm64,host,0,fp128,16,ixor,262144,31.1522,32100412,1540.8,16,0.1307
software-arm64,host,0,fp128,16,iadd,262144,37.4952,26670048,1280.2,13,0.1278
software-arm64,host,0,fp128,16,isub,262144,44.6573,22392769,1074.9,11,0.1288
software-arm64,host,0,fp128,16,ishl,262144,41.7509,23951575,1149.7,12,0.1313
software-arm64,host,0,fp128,16,ishr,262144,36.5281,27376204,1314.1,13,0.1245
software-arm64,host,0,fp128,16,icmplt,262144,44.7370,22352845,1072.9,11,0.1290
software-arm64,host,0,fp128,16,add,262144,215.3702,4643168,222.9,3,0.1694
software-arm64,host,0,fp128,16,sub,262144,218.6521,4573476,219.5,3,0.1720
software-arm64,host,0,fp128,16,mul,262144,162.1081,6168723,296.1,3,0.1275
software-arm64,host,0,fp128,16,fma,262144,181.1981,5518821,353.2,3,0.1425
software-arm64,host,0,fp128,16,abs,524288,30.7589,32510960,1040.4,8,0.1290
software-arm64,host,0,fp128,16,neg,524288,34.1372,29293515,937.4,8,0.1432
software-arm64,host,0,fp128,16,copysign,524288,35.2001,28408995,1363.6,7,0.1292
software-arm64,host,0,fp128,16,min,524288,55.2101,18112624,869.4,5,0.1447
software-arm64,host,0,fp128,16,max,524288,55.8575,17902709,859.3,5,0.1464
software-arm64,host,0,fp128,16,minnum,524288,56.0394,17844579,856.5,5,0.1469
software-arm64,host,0,fp128,16,maxnum,524288,55.3440,18068803,867.3,5,0.1451
software-arm64,host,0,fp128,16,cmplt,524288,72.0458,13880059,666.2,4,0.1511
software-arm64,host,0,fp128,16,cmple,524288,71.4693,13992020,671.6,4,0.1499
software-arm64,host,0,fp128,16,cmpeq,524288,55.1117,18144969,871.0,5,0.1445
software-arm64,host,0,fp128,16,select,524288,34.0704,29350971,1878.5,7,0.1250
software-arm64,host,0,fp128,16,iand,524288,29.2477,34190714,1641.2,9,0.1380
software-arm64,host,0,fp128,16,ior,524288,31.2064,32044740,1538.1,8,0.1309
software-arm64,host,0,fp128,16,ixor,524288,31.5349,31710888,1522.1,8,0.1323
software-arm64,host,0,fp128,16,iadd,524288,37.4124,26729127,1283.0,7,0.1373
software-arm64,host,0,fp128,16,isub,524288,44.3465,22549698,1082.4,6,0.1395
software-arm64,host,0,fp128,16,ishl,524288,41.3046,24210385,1162.1,6,0.1299
software-arm64,host,0,fp128,16,ishr,524288,36.4639,27424404,1316.4,7,0.1338
software-arm64,host,0,fp128,16,icmplt,524288,44.7950,22323902,1071.5,6,0.1409
software-arm64,host,0,fp128,16,add,524288,214.2143,4668222,224.1,1,0.1123
software-arm64,host,0,fp128,16,sub,524288,222.4293,4495811,215.8,1,0.1166
software-arm64,host,0,fp128,16,mul,524288,162.9896,6135360,294.5,2,0.1709
software-arm64,host,0,fp128,16,fma,524288,181.6111,5506273,352.4,2,0.1904
software-arm64,host,0,fp128,16,abs,1048576,30.7579,32511968,1040.4,4,0.1290
software-arm64,host,0,fp128,16,neg,1048576,34.1501,29282471,937.0,4,0.1432
software-arm64,host,0,fp128,16,copysign,1048576,35.0885,28499334,1368.0,4,0.1472
software-arm64,host,0,fp128,16,min,1048576,56.2820,17767656,852.8,3,0.1770
software-arm64,host,0,fp128,16,max,1048576,55.6552,17967785,862.5,3,0.1751
software-arm64,host,0,fp128,16,minnum,1048576,55.8176,17915495,859.9,3,0.1756
software-arm64,host,0,fp128,16,maxnum,1048576,55.7915,17923865,860.3,3,0.1755
software-arm64,host,0,fp128,16,cmplt,1048576,70.5681,14170712,680.2,2,0.1480
software-arm64,host,0,fp128,16,cmple,1048576,71.1036,14063991,675.1,2,0.1491
software-arm64,host,0,fp128,16,cmpeq,1048576,55.5436,18003880,864.2,3,0.1747
software-arm64,host,0,fp128,16,select,1048576,33.5939,29767315,1905.1,4,0.1409
software-arm64,host,0,fp128,16,iand,1048576,28.5141,35070311,1683.4,4,0.1196
software-arm64,host,0,fp128,16,ior,1048576,31.3473,31900700,1531.2,4,0.1315
software-arm64,host,0,fp128,16,ixor,1048576,31.6491,31596462,1516.6,4,0.1327
software-arm64,host,0,fp128,16,iadd,1048576,36.8183,27160432,1303.7,4,0.1544
software-arm64,host,0,fp128,16,isub,1048576,44.3707,22537420,1081.8,3,0.1396
software-arm64,host,0,fp128,16,ishl,1048576,42.0294,23792880,1142.1,3,0.1322
software-arm64,host,0,fp128,16,ishr,1048576,36.7644,27200239,1305.6,4,0.1542
software-arm64,host,0,fp128,16,icmplt,1048576,44.9673,22238366,1067.4,3,0.1415
software-arm64,host,0,fp128,16,add,1048576,217.6752,4594000,220.5,1,0.2282
software-arm64,host,0,fp128,16,sub,1048576,221.5023,4514626,216.7,1,0.2323
software-arm64,host,0,fp128,16,mul,1048576,160.3651,6235771,299.3,1,0.1682
software-arm64,host,0,fp128,16,fma,1048576,182.5609,5477624,350.6,1,0.1914
software-arm64,host,0,fp128,16,abs,2097152,30.7934,32474461,1039.2,2,0.1292
software-arm64,host,0,fp128,16,neg,2097152,34.8830,28667241,917.4,2,0.1463
software-arm64,host,0,fp128,16,copysign,2097152,34.9593,28604678,1373.0,2,0.1466
software-arm64,host,0,fp128,16,min,2097152,56.8357,17594590,844.5,1,0.1192
software-arm64,host,0,fp128,16,max,2097152,55.6993,17953531,861.8,1,0.1168
software-arm64,host,0,fp128,16,minnum,2097152,55.1295,18139100,870.7,1,0.1156
software-arm64,host,0,fp128,16,maxnum,2097152,55.7389,17940783,861.2,1,0.1169
software-arm64,host,0,fp128,16,cmplt,2097152,72.1030,13869044,665.7,1,0.1512
software-arm64,host,0,fp128,16,cmple,2097152,71.0878,14067104,675.2,1,0.1491
software-arm64,host,0,fp128,16,cmpeq,2097152,55.5377,18005787,864.3,1,0.1165
software-arm64,host,0,fp128,16,select,2097152,33.8318,29557959,1891.7,2,0.1419
software-arm64,host,0,fp128,16,iand,2097152,28.5830,34985770,1679.3,3,0.1798
software-arm64,host,0,fp128,16,ior,2097152,31.4484,31798156,1526.3,2,0.1319
software-arm64,host,0,fp128,16,ixor,2097152,31.5335,31712326,1522.2,2,0.1323
software-arm64,host,0,fp128,16,iadd,2097152,37.1723,26901739,1291.3,2,0.1559
software-arm64,host,0,fp128,16,isub,2097152,44.5640,22439633,1077.1,2,0.1869
software-arm64,host,0,fp128,16,ishl,2097152,41.4836,24105888,1157.1,2,0.1740
software-arm64,host,0,fp128,16,ishr,2097152,36.9236,27082915,1300.0,2,0.1549
software-arm64,host,0,fp128,16,icmplt,2097152,45.3062,22072031,1059.5,2,0.1900
software-arm64,host,0,fp128,16,add,2097152,216.7029,4614612,221.5,1,0.4545
software-arm64,host,0,fp128,16,sub,2097152,222.5890,4492585,215.6,1,0.4668
software-arm64,host,0,fp128,16,mul,2097152,162.5028,6153741,295.4,1,0.3408
software-arm64,host,0,fp128,16,fma,2097152,183.1126,5461120,349.5,1,0.3840
software-arm64,host,0,fp128,16,abs,4194304,31.4529,31793577,1017.4,1,0.1319
software-arm64,host,0,fp128,16,neg,4194304,34.2388,29206618,934.6,1,0.1436
software-arm64,host,0,fp128,16,copysign,4194304,34.6968,28821087,1383.4,1,0.1455
software-arm64,host,0,fp128,16,min,4194304,56.3595,17743228,851.7,1,0.2364
software-arm64,host,0,fp128,16,max,4194304,55.8524,17904329,859.4,1,0.2343
software-arm64,host,0,fp128,16,minnum,4194304,55.8889,17892643,858.8,1,0.2344
software-arm64,host,0,fp128,16,maxnum,4194304,55.6908,17956298,861.9,1,0.2336
software-arm64,host,0,fp128,16,cmplt,4194304,70.5063,14183123,680.8,1,0.2957
software-arm64,host,0,fp128,16,cmple,4194304,71.3198,14021348,673.0,1,0.2991
software-arm64,host,0,fp128,16,cmpeq,4194304,55.6297,17975999,862.8,1,0.2333
software-arm64,host,0,fp128,16,select,4194304,34.2238,29219436,1870.0,1,0.1435
software-arm64,host,0,fp128,16,iand,4194304,29.0015,34481006,1655.1,1,0.1216
software-arm64,host,0,fp128,16,ior,4194304,31.5590,31686692,1521.0,1,0.1324
software-arm64,host,0,fp128,16,ixor,4194304,31.6219,31623620,1517.9,1,0.1326
software-arm64,host,0,fp128,16,iadd,4194304,37.1702,26903292,1291.4,1,0.1559
software-arm64,host,0,fp128,16,isub,4194304,44.6694,22386695,1074.6,1,0.1874
software-arm64,host,0,fp128,16,ishl,4194304,42.2056,23693554,1137.3,1,0.1770
software-arm64,host,0,fp128,16,ishr,4194304,36.6092,27315558,1311.1,1,0.1535
software-arm64,host,0,fp128,16,icmplt,4194304,44.8520,22295541,1070.2,1,0.1881
software-arm64,host,0,fp128,16,add,4194304,215.4865,4640661,222.8,1,0.9038
software-arm64,host,0,fp128,16,sub,4194304,221.1871,4521059,217.0,1,0.9277
software-arm64,host,0,fp128,16,mul,4194304,162.4951,6154030,295.4,1,0.6816
software-arm64,host,0,fp128,16,fma,4194304,181.1602,5519976,353.3,1,0.7598
software-arm64,host,0,fp128,16,abs,8388608,31.3425,31905553,1021.0,1,0.2629
software-arm64,host,0,fp128,16,neg,8388608,34.3531,29109423,931.5,1,0.2882
software-arm64,host,0,fp128,16,copysign,8388608,35.2378,28378625,1362.2,1,0.2956
software-arm64,host,0,fp128,16,min,8388608,55.9310,17879181,858.2,1,0.4692
software-arm64,host,0,fp128,16,max,8388608,56.0542,17839865,856.3,1,0.4702
software-arm64,host,0,fp128,16,minnum,8388608,55.8274,17912358,859.8,1,0.4683
software-arm64,host,0,fp128,16,maxnum,8388608,55.3621,18062897,867.0,1,0.4644
software-arm64,host,0,fp128,16,cmplt,8388608,71.2943,14026365,673.3,1,0.5981
software-arm64,host,0,fp128,16,cmple,8388608,71.3433,14016733,672.8,1,0.5985
software-arm64,host,0,fp128,16,cmpeq,8388608,55.8478,17905820,859.5,1,0.4685
software-arm64,host,0,fp128,16,select,8388608,33.7689,29613053,1895.2,1,0.2833
software-arm64,host,0,fp128,16,iand,8388608,28.7918,34732129,1667.1,1,0.2415
software-arm64,host,0,fp128,16,ior,8388608,31.3396,31908466,1531.6,1,0.2629
software-arm64,host,0,fp128,16,ixor,8388608,31.4078,31839191,1528.3,1,0.2635
software-arm64,host,0,fp128,16,iadd,8388608,37.0389,26998626,1295.9,1,0.3107
software-arm64,host,0,fp128,16,isub,8388608,44.9345,22254610,1068.2,1,0.3769
software-arm64,host,0,fp128,16,ishl,8388608,41.4590,24120236,1157.8,1,0.3478
software-arm64,host,0,fp128,16,ishr,8388608,36.4137,27462214,1318.2,1,0.3055
software-arm64,host,0,fp128,16,icmplt,8388608,44.8705,22286359,1069.7,1,0.3764
software-arm64,host,0,fp128,16,add,8388608,215.9809,4630039,222.2,1,1.8118
software-arm64,host,0,fp128,16,sub,8388608,221.8083,4508397,216.4,1,1.8607
software-arm64,host,0,fp128,16,mul,8388608,163.4318,6118762,293.7,1,1.3710
software-arm64,host,0,fp128,16,fma,8388608,182.1892,5488799,351.3,1,1.5283
software-arm64,host,0,fp256,32,abs,1,60.4659,16538242,1058.4,2133334,0.1290
software-arm64,host,0,fp256,32,neg,1,61.1924,16341899,1045.9,2040858,0.1249
software-arm64,host,0,fp256,32,copysign,1,61.1613,16350212,1569.6,2120083,0.1297
software-arm64,host,0,fp256,32,min,1,88.7832,11263393,1081.3,1448630,0.1286
software-arm64,host,0,fp256,32,max,1,90.1506,11092555,1064.9,1418283,0.1279
software-arm64,host,0,fp256,32,minnum,1,88.5617,11291569,1084.0,1441493,0.1277
software-arm64,host,0,fp256,32,maxnum,1,89.0483,11229865,1078.1,1446328,0.1288
software-arm64,host,0,fp256,32,cmplt,1,87.1585,11473355,1101.4,1393198,0.1214
software-arm64,host,0,fp256,32,cmple,1,88.1896,11339208,1088.6,1364651,0.1203
software-arm64,host,0,fp256,32,cmpeq,1,87.1385,11475984,1101.7,1401780,0.1221
software-arm64,host,0,fp256,32,select,1,64.8658,15416435,1973.3,1943997,0.1261
software-arm64,host,0,fp256,32,iand,1,59.3467,16850147,1617.6,2185700,0.1297
software-arm64,host,0,fp256,32,ior,1,62.8239,15917503,1528.1,1912679,0.1202
software-arm64,host,0,fp256,32,ixor,1,62.6431,15963458,1532.5,1970178,0.1234
software-arm64,host,0,fp256,32,iadd,1,65.6610,15229749,1462.1,1893667,0.1243
software-arm64,host,0,fp256,32,isub,1,72.2745,13836131,1328.3,1760869,0.1273
software-arm64,host,0,fp256,32,ishl,1,71.6679,13953248,1339.5,1706845,0.1223
software-arm64,host,0,fp256,32,ishr,1,62.2918,16053469,1541.1,2083949,0.1298
software-arm64,host,0,fp256,32,icmplt,1,59.1847,16896266,1622.0,2125584,0.1258
software-arm64,host,0,fp256,32,add,1,315.8804,3165755,303.9,382037,0.1207
software-arm64,host,0,fp256,32,sub,1,320.1100,3123926,299.9,391859,0.1254
software-arm64,host,0,fp256,32,mul,1,230.1644,4344720,417.1,559487,0.1288
software-arm64,host,0,fp256,32,fma,1,267.8117,3733967,477.9,468008,0.1253
software-arm64,host,0,fp256,32,abs,2,58.2100,17179177,1099.5,1115925,0.1299
software-arm64,host,0,fp256,32,neg,2,59.1066,16918598,1082.8,1068511,0.1263
software-arm64,host,0,fp256,32,copysign,2,58.6282,17056642,1637.4,1074432,0.1260
software-arm64,host,0,fp256,32,min,2,86.0265,11624322,1115.9,739551,0.1272
software-arm64,host,0,fp256,32,max,2,86.2576,11593187,1112.9,747378,0.1289
software-arm64,host,0,fp256,32,minnum,2,84.9917,11765849,1129.5,725647,0.1233
software-arm64,host,0,fp256,32,maxnum,2,85.2363,11732087,1126.3,730516,0.1245
software-arm64,host,0,fp256,32,cmplt,2,100.8373,9916970,952.0,620242,0.1251
software-arm64,host,0,fp256,32,cmple,2,100.8251,9918168,952.1,601160,0.1212
software-arm64,host,0,fp256,32,cmpeq,2,85.1595,11742668,1127.3,730711,0.1245
software-arm64,host,0,fp256,32,select,2,62.9187,15893536,2034.4,983198,0.1237
software-arm64,host,0,fp256,32,iand,2,57.5610,17372866,1667.8,1104341,0.1271
software-arm64,host,0,fp256,32,ior,2,61.4316,16278280,1562.7,1039067,0.1277
software-arm64,host,0,fp256,32,ixor,2,61.0270,16386190,1573.1,1031609,0.1259
software-arm64,host,0,fp256,32,iadd,2,63.2883,15800720,1516.9,971768,0.1230
software-arm64,host,0,fp256,32,isub,2,67.3622,14845118,1425.1,933988,0.1258
software-arm64,host,0,fp256,32,ishl,2,65.6019,15243465,1463.4,988775,0.1297
software-arm64,host,0,fp256,32,ishr,2,58.8943,16979575,1630.0,1079884,0.1272
software-arm64,host,0,fp256,32,icmplt,2,69.2578,14438805,1386.1,892181,0.1236
software-arm64,host,0,fp256,32,add,2,322.4598,3101162,297.7,199766,0.1288
software-arm64,host,0,fp256,32,sub,2,313.5010,3189782,306.2,204229,0.1281
software-arm64,host,0,fp256,32,mul,2,232.7328,4296773,412.5,262144,0.1220
software-arm64,host,0,fp256,32,fma,2,272.8193,3665430,469.2,234648,0.1280
software-arm64,host,0,fp256,32,abs,4,54.7839,18253544,1168.2,570405,0.1250
software-arm64,host,0,fp256,32,neg,4,55.1401,18135609,1160.7,567903,0.1253
software-arm64,host,0,fp256,32,copysign,4,56.6528,17651374,1694.5,545198,0.1235
software-arm64,host,0,fp256,32,min,4,83.6368,11956466,1147.8,376264,0.1259
software-arm64,host,0,fp256,32,max,4,82.7369,12086513,1160.3,372461,0.1233
software-arm64,host,0,fp256,32,minnum,4,83.9896,11906233,1143.0,372043,0.1250
software-arm64,host,0,fp256,32,maxnum,4,83.4637,11981255,1150.2,374552,0.1250
software-arm64,host,0,fp256,32,cmplt,4,92.9620,10757089,1032.7,338695,0.1259
software-arm64,host,0,fp256,32,cmple,4,93.9075,10648777,1022.3,338695,0.1272
software-arm64,host,0,fp256,32,cmpeq,4,83.2094,12017878,1153.7,387201,0.1289
software-arm64,host,0,fp256,32,select,4,58.6490,17050583,2182.5,539587,0.1266
software-arm64,host,0,fp256,32,iand,4,52.9826,18874115,1811.9,587957,0.1246
software-arm64,host,0,fp256,32,ior,4,56.7667,17615967,1691.1,532883,0.1210
software-arm64,host,0,fp256,32,ixor,4,56.7731,17613983,1690.9,565083,0.1283
software-arm64,host,0,fp256,32,iadd,4,59.0203,16943335,1626.6,528721,0.1248
software-arm64,host,0,fp256,32,isub,4,66.1198,15124060,1451.9,465753,0.1232
software-arm64,host,0,fp256,32,ishl,4,67.2456,14870854,1427.6,465283,0.1252
software-arm64,host,0,fp256,32,ishr,4,56.7446,17622810,1691.8,547924,0.1244
software-arm64,host,0,fp256,32,icmplt,4,76.0673,13146248,1262.0,413696,0.1259
software-arm64,host,0,fp256,32,add,4,320.9929,3115333,299.1,97228,0.1248
software-arm64,host,0,fp256,32,sub,4,314.0714,3183989,305.7,98519,0.1238
software-arm64,host,0,fp256,32,mul,4,229.5893,4355604,418.1,134525,0.1235
software-arm64,host,0,fp256,32,fma,4,267.1196,3743641,479.2,120841,0.1291
software-arm64,host,0,fp256,32,abs,8,52.7768,18947715,1212.7,262144,0.1107
software-arm64,host,0,fp256,32,neg,8,55.2950,18084821,1157.4,262144,0.1160
software-arm64,host,0,fp256,32,copysign,8,56.8137,17601383,1689.7,262144,0.1191
software-arm64,host,0,fp256,32,min,8,81.5089,12268603,1177.8,191358,0.1248
software-arm64,host,0,fp256,32,max,8,81.0770,12333948,1184.1,174032,0.1129
software-arm64,host,0,fp256,32,minnum,8,81.5676,12259768,1176.9,190503,0.1243
software-arm64,host,0,fp256,32,maxnum,8,79.9327,12510528,1201.0,161464,0.1032
software-arm64,host,0,fp256,32,cmplt,8,89.4395,11180748,1073.4,174804,0.1251
software-arm64,host,0,fp256,32,cmple,8,89.4257,11182473,1073.5,178647,0.1278
software-arm64,host,0,fp256,32,cmpeq,8,80.0757,12488190,1198.9,196216,0.1257
software-arm64,host,0,fp256,32,select,8,56.7551,17619561,2255.3,248786,0.1130
software-arm64,host,0,fp256,32,iand,8,50.9715,19618819,1883.4,306392,0.1249
software-arm64,host,0,fp256,32,ior,8,55.0180,18175856,1744.9,284643,0.1253
software-arm64,host,0,fp256,32,ixor,8,54.9245,18206815,1747.9,262144,0.1152
software-arm64,host,0,fp256,32,iadd,8,61.1288,16358905,1570.5,257117,0.1257
software-arm64,host,0,fp256,32,isub,8,66.0619,15137315,1453.2,238320,0.1260
software-arm64,host,0,fp256,32,ishl,8,69.0351,14485393,1390.6,230631,0.1274
software-arm64,host,0,fp256,32,ishr,8,57.3378,17440514,1674.3,262144,0.1202
software-arm64,host,0,fp256,32,icmplt,8,75.6413,13220290,1269.1,212184,0.1284
software-arm64,host,0,fp256,32,add,8,315.8950,3165609,303.9,49835,0.1259
software-arm64,host,0,fp256,32,sub,8,318.7560,3137196,301.2,50152,0.1279
software-arm64,host,0,fp256,32,mul,8,235.8307,4240329,407.1,66676,0.1258
software-arm64,host,0,fp256,32,fma,8,262.4925,3809632,487.6,58495,0.1228
software-arm64,host,0,fp256,32,abs,16,51.8415,19289558,1234.5,154777,0.1284
software-arm64,host,0,fp256,32,neg,16,55.3001,18083156,1157.3,130314,0.1153
software-arm64,host,0,fp256,32,copysign,16,54.9891,18185417,1745.8,144715,0.1273
software-arm64,host,0,fp256,32,min,16,80.5847,12409307,1191.3,95630,0.1233
software-arm64,host,0,fp256,32,max,16,80.4314,12432952,1193.6,95684,0.1231
software-arm64,host,0,fp256,32,minnum,16,80.3243,12449531,1195.2,96550,0.1241
software-arm64,host,0,fp256,32,maxnum,16,79.1453,12634991,1213.0,101166,0.1281
software-arm64,host,0,fp256,32,cmplt,16,99.1078,10090025,968.6,81412,0.1291
software-arm64,host,0,fp256,32,cmple,16,101.0004,9900950,950.5,81129,0.1311
software-arm64,host,0,fp256,32,cmpeq,16,79.2410,12619725,1211.5,101588,0.1288
software-arm64,host,0,fp256,32,select,16,55.9678,17867424,2287.0,143902,0.1289
software-arm64,host,0,fp256,32,iand,16,49.8072,20077422,1927.4,158318,0.1262
software-arm64,host,0,fp256,32,ior,16,54.2648,18428160,1769.1,144266,0.1253
software-arm64,host,0,fp256,32,ixor,16,54.2281,18440633,1770.3,145953,0.1266
software-arm64,host,0,fp256,32,iadd,16,60.4017,16555815,1589.4,127427,0.1231
software-arm64,host,0,fp256,32,isub,16,66.7298,14985808,1438.6,118327,0.1263
software-arm64,host,0,fp256,32,ishl,16,69.7215,14342788,1376.9,112036,0.1250
software-arm64,host,0,fp256,32,ishr,16,58.2408,17170084,1648.3,135810,0.1266
software-arm64,host,0,fp256,32,icmplt,16,71.4703,13991828,1343.2,110441,0.1263
software-arm64,host,0,fp256,32,add,16,312.5343,3199649,307.2,25490,0.1275
software-arm64,host,0,fp256,32,sub,16,316.9069,3155501,302.9,25032,0.1269
software-arm64,host,0,fp256,32,mul,16,235.6723,4243181,407.3,33785,0.1274
software-arm64,host,0,fp256,32,fma,16,256.3631,3900717,499.3,30773,0.1262
software-arm64,host,0,fp256,32,abs,32,51.3027,19492162,1247.5,73829,0.1212
software-arm64,host,0,fp256,32,neg,32,55.3424,18069332,1156.4,71589,0.1268
software-arm64,host,0,fp256,32,copysign,32,55.4902,18021196,1730.0,72002,0.1279
software-arm64,host,0,fp256,32,min,32,79.5332,12573361,1207.0,50429,0.1283
software-arm64,host,0,fp256,32,max,32,79.9279,12511269,1201.1,49719,0.1272
software-arm64,host,0,fp256,32,minnum,32,78.9832,12660919,1215.4,50523,0.1277
software-arm64,host,0,fp256,32,maxnum,32,79.1237,12638443,1213.3,50098,0.1268
software-arm64,host,0,fp256,32,cmplt,32,97.1391,10294517,988.3,40765,0.1267
software-arm64,host,0,fp256,32,cmple,32,96.6727,10344180,993.0,38791,0.1200
software-arm64,host,0,fp256,32,cmpeq,32,79.4259,12590353,1208.7,49137,0.1249
software-arm64,host,0,fp256,32,select,32,55.2835,18088565,2315.3,71880,0.1272
software-arm64,host,0,fp256,32,iand,32,49.4319,20229862,1942.1,79516,0.1258
software-arm64,host,0,fp256,32,ior,32,53.1797,18804185,1805.2,75651,0.1287
software-arm64,host,0,fp256,32,ixor,32,53.5873,18661137,1791.5,73680,0.1263
software-arm64,host,0,fp256,32,iadd,32,59.2741,16870769,1619.6,66416,0.1260
software-arm64,host,0,fp256,32,isub,32,65.6760,15226264,1461.7,60975,0.1281
software-arm64,host,0,fp256,32,ishl,32,68.1628,14670750,1408.4,57342,0.1251
software-arm64,host,0,fp256,32,ishr,32,58.7939,17008567,1632.8,68367,0.1286
software-arm64,host,0,fp256,32,icmplt,32,71.4879,13988387,1342.9,52849,0.1209
software-arm64,host,0,fp256,32,add,32,315.0041,3174562,304.8,12467,0.1257
software-arm64,host,0,fp256,32,sub,32,323.4664,3091511,296.8,12222,0.1265
software-arm64,host,0,fp256,32,mul,32,231.6916,4316082,414.3,17096,0.1268
software-arm64,host,0,fp256,32,fma,32,266.2466,3755916,480.8,14453,0.1231
software-arm64,host,0,fp256,32,abs,64,50.9067,19643790,1257.2,38806,0.1264
software-arm64,host,0,fp256,32,neg,64,54.8260,18239521,1167.3,35762,0.1255
software-arm64,host,0,fp256,32,copysign,64,55.0708,18158428,1743.2,36072,0.1271
software-arm64,host,0,fp256,32,min,64,81.5779,12258215,1176.8,24766,0.1293
software-arm64,host,0,fp256,32,max,64,79.5327,12573448,1207.1,24686,0.1257
software-arm64,host,0,fp256,32,minnum,64,78.9104,12672603,1216.6,25107,0.1268
software-arm64,host,0,fp256,32,maxnum,64,79.1254,12638164,1213.3,24974,0.1265
software-arm64,host,0,fp256,32,cmplt,64,96.1483,10400601,998.5,20125,0.1238
software-arm64,host,0,fp256,32,cmple,64,96.3954,10373943,995.9,20354,0.1256
software-arm64,host,0,fp256,32,cmpeq,64,79.7518,12538907,1203.7,24435,0.1247
software-arm64,host,0,fp256,32,select,64,55.6420,17972046,2300.4,35802,0.1275
software-arm64,host,0,fp256,32,iand,64,48.8076,20488597,1966.9,39276,0.1227
software-arm64,host,0,fp256,32,ior,64,53.2244,18788392,1803.7,35668,0.1215
software-arm64,host,0,fp256,32,ixor,64,52.8900,18907183,1815.1,36256,0.1227
software-arm64,host,0,fp256,32,iadd,64,59.5057,16805126,1613.3,33892,0.1291
software-arm64,host,0,fp256,32,isub,64,66.6017,15014627,1441.4,28197,0.1202
software-arm64,host,0,fp256,32,ishl,64,68.0436,14696462,1410.9,28865,0.1257
software-arm64,host,0,fp256,32,ishr,64,59.6830,16755196,1608.5,32287,0.1233
software-arm64,host,0,fp256,32,icmplt,64,69.2959,14430870,1385.4,28165,0.1249
software-arm64,host,0,fp256,32,add,64,315.7849,3166713,304.0,6236,0.1260
software-arm64,host,0,fp256,32,sub,64,319.1171,3133646,300.8,6137,0.1253
software-arm64,host,0,fp256,32,mul,64,234.5350,4263757,409.3,8303,0.1246
software-arm64,host,0,fp256,32,fma,64,266.7966,3748174,479.8,7402,0.1264
software-arm64,host,0,fp256,32,abs,128,51.1243,19560176,1251.9,19461,0.1274
software-arm64,host,0,fp256,32,neg,128,54.0083,18515666,1185.0,18393,0.1272
software-arm64,host,0,fp256,32,copysign,128,54.3671,18393483,1765.8,17921,0.1247
software-arm64,host,0,fp256,32,min,128,79.8867,12517728,1201.7,12346,0.1262
software-arm64,host,0,fp256,32,max,128,79.4889,12580371,1207.7,12172,0.1238
software-arm64,host,0,fp256,32,minnum,128,79.8705,12520264,1201.9,12174,0.1245
software-arm64,host,0,fp256,32,maxnum,128,79.4174,12591695,1208.8,12404,0.1261
software-arm64,host,0,fp256,32,cmplt,128,99.4259,10057745,965.5,9898,0.1260
software-arm64,host,0,fp256,32,cmple,128,98.2130,10181950,977.5,9633,0.1211
software-arm64,host,0,fp256,32,cmpeq,128,78.4982,12739138,1223.0,12454,0.1251
software-arm64,host,0,fp256,32,select,128,55.2615,18095765,2316.3,18087,0.1279
software-arm64,host,0,fp256,32,iand,128,49.2614,20299855,1948.8,19986,0.1260
software-arm64,host,0,fp256,32,ior,128,53.2125,18792576,1804.1,18803,0.1281
software-arm64,host,0,fp256,32,ixor,128,52.8856,18908730,1815.2,18466,0.1250
software-arm64,host,0,fp256,32,iadd,128,59.6733,16757912,1608.8,15939,0.1217
software-arm64,host,0,fp256,32,isub,128,67.3214,14854113,1426.0,14619,0.1260
software-arm64,host,0,fp256,32,ishl,128,69.3068,14428595,1385.1,14488,0.1285
software-arm64,host,0,fp256,32,ishr,128,59.0375,16938380,1626.1,16478,0.1245
software-arm64,host,0,fp256,32,icmplt,128,66.6182,15010913,1441.0,14615,0.1246
software-arm64,host,0,fp256,32,add,128,324.5745,3080956,295.8,3140,0.1305
software-arm64,host,0,fp256,32,sub,128,326.4847,3062931,294.0,3053,0.1276
software-arm64,host,0,fp256,32,mul,128,236.1546,4234515,406.5,4096,0.1238
software-arm64,host,0,fp256,32,fma,128,271.1141,3688484,472.1,3803,0.1320
software-arm64,host,0,fp256,32,abs,256,50.2411,19904022,1273.9,9452,0.1216
software-arm64,host,0,fp256,32,neg,256,54.2011,18449808,1180.8,8802,0.1221
software-arm64,host,0,fp256,32,copysign,256,54.5649,18326812,1759.4,8855,0.1237
software-arm64,host,0,fp256,32,min,256,81.1506,12322766,1183.0,6139,0.1275
software-arm64,host,0,fp256,32,max,256,79.1730,12630573,1212.5,6154,0.1247
software-arm64,host,0,fp256,32,minnum,256,79.7118,12545198,1204.3,6115,0.1248
software-arm64,host,0,fp256,32,maxnum,256,79.1204,12638965,1213.3,6220,0.1260
software-arm64,host,0,fp256,32,cmplt,256,98.3353,10169292,976.3,4096,0.1031
software-arm64,host,0,fp256,32,cmple,256,97.9385,10210485,980.2,4096,0.1027
software-arm64,host,0,fp256,32,cmpeq,256,78.4647,12744589,1223.5,6187,0.1243
software-arm64,host,0,fp256,32,select,256,54.6963,18282773,2340.2,8880,0.1243
software-arm64,host,0,fp256,32,iand,256,49.4407,20226240,1941.7,10094,0.1278
software-arm64,host,0,fp256,32,ior,256,52.6872,18979958,1822.1,9141,0.1233
software-arm64,host,0,fp256,32,ixor,256,52.9394,18889530,1813.4,9108,0.1234
software-arm64,host,0,fp256,32,iadd,256,59.0289,16940844,1626.3,8249,0.1247
software-arm64,host,0,fp256,32,isub,256,67.2219,14876101,1428.1,7332,0.1262
software-arm64,host,0,fp256,32,ishl,256,69.4568,14397436,1382.2,7053,0.1254
software-arm64,host,0,fp256,32,ishr,256,59.4038,16833938,1616.1,8217,0.1250
software-arm64,host,0,fp256,32,icmplt,256,68.6070,14575764,1399.3,7208,0.1266
software-arm64,host,0,fp256,32,add,256,322.6846,3099001,297.5,1571,0.1298
software-arm64,host,0,fp256,32,sub,256,328.5235,3043922,292.2,1490,0.1253
software-arm64,host,0,fp256,32,mul,256,237.2543,4214888,404.6,2130,0.1294
software-arm64,host,0,fp256,32,fma,256,271.7143,3680337,471.1,1852,0.1288
software-arm64,host,0,fp256,32,abs,512,50.6735,19734187,1263.0,4096,0.1063
software-arm64,host,0,fp256,32,neg,512,54.7886,18251976,1168.1,4096,0.1149
software-arm64,host,0,fp256,32,copysign,512,54.6827,18287309,1755.6,4096,0.1147
software-arm64,host,0,fp256,32,min,512,79.3500,12602396,1209.8,3133,0.1273
software-arm64,host,0,fp256,32,max,512,78.8656,12679796,1217.3,3067,0.1238
software-arm64,host,0,fp256,32,minnum,512,78.8569,12681202,1217.4,3149,0.1271
software-arm64,host,0,fp256,32,maxnum,512,78.3688,12760187,1225.0,3189,0.1280
software-arm64,host,0,fp256,32,cmplt,512,99.4460,10055706,965.3,2487,0.1266
software-arm64,host,0,fp256,32,cmple,512,97.0320,10305882,989.4,2409,0.1197
software-arm64,host,0,fp256,32,cmpeq,512,78.5271,12734449,1222.5,3220,0.1295
software-arm64,host,0,fp256,32,select,512,55.0480,18165968,2325.2,4096,0.1154
software-arm64,host,0,fp256,32,iand,512,49.1004,20366433,1955.2,4096,0.1030
software-arm64,host,0,fp256,32,ior,512,52.7534,18956107,1819.8,4096,0.1106
software-arm64,host,0,fp256,32,ixor,512,52.9528,18884755,1812.9,4096,0.1110
software-arm64,host,0,fp256,32,iadd,512,59.0649,16930539,1625.3,4096,0.1239
software-arm64,host,0,fp256,32,isub,512,67.5830,14796623,1420.5,3776,0.1307
software-arm64,host,0,fp256,32,ishl,512,68.5181,14594679,1401.1,3691,0.1295
software-arm64,host,0,fp256,32,ishr,512,58.8077,17004589,1632.4,3351,0.1009
software-arm64,host,0,fp256,32,icmplt,512,68.0368,14697926,1411.0,3742,0.1304
software-arm64,host,0,fp256,32,add,512,324.9674,3077232,295.4,767,0.1276
software-arm64,host,0,fp256,32,sub,512,327.7053,3051522,292.9,726,0.1218
software-arm64,host,0,fp256,32,mul,512,237.2970,4214128,404.6,1022,0.1242
software-arm64,host,0,fp256,32,fma,512,270.6817,3694377,472.9,910,0.1261
software-arm64,host,0,fp256,32,abs,1024,50.7342,19710575,1261.5,2407,0.1250
software-arm64,host,0,fp256,32,neg,1024,54.9543,18196932,1164.6,2207,0.1242
software-arm64,host,0,fp256,32,copysign,1024,56.4188,17724574,1701.6,2140,0.1236
software-arm64,host,0,fp256,32,min,1024,81.5693,12259510,1176.9,1556,0.1300
software-arm64,host,0,fp256,32,max,1024,78.9455,12666969,1216.0,1583,0.1280
software-arm64,host,0,fp256,32,minnum,1024,79.2824,12613146,1210.9,1561,0.1267
software-arm64,host,0,fp256,32,maxnum,1024,80.3026,12452895,1195.5,1553,0.1277
software-arm64,host,0,fp256,32,cmplt,1024,98.4428,10158186,975.2,1259,0.1269
software-arm64,host,0,fp256,32,cmple,1024,97.9472,10209583,980.1,1252,0.1256
software-arm64,host,0,fp256,32,cmpeq,1024,78.7846,12692833,1218.5,1556,0.1255
software-arm64,host,0,fp256,32,select,1024,55.5188,18011931,2305.5,2238,0.1272
software-arm64,host,0,fp256,32,iand,1024,48.8220,20482575,1966.3,2545,0.1272
software-arm64,host,0,fp256,32,ior,1024,53.3845,18732019,1798.3,2196,0.1200
software-arm64,host,0,fp256,32,ixor,1024,52.7114,18971220,1821.2,2170,0.1171
software-arm64,host,0,fp256,32,iadd,1024,59.6771,16756833,1608.7,2075,0.1268
software-arm64,host,0,fp256,32,isub,1024,67.2999,14858874,1426.5,1801,0.1241
software-arm64,host,0,fp256,32,ishl,1024,69.0097,14490717,1391.1,1808,0.1278
software-arm64,host,0,fp256,32,ishr,1024,59.1957,16893126,1621.7,2101,0.1274
software-arm64,host,0,fp256,32,icmplt,1024,68.5775,14582039,1399.9,1831,0.1286
software-arm64,host,0,fp256,32,add,1024,318.7746,3137013,301.2,381,0.1244
software-arm64,host,0,fp256,32,sub,1024,327.7977,3050662,292.9,373,0.1252
software-arm64,host,0,fp256,32,mul,1024,242.5909,4122165,395.7,518,0.1287
software-arm64,host,0,fp256,32,fma,1024,269.3749,3712298,475.2,456,0.1258
software-arm64,host,0,fp256,32,abs,2048,50.5925,19765784,1265.0,1239,0.1284
software-arm64,host,0,fp256,32,neg,2048,54.6342,18303569,1171.4,1135,0.1270
software-arm64,host,0,fp256,32,copysign,2048,54.8200,18241530,1751.2,1069,0.1200
software-arm64,host,0,fp256,32,min,2048,80.1510,12476447,1197.7,777,0.1275
software-arm64,host,0,fp256,32,max,2048,79.1841,12628792,1212.4,751,0.1218
software-arm64,host,0,fp256,32,minnum,2048,79.6535,12554380,1205.2,775,0.1264
software-arm64,host,0,fp256,32,maxnum,2048,78.3821,12758011,1224.8,771,0.1238
software-arm64,host,0,fp256,32,cmplt,2048,97.7068,10234700,982.5,618,0.1237
software-arm64,host,0,fp256,32,cmple,2048,97.9318,10211191,980.3,638,0.1280
software-arm64,host,0,fp256,32,cmpeq,2048,79.9215,12512282,1201.2,773,0.1265
software-arm64,host,0,fp256,32,select,2048,55.3799,18057083,2311.3,1105,0.1253
software-arm64,host,0,fp256,32,iand,2048,48.7357,20518841,1969.8,1289,0.1287
software-arm64,host,0,fp256,32,ior,2048,52.9316,18892298,1813.7,1161,0.1259
software-arm64,host,0,fp256,32,ixor,2048,52.8314,18928137,1817.1,1087,0.1176
software-arm64,host,0,fp256,32,iadd,2048,59.4898,16809606,1613.7,1037,0.1263
software-arm64,host,0,fp256,32,isub,2048,66.4773,15042733,1444.1,928,0.1263
software-arm64,host,0,fp256,32,ishl,2048,68.4845,14601852,1401.8,890,0.1248
software-arm64,host,0,fp256,32,ishr,2048,60.0127,16663152,1599.7,1031,0.1267
software-arm64,host,0,fp256,32,icmplt,2048,69.0670,14478685,1390.0,868,0.1228
software-arm64,host,0,fp256,32,add,2048,320.8135,3117076,299.2,192,0.1261
software-arm64,host,0,fp256,32,sub,2048,329.7939,3032196,291.1,189,0.1277
software-arm64,host,0,fp256,32,mul,2048,239.3477,4178023,401.1,250,0.1225
software-arm64,host,0,fp256,32,fma,2048,277.9362,3597948,460.5,225,0.1281
software-arm64,host,0,fp256,32,abs,4096,50.4526,19820572,1268.5,604,0.1248
software-arm64,host,0,fp256,32,neg,4096,55.0996,18148944,1161.5,561,0.1266
software-arm64,host,0,fp256,32,copysign,4096,55.2156,18110825,1738.6,558,0.1262
software-arm64,host,0,fp256,32,min,4096,80.4155,12435416,1193.8,385,0.1268
software-arm64,host,0,fp256,32,max,4096,79.2053,12625422,1212.0,379,0.1230
software-arm64,host,0,fp256,32,minnum,4096,79.9158,12513172,1201.3,382,0.1250
software-arm64,host,0,fp256,32,maxnum,4096,78.4836,12741512,1223.2,386,0.1241
software-arm64,host,0,fp256,32,cmplt,4096,97.5625,10249843,984.0,315,0.1259
software-arm64,host,0,fp256,32,cmple,4096,98.3546,10167296,976.1,315,0.1269
software-arm64,host,0,fp256,32,cmpeq,4096,79.6546,12554200,1205.2,392,0.1279
software-arm64,host,0,fp256,32,select,4096,55.5400,18005040,2304.6,553,0.1258
software-arm64,host,0,fp256,32,iand,4096,49.5056,20199733,1939.2,631,0.1280
software-arm64,host,0,fp256,32,ior,4096,52.2650,19133250,1836.8,580,0.1242
software-arm64,host,0,fp256,32,ixor,4096,53.5167,18685757,1793.8,592,0.1298
software-arm64,host,0,fp256,32,iadd,4096,59.4194,16829521,1615.6,529,0.1287
software-arm64,host,0,fp256,32,isub,4096,67.4945,14816020,1422.3,459,0.1269
software-arm64,host,0,fp256,32,ishl,4096,68.9931,14494193,1391.4,443,0.1252
software-arm64,host,0,fp256,32,ishr,4096,59.5352,16796777,1612.5,515,0.1256
software-arm64,host,0,fp256,32,icmplt,4096,67.5322,14807754,1421.5,456,0.1261
software-arm64,host,0,fp256,32,add,4096,320.4795,3120324,299.6,95,0.1247
software-arm64,host,0,fp256,32,sub,4096,328.6621,3042639,292.1,95,0.1279
software-arm64,host,0,fp256,32,mul,4096,238.7676,4188172,402.1,129,0.1262
software-arm64,host,0,fp256,32,fma,4096,273.6645,3654109,467.7,114,0.1278
software-arm64,host,0,fp256,32,abs,8192,50.9544,19625383,1256.0,301,0.1256
software-arm64,host,0,fp256,32,neg,8192,55.0170,18176214,1163.3,279,0.1257
software-arm64,host,0,fp256,32,copysign,8192,56.0240,17849489,1713.6,273,0.1253
software-arm64,host,0,fp256,32,min,8192,78.9287,12669665,1216.3,185,0.1196
software-arm64,host,0,fp256,32,max,8192,79.3344,12604867,1210.1,195,0.1267
software-arm64,host,0,fp256,32,minnum,8192,79.6263,12558659,1205.6,194,0.1265
software-arm64,host,0,fp256,32,maxnum,8192,79.7606,12537516,1203.6,193,0.1261
software-arm64,host,0,fp256,32,cmplt,8192,97.5397,10252237,984.2,155,0.1239
software-arm64,host,0,fp256,32,cmple,8192,97.6747,10238064,982.9,152,0.1216
software-arm64,host,0,fp256,32,cmpeq,8192,78.9626,12664225,1215.8,195,0.1261
software-arm64,host,0,fp256,32,select,8192,55.3207,18076412,2313.8,283,0.1283
software-arm64,host,0,fp256,32,iand,8192,49.3874,20248085,1943.8,313,0.1266
software-arm64,host,0,fp256,32,ior,8192,53.0234,18859582,1810.5,288,0.1251
software-arm64,host,0,fp256,32,ixor,8192,52.5932,19013854,1825.3,288,0.1241
software-arm64,host,0,fp256,32,iadd,8192,60.5019,16528413,1586.7,255,0.1264
software-arm64,host,0,fp256,32,isub,8192,67.3748,14842349,1424.9,228,0.1258
software-arm64,host,0,fp256,32,ishl,8192,68.8282,14528926,1394.8,226,0.1274
software-arm64,host,0,fp256,32,ishr,8192,59.1531,16905290,1622.9,256,0.1241
software-arm64,host,0,fp256,32,icmplt,8192,68.4008,14619716,1403.5,227,0.1272
software-arm64,host,0,fp256,32,add,8192,321.2386,3112951,298.8,46,0.1211
software-arm64,host,0,fp256,32,sub,8192,331.6269,3015437,289.5,48,0.1304
software-arm64,host,0,fp256,32,mul,8192,241.3921,4142637,397.7,64,0.1266
software-arm64,host,0,fp256,32,fma,8192,274.0914,3648417,467.0,56,0.1257
software-arm64,host,0,fp256,32,abs,16384,51.0724,19580046,1253.1,148,0.1238
software-arm64,host,0,fp256,32,neg,16384,54.7364,18269373,1169.2,141,0.1264
software-arm64,host,0,fp256,32,copysign,16384,55.1214,18141781,1741.6,138,0.1246
software-arm64,host,0,fp256,32,min,16384,79.0242,12654357,1214.8,97,0.1256
software-arm64,host,0,fp256,32,max,16384,78.3799,12758365,1224.8,96,0.1233
software-arm64,host,0,fp256,32,minnum,16384,79.7202,12543875,1204.2,96,0.1254
software-arm64,host,0,fp256,32,maxnum,16384,80.0624,12490258,1199.1,97,0.1272
software-arm64,host,0,fp256,32,cmplt,16384,97.4436,10262349,985.2,64,0.1022
software-arm64,host,0,fp256,32,cmple,16384,97.0325,10305820,989.4,64,0.1017
software-arm64,host,0,fp256,32,cmpeq,16384,78.1558,12794949,1228.3,95,0.1216
software-arm64,host,0,fp256,32,select,16384,55.5842,17990731,2302.8,136,0.1239
software-arm64,host,0,fp256,32,iand,16384,48.6190,20568102,1974.5,157,0.1251
software-arm64,host,0,fp256,32,ior,16384,52.4703,19058396,1829.6,144,0.1238
software-arm64,host,0,fp256,32,ixor,16384,52.3648,19096799,1833.3,145,0.1244
software-arm64,host,0,fp256,32,iadd,16384,59.7779,16728582,1605.9,127,0.1244
software-arm64,host,0,fp256,32,isub,16384,66.9161,14944079,1434.6,113,0.1239
software-arm64,host,0,fp256,32,ishl,16384,69.6820,14350910,1377.7,109,0.1244
software-arm64,host,0,fp256,32,ishr,16384,59.9527,16679806,1601.3,128,0.1257
software-arm64,host,0,fp256,32,icmplt,16384,67.9807,14710049,1412.2,113,0.1259
software-arm64,host,0,fp256,32,add,16384,325.8887,3068533,294.6,25,0.1335
software-arm64,host,0,fp256,32,sub,16384,326.9780,3058309,293.6,24,0.1286
software-arm64,host,0,fp256,32,mul,16384,236.3244,4231471,406.2,33,0.1278
software-arm64,host,0,fp256,32,fma,16384,271.0866,3688858,472.2,29,0.1288
software-arm64,host,0,fp256,32,abs,32768,50.6964,19725277,1262.4,64,0.1063
software-arm64,host,0,fp256,32,neg,32768,55.0475,18166125,1162.6,64,0.1154
software-arm64,host,0,fp256,32,copysign,32768,55.0814,18154960,1742.9,64,0.1155
software-arm64,host,0,fp256,32,min,32768,79.3280,12605889,1210.2,50,0.1300
software-arm64,host,0,fp256,32,max,32768,79.1594,12632736,1212.7,48,0.1245
software-arm64,host,0,fp256,32,minnum,32768,79.5013,12578404,1207.5,50,0.1303
software-arm64,host,0,fp256,32,maxnum,32768,79.0561,12649246,1214.3,49,0.1269
software-arm64,host,0,fp256,32,cmplt,32768,98.4340,10159088,975.3,37,0.1193
software-arm64,host,0,fp256,32,cmple,32768,98.1915,10184183,977.7,39,0.1255
software-arm64,host,0,fp256,32,cmpeq,32768,79.0200,12655028,1214.9,49,0.1269
software-arm64,host,0,fp256,32,select,32768,55.5058,18016151,2306.1,64,0.1164
software-arm64,host,0,fp256,32,iand,32768,49.1719,20336808,1952.3,64,0.1031
software-arm64,host,0,fp256,32,ior,32768,53.0086,18864879,1811.0,64,0.1112
software-arm64,host,0,fp256,32,ixor,32768,52.5522,19028691,1826.8,64,0.1102
software-arm64,host,0,fp256,32,iadd,32768,59.7782,16728503,1605.9,64,0.1254
software-arm64,host,0,fp256,32,isub,32768,66.8693,14954551,1435.6,58,0.1271
software-arm64,host,0,fp256,32,ishl,32768,68.7667,14541929,1396.0,52,0.1172
software-arm64,host,0,fp256,32,ishr,32768,59.9022,16693880,1602.6,64,0.1256
software-arm64,host,0,fp256,32,icmplt,32768,68.0268,14700080,1411.2,58,0.1293
software-arm64,host,0,fp256,32,add,32768,325.3835,3073297,295.0,12,0.1279
software-arm64,host,0,fp256,32,sub,32768,331.3802,3017682,289.7,12,0.1303
software-arm64,host,0,fp256,32,mul,32768,241.3387,4143554,397.8,16,0.1265
software-arm64,host,0,fp256,32,fma,32768,276.1797,3620831,463.5,14,0.1267
software-arm64,host,0,fp256,32,abs,65536,51.7602,19319878,1236.5,39,0.1323
software-arm64,host,0,fp256,32,neg,65536,55.5209,18011236,1152.7,34,0.1237
software-arm64,host,0,fp256,32,copysign,65536,55.6021,17984931,1726.6,33,0.1203
software-arm64,host,0,fp256,32,min,65536,81.5763,12258468,1176.8,22,0.1176
software-arm64,host,0,fp256,32,max,65536,79.7864,12533468,1203.2,25,0.1307
software-arm64,host,0,fp256,32,minnum,65536,79.3884,12596294,1209.2,25,0.1301
software-arm64,host,0,fp256,32,maxnum,65536,80.7641,12381742,1188.6,22,0.1164
software-arm64,host,0,fp256,32,cmplt,65536,99.4492,10055389,965.3,20,0.1303
software-arm64,host,0,fp256,32,cmple,65536,97.9004,10214464,980.6,20,0.1283
software-arm64,host,0,fp256,32,cmpeq,65536,80.2777,12456758,1195.8,25,0.1315
software-arm64,host,0,fp256,32,select,65536,56.2818,17767725,2274.3,35,0.1291
software-arm64,host,0,fp256,32,iand,65536,49.7246,20110779,1930.6,40,0.1303
software-arm64,host,0,fp256,32,ior,65536,53.0640,18845152,1809.1,38,0.1321
software-arm64,host,0,fp256,32,ixor,65536,53.2898,18765319,1801.5,35,0.1222
software-arm64,host,0,fp256,32,iadd,65536,59.5125,16803189,1613.1,33,0.1287
software-arm64,host,0,fp256,32,isub,65536,66.6758,14997940,1439.8,30,0.1311
software-arm64,host,0,fp256,32,ishl,65536,69.2438,14441718,1386.4,28,0.1271
software-arm64,host,0,fp256,32,ishr,65536,59.9380,16683920,1601.7,32,0.1257
software-arm64,host,0,fp256,32,icmplt,65536,68.3074,14639706,1405.4,27,0.1209
software-arm64,host,0,fp256,32,add,65536,323.7127,3089159,296.6,6,0.1273
software-arm64,host,0,fp256,32,sub,65536,324.7121,3079651,295.6,6,0.1277
software-arm64,host,0,fp256,32,mul,65536,236.6486,4225675,405.7,8,0.1241
software-arm64,host,0,fp256,32,fma,65536,275.2495,3633068,465.0,8,0.1443
software-arm64,host,0,fp256,32,abs,131072,51.2627,19507375,1248.5,20,0.1344
software-arm64,host,0,fp256,32,neg,131072,54.8859,18219627,1166.1,17,0.1223
software-arm64,host,0,fp256,32,copysign,131072,55.6505,17969291,1725.1,18,0.1313
software-arm64,host,0,fp256,32,min,131072,79.3299,12605594,1210.1,13,0.1352
software-arm64,host,0,fp256,32,max,131072,79.9678,12505034,1200.5,13,0.1363
software-arm64,host,0,fp256,32,minnum,131072,79.9056,12514770,1201.4,13,0.1362
software-arm64,host,0,fp256,32,maxnum,131072,79.1728,12630605,1212.5,12,0.1245
software-arm64,host,0,fp256,32,cmplt,131072,98.6298,10138928,973.3,10,0.1293
software-arm64,host,0,fp256,32,cmple,131072,99.5743,10042754,964.1,10,0.1305
software-arm64,host,0,fp256,32,cmpeq,131072,78.7559,12697463,1219.0,13,0.1342
software-arm64,host,0,fp256,32,select,131072,55.9078,17886606,2289.5,17,0.1246
software-arm64,host,0,fp256,32,iand,131072,50.2094,19916579,1912.0,20,0.1316
software-arm64,host,0,fp256,32,ior,131072,53.8346,18575409,1783.2,19,0.1341
software-arm64,host,0,fp256,32,ixor,131072,53.4708,18701792,1795.4,19,0.1332
software-arm64,host,0,fp256,32,iadd,131072,60.8950,16421719,1576.5,16,0.1277
software-arm64,host,0,fp256,32,isub,131072,67.6771,14776049,1418.5,14,0.1242
software-arm64,host,0,fp256,32,ishl,131072,69.9817,14289448,1371.8,14,0.1284
software-arm64,host,0,fp256,32,ishr,131072,59.8773,16700824,1603.3,17,0.1334
software-arm64,host,0,fp256,32,icmplt,131072,67.5171,14811065,1421.9,15,0.1327
software-arm64,host,0,fp256,32,add,131072,322.3139,3102565,297.8,3,0.1267
software-arm64,host,0,fp256,32,sub,131072,331.8659,3013265,289.3,3,0.1305
software-arm64,host,0,fp256,32,mul,131072,242.1913,4128967,396.4,4,0.1270
software-arm64,host,0,fp256,32,fma,131072,277.6241,3601992,461.1,4,0.1456
software-arm64,host,0,fp256,32,abs,262144,51.0731,19579789,1253.1,10,0.1339
software-arm64,host,0,fp256,32,neg,262144,54.7498,18264905,1169.0,9,0.1292
software-arm64,host,0,fp256,32,copysign,262144,55.2334,18104979,1738.1,9,0.1303
software-arm64,host,0,fp256,32,min,262144,79.5555,12569839,1206.7,7,0.1460
software-arm64,host,0,fp256,32,max,262144,79.0776,12645809,1214.0,7,0.1451
software-arm64,host,0,fp256,32,minnum,262144,79.8550,12522703,1202.2,6,0.1256
software-arm64,host,0,fp256,32,maxnum,262144,79.6731,12551283,1204.9,6,0.1253
software-arm64,host,0,fp256,32,cmplt,262144,97.5601,10250090,984.0,5,0.1279
software-arm64,host,0,fp256,32,cmple,262144,97.4747,10259075,984.9,5,0.1278
software-arm64,host,0,fp256,32,cmpeq,262144,79.6496,12554990,1205.3,6,0.1253
software-arm64,host,0,fp256,32,select,262144,55.9281,17880092,2288.7,9,0.1320
software-arm64,host,0,fp256,32,iand,262144,49.3813,20250599,1944.1,10,0.1295
software-arm64,host,0,fp256,32,ior,262144,53.5099,18688130,1794.1,10,0.1403
software-arm64,host,0,fp256,32,ixor,262144,52.5686,19022745,1826.2,9,0.1240
software-arm64,host,0,fp256,32,iadd,262144,60.1730,16618740,1595.4,8,0.1262
software-arm64,host,0,fp256,32,isub,262144,66.8624,14956094,1435.8,7,0.1227
software-arm64,host,0,fp256,32,ishl,262144,69.1703,14457078,1387.9,7,0.1269
software-arm64,host,0,fp256,32,ishr,262144,60.1624,16621667,1595.7,9,0.1419
software-arm64,host,0,fp256,32,icmplt,262144,68.4673,14605517,1402.1,7,0.1256
software-arm64,host,0,fp256,32,add,262144,320.9629,3115625,299.1,2,0.1683
software-arm64,host,0,fp256,32,sub,262144,331.0356,3020823,290.0,2,0.1736
software-arm64,host,0,fp256,32,mul,262144,241.9205,4133590,396.8,2,0.1268
software-arm64,host,0,fp256,32,fma,262144,274.1909,3647094,466.8,2,0.1438
software-arm64,host,0,fp256,32,abs,524288,51.0956,19571164,1252.6,5,0.1339
software-arm64,host,0,fp256,32,neg,524288,55.3360,18071419,1156.6,5,0.1451
software-arm64,host,0,fp256,32,copysign,524288,54.5185,18342395,1760.9,5,0.1429
software-arm64,host,0,fp256,32,min,524288,80.0929,12485500,1198.6,4,0.1680
software-arm64,host,0,fp256,32,max,524288,79.5527,12570291,1206.7,4,0.1668
software-arm64,host,0,fp256,32,minnum,524288,79.5911,12564216,1206.2,3,0.1252
software-arm64,host,0,fp256,32,maxnum,524288,79.1326,12637024,1213.2,4,0.1660
software-arm64,host,0,fp256,32,cmplt,524288,97.4051,10266401,985.6,3,0.1532
software-arm64,host,0,fp256,32,cmple,524288,98.4065,10161933,975.5,3,0.1548
software-arm64,host,0,fp256,32,cmpeq,524288,79.5135,12576473,1207.3,3,0.1251
software-arm64,host,0,fp256,32,select,524288,55.8979,17889759,2289.9,5,0.1465
software-arm64,host,0,fp256,32,iand,524288,49.7726,20091358,1928.8,5,0.1305
software-arm64,host,0,fp256,32,ior,524288,53.5164,18685865,1793.8,5,0.1403
software-arm64,host,0,fp256,32,ixor,524288,52.8076,18936662,1817.9,5,0.1384
software-arm64,host,0,fp256,32,iadd,524288,60.1006,16638781,1597.3,4,0.1260
software-arm64,host,0,fp256,32,isub,524288,67.0214,14920614,1432.4,4,0.1406
software-arm64,host,0,fp256,32,ishl,524288,70.8928,14105803,1354.2,4,0.1487
software-arm64,host,0,fp256,32,ishr,524288,61.0495,16380161,1572.5,4,0.1280
software-arm64,host,0,fp256,32,icmplt,524288,68.8977,14514268,1393.4,4,0.1445
software-arm64,host,0,fp256,32,add,524288,324.3828,3082778,295.9,1,0.1701
software-arm64,host,0,fp256,32,sub,524288,328.0163,3048629,292.7,1,0.1720
software-arm64,host,0,fp256,32,mul,524288,239.0614,4183027,401.6,1,0.1253
software-arm64,host,0,fp256,32,fma,524288,279.1481,3582328,458.5,1,0.1464
software-arm64,host,0,fp256,32,abs,1048576,51.0410,19592105,1253.9,3,0.1606
software-arm64,host,0,fp256,32,neg,1048576,55.6227,17978260,1150.6,3,0.1750
software-arm64,host,0,fp256,32,copysign,1048576,55.7750,17929178,1721.2,3,0.1755
software-arm64,host,0,fp256,32,min,1048576,80.1792,12472060,1197.3,2,0.1681
software-arm64,host,0,fp256,32,max,1048576,79.5555,12569839,1206.7,2,0.1668
software-arm64,host,0,fp256,32,minnum,1048576,79.3586,12601032,1209.7,2,0.1664
software-arm64,host,0,fp256,32,maxnum,1048576,78.7888,12692166,1218.4,2,0.1652
software-arm64,host,0,fp256,32,cmplt,1048576,98.4812,10154225,974.8,1,0.1033
software-arm64,host,0,fp256,32,cmple,1048576,98.9742,10103640,969.9,1,0.1038
software-arm64,host,0,fp256,32,cmpeq,1048576,79.5140,12576397,1207.3,2,0.1668
software-arm64,host,0,fp256,32,select,1048576,55.8694,17898879,2291.1,3,0.1757
software-arm64,host,0,fp256,32,iand,1048576,49.5259,20191457,1938.4,3,0.1558
software-arm64,host,0,fp256,32,ior,1048576,53.7637,18599908,1785.6,3,0.1691
software-arm64,host,0,fp256,32,ixor,1048576,53.1896,18800669,1804.9,3,0.1673
software-arm64,host,0,fp256,32,iadd,1048576,60.3032,16582865,1592.0,2,0.1265
software-arm64,host,0,fp256,32,isub,1048576,66.8650,14955515,1435.7,2,0.1402
software-arm64,host,0,fp256,32,ishl,1048576,69.6788,14351571,1377.8,2,0.1461
software-arm64,host,0,fp256,32,ishr,1048576,59.7579,16734198,1606.5,3,0.1880
software-arm64,host,0,fp256,32,icmplt,1048576,68.3861,14622859,1403.8,2,0.1434
software-arm64,host,0,fp256,32,add,1048576,322.6671,3099169,297.5,1,0.3383
software-arm64,host,0,fp256,32,sub,1048576,330.2679,3027845,290.7,1,0.3463
software-arm64,host,0,fp256,32,mul,1048576,240.9430,4150360,398.4,1,0.2526
software-arm64,host,0,fp256,32,fma,1048576,273.3822,3657883,468.2,1,0.2867
software-arm64,host,0,fp256,32,abs,2097152,51.7454,19325384,1236.8,1,0.1085
software-arm64,host,0,fp256,32,neg,2097152,55.2249,18107775,1158.9,1,0.1158
software-arm64,host,0,fp256,32,copysign,2097152,55.7623,17933266,1721.6,1,0.1169
software-arm64,host,0,fp256,32,min,2097152,80.0376,12494129,1199.4,1,0.1679
software-arm64,host,0,fp256,32,max,2097152,80.1549,12475844,1197.7,1,0.1681
software-arm64,host,0,fp256,32,minnum,2097152,79.6351,12557270,1205.5,1,0.1670
software-arm64,host,0,fp256,32,maxnum,2097152,79.5269,12574361,1207.1,1,0.1668
software-arm64,host,0,fp256,32,cmplt,2097152,98.3934,10163279,975.7,1,0.2063
software-arm64,host,0,fp256,32,cmple,2097152,99.2165,10078973,967.6,1,0.2081
software-arm64,host,0,fp256,32,cmpeq,2097152,79.3920,12595734,1209.2,1,0.1665
software-arm64,host,0,fp256,32,select,2097152,55.7790,17927900,2294.8,1,0.1170
software-arm64,host,0,fp256,32,iand,2097152,49.4633,20217021,1940.8,1,0.1037
software-arm64,host,0,fp256,32,ior,2097152,53.3090,18758571,1800.8,1,0.1118
software-arm64,host,0,fp256,32,ixor,2097152,53.8158,18581889,1783.9,1,0.1129
software-arm64,host,0,fp256,32,iadd,2097152,60.2598,16594806,1593.1,1,0.1264
software-arm64,host,0,fp256,32,isub,2097152,67.2598,14867724,1427.3,1,0.1411
software-arm64,host,0,fp256,32,ishl,2097152,70.9653,14091396,1352.8,1,0.1488
software-arm64,host,0,fp256,32,ishr,2097152,59.9103,16691621,1602.4,1,0.1256
software-arm64,host,0,fp256,32,icmplt,2097152,68.9907,14494706,1391.5,1,0.1447
software-arm64,host,0,fp256,32,add,2097152,322.1512,3104133,298.0,1,0.6756
software-arm64,host,0,fp256,32,sub,2097152,326.2892,3064766,294.2,1,0.6843
software-arm64,host,0,fp256,32,mul,2097152,239.0656,4182951,401.6,1,0.5014
software-arm64,host,0,fp256,32,fma,2097152,274.8137,3638829,465.8,1,0.5763
software-arm64,host,0,fp256,32,abs,4194304,52.7093,18971969,1214.2,1,0.2211
software-arm64,host,0,fp256,32,neg,4194304,55.5799,17992116,1151.5,1,0.2331
software-arm64,host,0,fp256,32,copysign,4194304,55.6188,17979544,1726.0,1,0.2333
software-arm64,host,0,fp256,32,min,4194304,81.3386,12294279,1180.3,1,0.3412
software-arm64,host,0,fp256,32,max,4194304,79.7448,12540000,1203.8,1,0.3345
software-arm64,host,0,fp256,32,minnum,4194304,79.7360,12541387,1204.0,1,0.3344
software-arm64,host,0,fp256,32,maxnum,4194304,78.8555,12681421,1217.4,1,0.3307
software-arm64,host,0,fp256,32,cmplt,4194304,98.5742,10144646,973.9,1,0.4134
software-arm64,host,0,fp256,32,cmple,4194304,98.5596,10146143,974.0,1,0.4134
software-arm64,host,0,fp256,32,cmpeq,4194304,79.9222,12512168,1201.2,1,0.3352
software-arm64,host,0,fp256,32,select,4194304,55.4073,18048168,2310.2,1,0.2324
software-arm64,host,0,fp256,32,iand,4194304,50.3609,19856667,1906.2,1,0.2112
software-arm64,host,0,fp256,32,ior,4194304,52.7236,18966822,1820.8,1,0.2211
software-arm64,host,0,fp256,32,ixor,4194304,52.9251,18894623,1813.9,1,0.2220
software-arm64,host,0,fp256,32,iadd,4194304,59.9806,16672049,1600.5,1,0.2516
software-arm64,host,0,fp256,32,isub,4194304,68.0246,14700557,1411.3,1,0.2853
software-arm64,host,0,fp256,32,ishl,4194304,70.1749,14250103,1368.0,1,0.2943
software-arm64,host,0,fp256,32,ishr,4194304,60.5202,16523416,1586.2,1,0.2538
software-arm64,host,0,fp256,32,icmplt,4194304,68.4719,14604529,1402.0,1,0.2872
software-arm64,host,0,fp256,32,add,4194304,323.6816,3089456,296.6,1,1.3576
software-arm64,host,0,fp256,32,sub,4194304,327.9333,3049400,292.7,1,1.3755
software-arm64,host,0,fp256,32,mul,4194304,239.9712,4167167,400.0,1,1.0065
software-arm64,host,0,fp256,32,fma,4194304,274.2238,3646656,466.8,1,1.1502
